/*--------------------------------*- C++ -*----------------------------------*\
| =========                 |                                                 |
| \\      /  F ield         | OpenFOAM: The Open Source CFD Toolbox           |
|  \\    /   O peration     | Version:                                        |
|   \\  /    A nd           | Website:  www.openfoam.com                      |
|    \\/     M anipulation  |                                                 |
\*---------------------------------------------------------------------------*/
FoamFile
{
    version     2.0;
    format      ascii;
    class       faceList;
    location    "constant/polyMesh";
    object      faces;
}
// * * * * * * * * * * * * * * * * * * * * * * * * * * * * * * * * * * * * * //


4690
(
4(1 66 1301 1236)
4(65 1300 1301 66)
4(2 67 1302 1237)
4(66 1301 1302 67)
4(3 68 1303 1238)
4(67 1302 1303 68)
4(4 69 1304 1239)
4(68 1303 1304 69)
4(5 70 1305 1240)
4(69 1304 1305 70)
4(6 71 1306 1241)
4(70 1305 1306 71)
4(7 72 1307 1242)
4(71 1306 1307 72)
4(8 73 1308 1243)
4(72 1307 1308 73)
4(9 74 1309 1244)
4(73 1308 1309 74)
4(10 75 1310 1245)
4(74 1309 1310 75)
4(11 76 1311 1246)
4(75 1310 1311 76)
4(12 77 1312 1247)
4(76 1311 1312 77)
4(13 78 1313 1248)
4(77 1312 1313 78)
4(14 79 1314 1249)
4(78 1313 1314 79)
4(15 80 1315 1250)
4(79 1314 1315 80)
4(16 81 1316 1251)
4(80 1315 1316 81)
4(17 82 1317 1252)
4(81 1316 1317 82)
4(18 83 1318 1253)
4(82 1317 1318 83)
4(19 84 1319 1254)
4(83 1318 1319 84)
4(20 85 1320 1255)
4(84 1319 1320 85)
4(21 86 1321 1256)
4(85 1320 1321 86)
4(22 87 1322 1257)
4(86 1321 1322 87)
4(23 88 1323 1258)
4(87 1322 1323 88)
4(24 89 1324 1259)
4(88 1323 1324 89)
4(25 90 1325 1260)
4(89 1324 1325 90)
4(26 91 1326 1261)
4(90 1325 1326 91)
4(27 92 1327 1262)
4(91 1326 1327 92)
4(28 93 1328 1263)
4(92 1327 1328 93)
4(29 94 1329 1264)
4(93 1328 1329 94)
4(30 95 1330 1265)
4(94 1329 1330 95)
4(31 96 1331 1266)
4(95 1330 1331 96)
4(32 97 1332 1267)
4(96 1331 1332 97)
4(33 98 1333 1268)
4(97 1332 1333 98)
4(34 99 1334 1269)
4(98 1333 1334 99)
4(35 100 1335 1270)
4(99 1334 1335 100)
4(36 101 1336 1271)
4(100 1335 1336 101)
4(37 102 1337 1272)
4(101 1336 1337 102)
4(38 103 1338 1273)
4(102 1337 1338 103)
4(39 104 1339 1274)
4(103 1338 1339 104)
4(40 105 1340 1275)
4(104 1339 1340 105)
4(41 106 1341 1276)
4(105 1340 1341 106)
4(42 107 1342 1277)
4(106 1341 1342 107)
4(43 108 1343 1278)
4(107 1342 1343 108)
4(44 109 1344 1279)
4(108 1343 1344 109)
4(45 110 1345 1280)
4(109 1344 1345 110)
4(46 111 1346 1281)
4(110 1345 1346 111)
4(47 112 1347 1282)
4(111 1346 1347 112)
4(48 113 1348 1283)
4(112 1347 1348 113)
4(49 114 1349 1284)
4(113 1348 1349 114)
4(50 115 1350 1285)
4(114 1349 1350 115)
4(51 116 1351 1286)
4(115 1350 1351 116)
4(52 117 1352 1287)
4(116 1351 1352 117)
4(53 118 1353 1288)
4(117 1352 1353 118)
4(54 119 1354 1289)
4(118 1353 1354 119)
4(55 120 1355 1290)
4(119 1354 1355 120)
4(56 121 1356 1291)
4(120 1355 1356 121)
4(57 122 1357 1292)
4(121 1356 1357 122)
4(58 123 1358 1293)
4(122 1357 1358 123)
4(59 124 1359 1294)
4(123 1358 1359 124)
4(60 125 1360 1295)
4(124 1359 1360 125)
4(61 126 1361 1296)
4(125 1360 1361 126)
4(62 127 1362 1297)
4(126 1361 1362 127)
4(63 128 1363 1298)
4(127 1362 1363 128)
4(128 1363 1364 129)
4(66 131 1366 1301)
4(130 1365 1366 131)
4(67 132 1367 1302)
4(131 1366 1367 132)
4(68 133 1368 1303)
4(132 1367 1368 133)
4(69 134 1369 1304)
4(133 1368 1369 134)
4(70 135 1370 1305)
4(134 1369 1370 135)
4(71 136 1371 1306)
4(135 1370 1371 136)
4(72 137 1372 1307)
4(136 1371 1372 137)
4(73 138 1373 1308)
4(137 1372 1373 138)
4(74 139 1374 1309)
4(138 1373 1374 139)
4(75 140 1375 1310)
4(139 1374 1375 140)
4(76 141 1376 1311)
4(140 1375 1376 141)
4(77 142 1377 1312)
4(141 1376 1377 142)
4(78 143 1378 1313)
4(142 1377 1378 143)
4(79 144 1379 1314)
4(143 1378 1379 144)
4(80 145 1380 1315)
4(144 1379 1380 145)
4(81 146 1381 1316)
4(145 1380 1381 146)
4(82 147 1382 1317)
4(146 1381 1382 147)
4(83 148 1383 1318)
4(147 1382 1383 148)
4(84 149 1384 1319)
4(148 1383 1384 149)
4(85 150 1385 1320)
4(149 1384 1385 150)
4(86 151 1386 1321)
4(150 1385 1386 151)
4(87 152 1387 1322)
4(151 1386 1387 152)
4(88 153 1388 1323)
4(152 1387 1388 153)
4(89 154 1389 1324)
4(153 1388 1389 154)
4(90 155 1390 1325)
4(154 1389 1390 155)
4(91 156 1391 1326)
4(155 1390 1391 156)
4(92 157 1392 1327)
4(156 1391 1392 157)
4(93 158 1393 1328)
4(157 1392 1393 158)
4(94 159 1394 1329)
4(158 1393 1394 159)
4(95 160 1395 1330)
4(159 1394 1395 160)
4(96 161 1396 1331)
4(160 1395 1396 161)
4(97 162 1397 1332)
4(161 1396 1397 162)
4(98 163 1398 1333)
4(162 1397 1398 163)
4(99 164 1399 1334)
4(163 1398 1399 164)
4(100 165 1400 1335)
4(164 1399 1400 165)
4(101 166 1401 1336)
4(165 1400 1401 166)
4(102 167 1402 1337)
4(166 1401 1402 167)
4(103 168 1403 1338)
4(167 1402 1403 168)
4(104 169 1404 1339)
4(168 1403 1404 169)
4(105 170 1405 1340)
4(169 1404 1405 170)
4(106 171 1406 1341)
4(170 1405 1406 171)
4(107 172 1407 1342)
4(171 1406 1407 172)
4(108 173 1408 1343)
4(172 1407 1408 173)
4(109 174 1409 1344)
4(173 1408 1409 174)
4(110 175 1410 1345)
4(174 1409 1410 175)
4(111 176 1411 1346)
4(175 1410 1411 176)
4(112 177 1412 1347)
4(176 1411 1412 177)
4(113 178 1413 1348)
4(177 1412 1413 178)
4(114 179 1414 1349)
4(178 1413 1414 179)
4(115 180 1415 1350)
4(179 1414 1415 180)
4(116 181 1416 1351)
4(180 1415 1416 181)
4(117 182 1417 1352)
4(181 1416 1417 182)
4(118 183 1418 1353)
4(182 1417 1418 183)
4(119 184 1419 1354)
4(183 1418 1419 184)
4(120 185 1420 1355)
4(184 1419 1420 185)
4(121 186 1421 1356)
4(185 1420 1421 186)
4(122 187 1422 1357)
4(186 1421 1422 187)
4(123 188 1423 1358)
4(187 1422 1423 188)
4(124 189 1424 1359)
4(188 1423 1424 189)
4(125 190 1425 1360)
4(189 1424 1425 190)
4(126 191 1426 1361)
4(190 1425 1426 191)
4(127 192 1427 1362)
4(191 1426 1427 192)
4(128 193 1428 1363)
4(192 1427 1428 193)
4(193 1428 1429 194)
4(131 196 1431 1366)
4(195 1430 1431 196)
4(132 197 1432 1367)
4(196 1431 1432 197)
4(133 198 1433 1368)
4(197 1432 1433 198)
4(134 199 1434 1369)
4(198 1433 1434 199)
4(135 200 1435 1370)
4(199 1434 1435 200)
4(136 201 1436 1371)
4(200 1435 1436 201)
4(137 202 1437 1372)
4(201 1436 1437 202)
4(138 203 1438 1373)
4(202 1437 1438 203)
4(139 204 1439 1374)
4(203 1438 1439 204)
4(140 205 1440 1375)
4(204 1439 1440 205)
4(141 206 1441 1376)
4(205 1440 1441 206)
4(142 207 1442 1377)
4(206 1441 1442 207)
4(143 208 1443 1378)
4(207 1442 1443 208)
4(144 209 1444 1379)
4(208 1443 1444 209)
4(145 210 1445 1380)
4(209 1444 1445 210)
4(146 211 1446 1381)
4(210 1445 1446 211)
4(147 212 1447 1382)
4(211 1446 1447 212)
4(148 213 1448 1383)
4(212 1447 1448 213)
4(149 214 1449 1384)
4(213 1448 1449 214)
4(150 215 1450 1385)
4(214 1449 1450 215)
4(151 216 1451 1386)
4(215 1450 1451 216)
4(152 217 1452 1387)
4(216 1451 1452 217)
4(153 218 1453 1388)
4(217 1452 1453 218)
4(154 219 1454 1389)
4(218 1453 1454 219)
4(155 220 1455 1390)
4(219 1454 1455 220)
4(156 221 1456 1391)
4(220 1455 1456 221)
4(157 222 1457 1392)
4(221 1456 1457 222)
4(158 223 1458 1393)
4(222 1457 1458 223)
4(159 224 1459 1394)
4(223 1458 1459 224)
4(160 225 1460 1395)
4(224 1459 1460 225)
4(161 226 1461 1396)
4(225 1460 1461 226)
4(162 227 1462 1397)
4(226 1461 1462 227)
4(163 228 1463 1398)
4(227 1462 1463 228)
4(164 229 1464 1399)
4(228 1463 1464 229)
4(165 230 1465 1400)
4(229 1464 1465 230)
4(166 231 1466 1401)
4(230 1465 1466 231)
4(167 232 1467 1402)
4(231 1466 1467 232)
4(168 233 1468 1403)
4(232 1467 1468 233)
4(169 234 1469 1404)
4(233 1468 1469 234)
4(170 235 1470 1405)
4(234 1469 1470 235)
4(171 236 1471 1406)
4(235 1470 1471 236)
4(172 237 1472 1407)
4(236 1471 1472 237)
4(173 238 1473 1408)
4(237 1472 1473 238)
4(174 239 1474 1409)
4(238 1473 1474 239)
4(175 240 1475 1410)
4(239 1474 1475 240)
4(176 241 1476 1411)
4(240 1475 1476 241)
4(177 242 1477 1412)
4(241 1476 1477 242)
4(178 243 1478 1413)
4(242 1477 1478 243)
4(179 244 1479 1414)
4(243 1478 1479 244)
4(180 245 1480 1415)
4(244 1479 1480 245)
4(181 246 1481 1416)
4(245 1480 1481 246)
4(182 247 1482 1417)
4(246 1481 1482 247)
4(183 248 1483 1418)
4(247 1482 1483 248)
4(184 249 1484 1419)
4(248 1483 1484 249)
4(185 250 1485 1420)
4(249 1484 1485 250)
4(186 251 1486 1421)
4(250 1485 1486 251)
4(187 252 1487 1422)
4(251 1486 1487 252)
4(188 253 1488 1423)
4(252 1487 1488 253)
4(189 254 1489 1424)
4(253 1488 1489 254)
4(190 255 1490 1425)
4(254 1489 1490 255)
4(191 256 1491 1426)
4(255 1490 1491 256)
4(192 257 1492 1427)
4(256 1491 1492 257)
4(193 258 1493 1428)
4(257 1492 1493 258)
4(258 1493 1494 259)
4(196 261 1496 1431)
4(260 1495 1496 261)
4(197 262 1497 1432)
4(261 1496 1497 262)
4(198 263 1498 1433)
4(262 1497 1498 263)
4(199 264 1499 1434)
4(263 1498 1499 264)
4(200 265 1500 1435)
4(264 1499 1500 265)
4(201 266 1501 1436)
4(265 1500 1501 266)
4(202 267 1502 1437)
4(266 1501 1502 267)
4(203 268 1503 1438)
4(267 1502 1503 268)
4(204 269 1504 1439)
4(268 1503 1504 269)
4(205 270 1505 1440)
4(269 1504 1505 270)
4(206 271 1506 1441)
4(270 1505 1506 271)
4(207 272 1507 1442)
4(271 1506 1507 272)
4(208 273 1508 1443)
4(272 1507 1508 273)
4(209 274 1509 1444)
4(273 1508 1509 274)
4(210 275 1510 1445)
4(274 1509 1510 275)
4(211 276 1511 1446)
4(275 1510 1511 276)
4(212 277 1512 1447)
4(276 1511 1512 277)
4(213 278 1513 1448)
4(277 1512 1513 278)
4(214 279 1514 1449)
4(278 1513 1514 279)
4(215 280 1515 1450)
4(279 1514 1515 280)
4(216 281 1516 1451)
4(280 1515 1516 281)
4(217 282 1517 1452)
4(281 1516 1517 282)
4(218 283 1518 1453)
4(282 1517 1518 283)
4(219 284 1519 1454)
4(283 1518 1519 284)
4(220 285 1520 1455)
4(284 1519 1520 285)
4(221 286 1521 1456)
4(285 1520 1521 286)
4(222 287 1522 1457)
4(286 1521 1522 287)
4(223 288 1523 1458)
4(287 1522 1523 288)
4(224 289 1524 1459)
4(288 1523 1524 289)
4(225 290 1525 1460)
4(289 1524 1525 290)
4(226 291 1526 1461)
4(290 1525 1526 291)
4(227 292 1527 1462)
4(291 1526 1527 292)
4(228 293 1528 1463)
4(292 1527 1528 293)
4(229 294 1529 1464)
4(293 1528 1529 294)
4(230 295 1530 1465)
4(294 1529 1530 295)
4(231 296 1531 1466)
4(295 1530 1531 296)
4(232 297 1532 1467)
4(296 1531 1532 297)
4(233 298 1533 1468)
4(297 1532 1533 298)
4(234 299 1534 1469)
4(298 1533 1534 299)
4(235 300 1535 1470)
4(299 1534 1535 300)
4(236 301 1536 1471)
4(300 1535 1536 301)
4(237 302 1537 1472)
4(301 1536 1537 302)
4(238 303 1538 1473)
4(302 1537 1538 303)
4(239 304 1539 1474)
4(303 1538 1539 304)
4(240 305 1540 1475)
4(304 1539 1540 305)
4(241 306 1541 1476)
4(305 1540 1541 306)
4(242 307 1542 1477)
4(306 1541 1542 307)
4(243 308 1543 1478)
4(307 1542 1543 308)
4(244 309 1544 1479)
4(308 1543 1544 309)
4(245 310 1545 1480)
4(309 1544 1545 310)
4(246 311 1546 1481)
4(310 1545 1546 311)
4(247 312 1547 1482)
4(311 1546 1547 312)
4(248 313 1548 1483)
4(312 1547 1548 313)
4(249 314 1549 1484)
4(313 1548 1549 314)
4(250 315 1550 1485)
4(314 1549 1550 315)
4(251 316 1551 1486)
4(315 1550 1551 316)
4(252 317 1552 1487)
4(316 1551 1552 317)
4(253 318 1553 1488)
4(317 1552 1553 318)
4(254 319 1554 1489)
4(318 1553 1554 319)
4(255 320 1555 1490)
4(319 1554 1555 320)
4(256 321 1556 1491)
4(320 1555 1556 321)
4(257 322 1557 1492)
4(321 1556 1557 322)
4(258 323 1558 1493)
4(322 1557 1558 323)
4(323 1558 1559 324)
4(261 326 1561 1496)
4(325 1560 1561 326)
4(262 327 1562 1497)
4(326 1561 1562 327)
4(263 328 1563 1498)
4(327 1562 1563 328)
4(264 329 1564 1499)
4(328 1563 1564 329)
4(265 330 1565 1500)
4(329 1564 1565 330)
4(266 331 1566 1501)
4(330 1565 1566 331)
4(267 332 1567 1502)
4(331 1566 1567 332)
4(268 333 1568 1503)
4(332 1567 1568 333)
4(269 334 1569 1504)
4(333 1568 1569 334)
4(270 335 1570 1505)
4(334 1569 1570 335)
4(271 336 1571 1506)
4(335 1570 1571 336)
4(272 337 1572 1507)
4(336 1571 1572 337)
4(273 338 1573 1508)
4(337 1572 1573 338)
4(274 339 1574 1509)
4(338 1573 1574 339)
4(275 340 1575 1510)
4(339 1574 1575 340)
4(276 341 1576 1511)
4(340 1575 1576 341)
4(277 342 1577 1512)
4(341 1576 1577 342)
4(278 343 1578 1513)
4(342 1577 1578 343)
4(279 344 1579 1514)
4(343 1578 1579 344)
4(280 345 1580 1515)
4(344 1579 1580 345)
4(281 346 1581 1516)
4(345 1580 1581 346)
4(282 347 1582 1517)
4(346 1581 1582 347)
4(283 348 1583 1518)
4(347 1582 1583 348)
4(284 349 1584 1519)
4(348 1583 1584 349)
4(285 350 1585 1520)
4(349 1584 1585 350)
4(286 351 1586 1521)
4(350 1585 1586 351)
4(287 352 1587 1522)
4(351 1586 1587 352)
4(288 353 1588 1523)
4(352 1587 1588 353)
4(289 354 1589 1524)
4(353 1588 1589 354)
4(290 355 1590 1525)
4(354 1589 1590 355)
4(291 356 1591 1526)
4(355 1590 1591 356)
4(292 357 1592 1527)
4(356 1591 1592 357)
4(293 358 1593 1528)
4(357 1592 1593 358)
4(294 359 1594 1529)
4(358 1593 1594 359)
4(295 360 1595 1530)
4(359 1594 1595 360)
4(296 361 1596 1531)
4(360 1595 1596 361)
4(297 362 1597 1532)
4(361 1596 1597 362)
4(298 363 1598 1533)
4(362 1597 1598 363)
4(299 364 1599 1534)
4(363 1598 1599 364)
4(300 365 1600 1535)
4(364 1599 1600 365)
4(301 366 1601 1536)
4(365 1600 1601 366)
4(302 367 1602 1537)
4(366 1601 1602 367)
4(303 368 1603 1538)
4(367 1602 1603 368)
4(304 369 1604 1539)
4(368 1603 1604 369)
4(305 370 1605 1540)
4(369 1604 1605 370)
4(306 371 1606 1541)
4(370 1605 1606 371)
4(307 372 1607 1542)
4(371 1606 1607 372)
4(308 373 1608 1543)
4(372 1607 1608 373)
4(309 374 1609 1544)
4(373 1608 1609 374)
4(310 375 1610 1545)
4(374 1609 1610 375)
4(311 376 1611 1546)
4(375 1610 1611 376)
4(312 377 1612 1547)
4(376 1611 1612 377)
4(313 378 1613 1548)
4(377 1612 1613 378)
4(314 379 1614 1549)
4(378 1613 1614 379)
4(315 380 1615 1550)
4(379 1614 1615 380)
4(316 381 1616 1551)
4(380 1615 1616 381)
4(317 382 1617 1552)
4(381 1616 1617 382)
4(318 383 1618 1553)
4(382 1617 1618 383)
4(319 384 1619 1554)
4(383 1618 1619 384)
4(320 385 1620 1555)
4(384 1619 1620 385)
4(321 386 1621 1556)
4(385 1620 1621 386)
4(322 387 1622 1557)
4(386 1621 1622 387)
4(323 388 1623 1558)
4(387 1622 1623 388)
4(388 1623 1624 389)
4(326 391 1626 1561)
4(390 1625 1626 391)
4(327 392 1627 1562)
4(391 1626 1627 392)
4(328 393 1628 1563)
4(392 1627 1628 393)
4(329 394 1629 1564)
4(393 1628 1629 394)
4(330 395 1630 1565)
4(394 1629 1630 395)
4(331 396 1631 1566)
4(395 1630 1631 396)
4(332 397 1632 1567)
4(396 1631 1632 397)
4(333 398 1633 1568)
4(397 1632 1633 398)
4(334 399 1634 1569)
4(398 1633 1634 399)
4(335 400 1635 1570)
4(399 1634 1635 400)
4(336 401 1636 1571)
4(400 1635 1636 401)
4(337 402 1637 1572)
4(401 1636 1637 402)
4(338 403 1638 1573)
4(402 1637 1638 403)
4(339 404 1639 1574)
4(403 1638 1639 404)
4(340 405 1640 1575)
4(404 1639 1640 405)
4(341 406 1641 1576)
4(405 1640 1641 406)
4(342 407 1642 1577)
4(406 1641 1642 407)
4(343 408 1643 1578)
4(407 1642 1643 408)
4(344 409 1644 1579)
4(408 1643 1644 409)
4(345 410 1645 1580)
4(409 1644 1645 410)
4(346 411 1646 1581)
4(410 1645 1646 411)
4(347 412 1647 1582)
4(411 1646 1647 412)
4(348 413 1648 1583)
4(412 1647 1648 413)
4(349 414 1649 1584)
4(413 1648 1649 414)
4(350 415 1650 1585)
4(414 1649 1650 415)
4(351 416 1651 1586)
4(415 1650 1651 416)
4(352 417 1652 1587)
4(416 1651 1652 417)
4(353 418 1653 1588)
4(417 1652 1653 418)
4(354 419 1654 1589)
4(418 1653 1654 419)
4(355 420 1655 1590)
4(419 1654 1655 420)
4(356 421 1656 1591)
4(420 1655 1656 421)
4(357 422 1657 1592)
4(421 1656 1657 422)
4(358 423 1658 1593)
4(422 1657 1658 423)
4(359 424 1659 1594)
4(423 1658 1659 424)
4(360 425 1660 1595)
4(424 1659 1660 425)
4(361 426 1661 1596)
4(425 1660 1661 426)
4(362 427 1662 1597)
4(426 1661 1662 427)
4(363 428 1663 1598)
4(427 1662 1663 428)
4(364 429 1664 1599)
4(428 1663 1664 429)
4(365 430 1665 1600)
4(429 1664 1665 430)
4(366 431 1666 1601)
4(430 1665 1666 431)
4(367 432 1667 1602)
4(431 1666 1667 432)
4(368 433 1668 1603)
4(432 1667 1668 433)
4(369 434 1669 1604)
4(433 1668 1669 434)
4(370 435 1670 1605)
4(434 1669 1670 435)
4(371 436 1671 1606)
4(435 1670 1671 436)
4(372 437 1672 1607)
4(436 1671 1672 437)
4(373 438 1673 1608)
4(437 1672 1673 438)
4(374 439 1674 1609)
4(438 1673 1674 439)
4(375 440 1675 1610)
4(439 1674 1675 440)
4(376 441 1676 1611)
4(440 1675 1676 441)
4(377 442 1677 1612)
4(441 1676 1677 442)
4(378 443 1678 1613)
4(442 1677 1678 443)
4(379 444 1679 1614)
4(443 1678 1679 444)
4(380 445 1680 1615)
4(444 1679 1680 445)
4(381 446 1681 1616)
4(445 1680 1681 446)
4(382 447 1682 1617)
4(446 1681 1682 447)
4(383 448 1683 1618)
4(447 1682 1683 448)
4(384 449 1684 1619)
4(448 1683 1684 449)
4(385 450 1685 1620)
4(449 1684 1685 450)
4(386 451 1686 1621)
4(450 1685 1686 451)
4(387 452 1687 1622)
4(451 1686 1687 452)
4(388 453 1688 1623)
4(452 1687 1688 453)
4(453 1688 1689 454)
4(391 456 1691 1626)
4(455 1690 1691 456)
4(392 457 1692 1627)
4(456 1691 1692 457)
4(393 458 1693 1628)
4(457 1692 1693 458)
4(394 459 1694 1629)
4(458 1693 1694 459)
4(395 460 1695 1630)
4(459 1694 1695 460)
4(396 461 1696 1631)
4(460 1695 1696 461)
4(397 462 1697 1632)
4(461 1696 1697 462)
4(398 463 1698 1633)
4(462 1697 1698 463)
4(399 464 1699 1634)
4(463 1698 1699 464)
4(400 465 1700 1635)
4(464 1699 1700 465)
4(401 466 1701 1636)
4(465 1700 1701 466)
4(402 467 1702 1637)
4(466 1701 1702 467)
4(403 468 1703 1638)
4(467 1702 1703 468)
4(404 469 1704 1639)
4(468 1703 1704 469)
4(405 470 1705 1640)
4(469 1704 1705 470)
4(406 471 1706 1641)
4(470 1705 1706 471)
4(407 472 1707 1642)
4(471 1706 1707 472)
4(408 473 1708 1643)
4(472 1707 1708 473)
4(409 474 1709 1644)
4(473 1708 1709 474)
4(410 475 1710 1645)
4(474 1709 1710 475)
4(411 476 1711 1646)
4(475 1710 1711 476)
4(412 477 1712 1647)
4(476 1711 1712 477)
4(413 478 1713 1648)
4(477 1712 1713 478)
4(414 479 1714 1649)
4(478 1713 1714 479)
4(415 480 1715 1650)
4(479 1714 1715 480)
4(416 481 1716 1651)
4(480 1715 1716 481)
4(417 482 1717 1652)
4(481 1716 1717 482)
4(418 483 1718 1653)
4(482 1717 1718 483)
4(419 484 1719 1654)
4(483 1718 1719 484)
4(420 485 1720 1655)
4(484 1719 1720 485)
4(421 486 1721 1656)
4(485 1720 1721 486)
4(422 487 1722 1657)
4(486 1721 1722 487)
4(423 488 1723 1658)
4(487 1722 1723 488)
4(424 489 1724 1659)
4(488 1723 1724 489)
4(425 490 1725 1660)
4(489 1724 1725 490)
4(426 491 1726 1661)
4(490 1725 1726 491)
4(427 492 1727 1662)
4(491 1726 1727 492)
4(428 493 1728 1663)
4(492 1727 1728 493)
4(429 494 1729 1664)
4(493 1728 1729 494)
4(430 495 1730 1665)
4(494 1729 1730 495)
4(431 496 1731 1666)
4(495 1730 1731 496)
4(432 497 1732 1667)
4(496 1731 1732 497)
4(433 498 1733 1668)
4(497 1732 1733 498)
4(434 499 1734 1669)
4(498 1733 1734 499)
4(435 500 1735 1670)
4(499 1734 1735 500)
4(436 501 1736 1671)
4(500 1735 1736 501)
4(437 502 1737 1672)
4(501 1736 1737 502)
4(438 503 1738 1673)
4(502 1737 1738 503)
4(439 504 1739 1674)
4(503 1738 1739 504)
4(440 505 1740 1675)
4(504 1739 1740 505)
4(441 506 1741 1676)
4(505 1740 1741 506)
4(442 507 1742 1677)
4(506 1741 1742 507)
4(443 508 1743 1678)
4(507 1742 1743 508)
4(444 509 1744 1679)
4(508 1743 1744 509)
4(445 510 1745 1680)
4(509 1744 1745 510)
4(446 511 1746 1681)
4(510 1745 1746 511)
4(447 512 1747 1682)
4(511 1746 1747 512)
4(448 513 1748 1683)
4(512 1747 1748 513)
4(449 514 1749 1684)
4(513 1748 1749 514)
4(450 515 1750 1685)
4(514 1749 1750 515)
4(451 516 1751 1686)
4(515 1750 1751 516)
4(452 517 1752 1687)
4(516 1751 1752 517)
4(453 518 1753 1688)
4(517 1752 1753 518)
4(518 1753 1754 519)
4(456 521 1756 1691)
4(520 1755 1756 521)
4(457 522 1757 1692)
4(521 1756 1757 522)
4(458 523 1758 1693)
4(522 1757 1758 523)
4(459 524 1759 1694)
4(523 1758 1759 524)
4(460 525 1760 1695)
4(524 1759 1760 525)
4(461 526 1761 1696)
4(525 1760 1761 526)
4(462 527 1762 1697)
4(526 1761 1762 527)
4(463 528 1763 1698)
4(527 1762 1763 528)
4(464 529 1764 1699)
4(528 1763 1764 529)
4(465 530 1765 1700)
4(529 1764 1765 530)
4(466 531 1766 1701)
4(530 1765 1766 531)
4(467 532 1767 1702)
4(531 1766 1767 532)
4(468 533 1768 1703)
4(532 1767 1768 533)
4(469 534 1769 1704)
4(533 1768 1769 534)
4(470 535 1770 1705)
4(534 1769 1770 535)
4(471 536 1771 1706)
4(535 1770 1771 536)
4(472 537 1772 1707)
4(536 1771 1772 537)
4(473 538 1773 1708)
4(537 1772 1773 538)
4(474 539 1774 1709)
4(538 1773 1774 539)
4(475 540 1775 1710)
4(539 1774 1775 540)
4(476 541 1776 1711)
4(540 1775 1776 541)
4(477 542 1777 1712)
4(541 1776 1777 542)
4(478 543 1778 1713)
4(542 1777 1778 543)
4(479 544 1779 1714)
4(543 1778 1779 544)
4(480 545 1780 1715)
4(544 1779 1780 545)
4(481 546 1781 1716)
4(545 1780 1781 546)
4(482 547 1782 1717)
4(546 1781 1782 547)
4(483 548 1783 1718)
4(547 1782 1783 548)
4(484 549 1784 1719)
4(548 1783 1784 549)
4(485 550 1785 1720)
4(549 1784 1785 550)
4(486 551 1786 1721)
4(550 1785 1786 551)
4(487 552 1787 1722)
4(551 1786 1787 552)
4(488 553 1788 1723)
4(552 1787 1788 553)
4(489 554 1789 1724)
4(553 1788 1789 554)
4(490 555 1790 1725)
4(554 1789 1790 555)
4(491 556 1791 1726)
4(555 1790 1791 556)
4(492 557 1792 1727)
4(556 1791 1792 557)
4(493 558 1793 1728)
4(557 1792 1793 558)
4(494 559 1794 1729)
4(558 1793 1794 559)
4(495 560 1795 1730)
4(559 1794 1795 560)
4(496 561 1796 1731)
4(560 1795 1796 561)
4(497 562 1797 1732)
4(561 1796 1797 562)
4(498 563 1798 1733)
4(562 1797 1798 563)
4(499 564 1799 1734)
4(563 1798 1799 564)
4(500 565 1800 1735)
4(564 1799 1800 565)
4(501 566 1801 1736)
4(565 1800 1801 566)
4(502 567 1802 1737)
4(566 1801 1802 567)
4(503 568 1803 1738)
4(567 1802 1803 568)
4(504 569 1804 1739)
4(568 1803 1804 569)
4(505 570 1805 1740)
4(569 1804 1805 570)
4(506 571 1806 1741)
4(570 1805 1806 571)
4(507 572 1807 1742)
4(571 1806 1807 572)
4(508 573 1808 1743)
4(572 1807 1808 573)
4(509 574 1809 1744)
4(573 1808 1809 574)
4(510 575 1810 1745)
4(574 1809 1810 575)
4(511 576 1811 1746)
4(575 1810 1811 576)
4(512 577 1812 1747)
4(576 1811 1812 577)
4(513 578 1813 1748)
4(577 1812 1813 578)
4(514 579 1814 1749)
4(578 1813 1814 579)
4(515 580 1815 1750)
4(579 1814 1815 580)
4(516 581 1816 1751)
4(580 1815 1816 581)
4(517 582 1817 1752)
4(581 1816 1817 582)
4(518 583 1818 1753)
4(582 1817 1818 583)
4(583 1818 1819 584)
4(521 586 1821 1756)
4(585 1820 1821 586)
4(522 587 1822 1757)
4(586 1821 1822 587)
4(523 588 1823 1758)
4(587 1822 1823 588)
4(524 589 1824 1759)
4(588 1823 1824 589)
4(525 590 1825 1760)
4(589 1824 1825 590)
4(526 591 1826 1761)
4(590 1825 1826 591)
4(527 592 1827 1762)
4(591 1826 1827 592)
4(528 593 1828 1763)
4(592 1827 1828 593)
4(529 594 1829 1764)
4(593 1828 1829 594)
4(530 595 1830 1765)
4(594 1829 1830 595)
4(531 596 1831 1766)
4(595 1830 1831 596)
4(532 597 1832 1767)
4(596 1831 1832 597)
4(533 598 1833 1768)
4(597 1832 1833 598)
4(534 599 1834 1769)
4(598 1833 1834 599)
4(535 600 1835 1770)
4(599 1834 1835 600)
4(536 601 1836 1771)
4(600 1835 1836 601)
4(537 602 1837 1772)
4(601 1836 1837 602)
4(538 603 1838 1773)
4(602 1837 1838 603)
4(539 604 1839 1774)
4(603 1838 1839 604)
4(540 605 1840 1775)
4(604 1839 1840 605)
4(541 606 1841 1776)
4(605 1840 1841 606)
4(542 607 1842 1777)
4(606 1841 1842 607)
4(543 608 1843 1778)
4(607 1842 1843 608)
4(544 609 1844 1779)
4(608 1843 1844 609)
4(545 610 1845 1780)
4(609 1844 1845 610)
4(546 611 1846 1781)
4(610 1845 1846 611)
4(547 612 1847 1782)
4(611 1846 1847 612)
4(548 613 1848 1783)
4(612 1847 1848 613)
4(549 614 1849 1784)
4(613 1848 1849 614)
4(550 615 1850 1785)
4(614 1849 1850 615)
4(551 616 1851 1786)
4(615 1850 1851 616)
4(552 617 1852 1787)
4(616 1851 1852 617)
4(553 618 1853 1788)
4(617 1852 1853 618)
4(554 619 1854 1789)
4(618 1853 1854 619)
4(555 620 1855 1790)
4(619 1854 1855 620)
4(556 621 1856 1791)
4(620 1855 1856 621)
4(557 622 1857 1792)
4(621 1856 1857 622)
4(558 623 1858 1793)
4(622 1857 1858 623)
4(559 624 1859 1794)
4(623 1858 1859 624)
4(560 625 1860 1795)
4(624 1859 1860 625)
4(561 626 1861 1796)
4(625 1860 1861 626)
4(562 627 1862 1797)
4(626 1861 1862 627)
4(563 628 1863 1798)
4(627 1862 1863 628)
4(564 629 1864 1799)
4(628 1863 1864 629)
4(565 630 1865 1800)
4(629 1864 1865 630)
4(566 631 1866 1801)
4(630 1865 1866 631)
4(567 632 1867 1802)
4(631 1866 1867 632)
4(568 633 1868 1803)
4(632 1867 1868 633)
4(569 634 1869 1804)
4(633 1868 1869 634)
4(570 635 1870 1805)
4(634 1869 1870 635)
4(571 636 1871 1806)
4(635 1870 1871 636)
4(572 637 1872 1807)
4(636 1871 1872 637)
4(573 638 1873 1808)
4(637 1872 1873 638)
4(574 639 1874 1809)
4(638 1873 1874 639)
4(575 640 1875 1810)
4(639 1874 1875 640)
4(576 641 1876 1811)
4(640 1875 1876 641)
4(577 642 1877 1812)
4(641 1876 1877 642)
4(578 643 1878 1813)
4(642 1877 1878 643)
4(579 644 1879 1814)
4(643 1878 1879 644)
4(580 645 1880 1815)
4(644 1879 1880 645)
4(581 646 1881 1816)
4(645 1880 1881 646)
4(582 647 1882 1817)
4(646 1881 1882 647)
4(583 648 1883 1818)
4(647 1882 1883 648)
4(648 1883 1884 649)
4(586 651 1886 1821)
4(650 1885 1886 651)
4(587 652 1887 1822)
4(651 1886 1887 652)
4(588 653 1888 1823)
4(652 1887 1888 653)
4(589 654 1889 1824)
4(653 1888 1889 654)
4(590 655 1890 1825)
4(654 1889 1890 655)
4(591 656 1891 1826)
4(655 1890 1891 656)
4(592 657 1892 1827)
4(656 1891 1892 657)
4(593 658 1893 1828)
4(657 1892 1893 658)
4(594 659 1894 1829)
4(658 1893 1894 659)
4(595 660 1895 1830)
4(659 1894 1895 660)
4(596 661 1896 1831)
4(660 1895 1896 661)
4(597 662 1897 1832)
4(661 1896 1897 662)
4(598 663 1898 1833)
4(662 1897 1898 663)
4(599 664 1899 1834)
4(663 1898 1899 664)
4(600 665 1900 1835)
4(664 1899 1900 665)
4(601 666 1901 1836)
4(665 1900 1901 666)
4(602 667 1902 1837)
4(666 1901 1902 667)
4(603 668 1903 1838)
4(667 1902 1903 668)
4(604 669 1904 1839)
4(668 1903 1904 669)
4(605 670 1905 1840)
4(669 1904 1905 670)
4(606 671 1906 1841)
4(670 1905 1906 671)
4(607 672 1907 1842)
4(671 1906 1907 672)
4(608 673 1908 1843)
4(672 1907 1908 673)
4(609 674 1909 1844)
4(673 1908 1909 674)
4(610 675 1910 1845)
4(674 1909 1910 675)
4(611 676 1911 1846)
4(675 1910 1911 676)
4(612 677 1912 1847)
4(676 1911 1912 677)
4(613 678 1913 1848)
4(677 1912 1913 678)
4(614 679 1914 1849)
4(678 1913 1914 679)
4(615 680 1915 1850)
4(679 1914 1915 680)
4(616 681 1916 1851)
4(680 1915 1916 681)
4(617 682 1917 1852)
4(681 1916 1917 682)
4(618 683 1918 1853)
4(682 1917 1918 683)
4(619 684 1919 1854)
4(683 1918 1919 684)
4(620 685 1920 1855)
4(684 1919 1920 685)
4(621 686 1921 1856)
4(685 1920 1921 686)
4(622 687 1922 1857)
4(686 1921 1922 687)
4(623 688 1923 1858)
4(687 1922 1923 688)
4(624 689 1924 1859)
4(688 1923 1924 689)
4(625 690 1925 1860)
4(689 1924 1925 690)
4(626 691 1926 1861)
4(690 1925 1926 691)
4(627 692 1927 1862)
4(691 1926 1927 692)
4(628 693 1928 1863)
4(692 1927 1928 693)
4(629 694 1929 1864)
4(693 1928 1929 694)
4(630 695 1930 1865)
4(694 1929 1930 695)
4(631 696 1931 1866)
4(695 1930 1931 696)
4(632 697 1932 1867)
4(696 1931 1932 697)
4(633 698 1933 1868)
4(697 1932 1933 698)
4(634 699 1934 1869)
4(698 1933 1934 699)
4(635 700 1935 1870)
4(699 1934 1935 700)
4(636 701 1936 1871)
4(700 1935 1936 701)
4(637 702 1937 1872)
4(701 1936 1937 702)
4(638 703 1938 1873)
4(702 1937 1938 703)
4(639 704 1939 1874)
4(703 1938 1939 704)
4(640 705 1940 1875)
4(704 1939 1940 705)
4(641 706 1941 1876)
4(705 1940 1941 706)
4(642 707 1942 1877)
4(706 1941 1942 707)
4(643 708 1943 1878)
4(707 1942 1943 708)
4(644 709 1944 1879)
4(708 1943 1944 709)
4(645 710 1945 1880)
4(709 1944 1945 710)
4(646 711 1946 1881)
4(710 1945 1946 711)
4(647 712 1947 1882)
4(711 1946 1947 712)
4(648 713 1948 1883)
4(712 1947 1948 713)
4(713 1948 1949 714)
4(651 716 1951 1886)
4(715 1950 1951 716)
4(652 717 1952 1887)
4(716 1951 1952 717)
4(653 718 1953 1888)
4(717 1952 1953 718)
4(654 719 1954 1889)
4(718 1953 1954 719)
4(655 720 1955 1890)
4(719 1954 1955 720)
4(656 721 1956 1891)
4(720 1955 1956 721)
4(657 722 1957 1892)
4(721 1956 1957 722)
4(658 723 1958 1893)
4(722 1957 1958 723)
4(659 724 1959 1894)
4(723 1958 1959 724)
4(660 725 1960 1895)
4(724 1959 1960 725)
4(661 726 1961 1896)
4(725 1960 1961 726)
4(662 727 1962 1897)
4(726 1961 1962 727)
4(663 728 1963 1898)
4(727 1962 1963 728)
4(664 729 1964 1899)
4(728 1963 1964 729)
4(665 730 1965 1900)
4(729 1964 1965 730)
4(666 731 1966 1901)
4(730 1965 1966 731)
4(667 732 1967 1902)
4(731 1966 1967 732)
4(668 733 1968 1903)
4(732 1967 1968 733)
4(669 734 1969 1904)
4(733 1968 1969 734)
4(670 735 1970 1905)
4(734 1969 1970 735)
4(671 736 1971 1906)
4(735 1970 1971 736)
4(672 737 1972 1907)
4(736 1971 1972 737)
4(673 738 1973 1908)
4(737 1972 1973 738)
4(674 739 1974 1909)
4(738 1973 1974 739)
4(675 740 1975 1910)
4(739 1974 1975 740)
4(676 741 1976 1911)
4(740 1975 1976 741)
4(677 742 1977 1912)
4(741 1976 1977 742)
4(678 743 1978 1913)
4(742 1977 1978 743)
4(679 744 1979 1914)
4(743 1978 1979 744)
4(680 745 1980 1915)
4(744 1979 1980 745)
4(681 746 1981 1916)
4(745 1980 1981 746)
4(682 747 1982 1917)
4(746 1981 1982 747)
4(683 748 1983 1918)
4(747 1982 1983 748)
4(684 749 1984 1919)
4(748 1983 1984 749)
4(685 750 1985 1920)
4(749 1984 1985 750)
4(686 751 1986 1921)
4(750 1985 1986 751)
4(687 752 1987 1922)
4(751 1986 1987 752)
4(688 753 1988 1923)
4(752 1987 1988 753)
4(689 754 1989 1924)
4(753 1988 1989 754)
4(690 755 1990 1925)
4(754 1989 1990 755)
4(691 756 1991 1926)
4(755 1990 1991 756)
4(692 757 1992 1927)
4(756 1991 1992 757)
4(693 758 1993 1928)
4(757 1992 1993 758)
4(694 759 1994 1929)
4(758 1993 1994 759)
4(695 760 1995 1930)
4(759 1994 1995 760)
4(696 761 1996 1931)
4(760 1995 1996 761)
4(697 762 1997 1932)
4(761 1996 1997 762)
4(698 763 1998 1933)
4(762 1997 1998 763)
4(699 764 1999 1934)
4(763 1998 1999 764)
4(700 765 2000 1935)
4(764 1999 2000 765)
4(701 766 2001 1936)
4(765 2000 2001 766)
4(702 767 2002 1937)
4(766 2001 2002 767)
4(703 768 2003 1938)
4(767 2002 2003 768)
4(704 769 2004 1939)
4(768 2003 2004 769)
4(705 770 2005 1940)
4(769 2004 2005 770)
4(706 771 2006 1941)
4(770 2005 2006 771)
4(707 772 2007 1942)
4(771 2006 2007 772)
4(708 773 2008 1943)
4(772 2007 2008 773)
4(709 774 2009 1944)
4(773 2008 2009 774)
4(710 775 2010 1945)
4(774 2009 2010 775)
4(711 776 2011 1946)
4(775 2010 2011 776)
4(712 777 2012 1947)
4(776 2011 2012 777)
4(713 778 2013 1948)
4(777 2012 2013 778)
4(778 2013 2014 779)
4(716 781 2016 1951)
4(780 2015 2016 781)
4(717 782 2017 1952)
4(781 2016 2017 782)
4(718 783 2018 1953)
4(782 2017 2018 783)
4(719 784 2019 1954)
4(783 2018 2019 784)
4(720 785 2020 1955)
4(784 2019 2020 785)
4(721 786 2021 1956)
4(785 2020 2021 786)
4(722 787 2022 1957)
4(786 2021 2022 787)
4(723 788 2023 1958)
4(787 2022 2023 788)
4(724 789 2024 1959)
4(788 2023 2024 789)
4(725 790 2025 1960)
4(789 2024 2025 790)
4(726 791 2026 1961)
4(790 2025 2026 791)
4(727 792 2027 1962)
4(791 2026 2027 792)
4(728 793 2028 1963)
4(792 2027 2028 793)
4(729 794 2029 1964)
4(793 2028 2029 794)
4(730 795 2030 1965)
4(794 2029 2030 795)
4(731 796 2031 1966)
4(795 2030 2031 796)
4(732 797 2032 1967)
4(796 2031 2032 797)
4(733 798 2033 1968)
4(797 2032 2033 798)
4(734 799 2034 1969)
4(798 2033 2034 799)
4(735 800 2035 1970)
4(799 2034 2035 800)
4(736 801 2036 1971)
4(800 2035 2036 801)
4(737 802 2037 1972)
4(801 2036 2037 802)
4(738 803 2038 1973)
4(802 2037 2038 803)
4(739 804 2039 1974)
4(803 2038 2039 804)
4(740 805 2040 1975)
4(804 2039 2040 805)
4(741 806 2041 1976)
4(805 2040 2041 806)
4(742 807 2042 1977)
4(806 2041 2042 807)
4(743 808 2043 1978)
4(807 2042 2043 808)
4(744 809 2044 1979)
4(808 2043 2044 809)
4(745 810 2045 1980)
4(809 2044 2045 810)
4(746 811 2046 1981)
4(810 2045 2046 811)
4(747 812 2047 1982)
4(811 2046 2047 812)
4(748 813 2048 1983)
4(812 2047 2048 813)
4(749 814 2049 1984)
4(813 2048 2049 814)
4(750 815 2050 1985)
4(814 2049 2050 815)
4(751 816 2051 1986)
4(815 2050 2051 816)
4(752 817 2052 1987)
4(816 2051 2052 817)
4(753 818 2053 1988)
4(817 2052 2053 818)
4(754 819 2054 1989)
4(818 2053 2054 819)
4(755 820 2055 1990)
4(819 2054 2055 820)
4(756 821 2056 1991)
4(820 2055 2056 821)
4(757 822 2057 1992)
4(821 2056 2057 822)
4(758 823 2058 1993)
4(822 2057 2058 823)
4(759 824 2059 1994)
4(823 2058 2059 824)
4(760 825 2060 1995)
4(824 2059 2060 825)
4(761 826 2061 1996)
4(825 2060 2061 826)
4(762 827 2062 1997)
4(826 2061 2062 827)
4(763 828 2063 1998)
4(827 2062 2063 828)
4(764 829 2064 1999)
4(828 2063 2064 829)
4(765 830 2065 2000)
4(829 2064 2065 830)
4(766 831 2066 2001)
4(830 2065 2066 831)
4(767 832 2067 2002)
4(831 2066 2067 832)
4(768 833 2068 2003)
4(832 2067 2068 833)
4(769 834 2069 2004)
4(833 2068 2069 834)
4(770 835 2070 2005)
4(834 2069 2070 835)
4(771 836 2071 2006)
4(835 2070 2071 836)
4(772 837 2072 2007)
4(836 2071 2072 837)
4(773 838 2073 2008)
4(837 2072 2073 838)
4(774 839 2074 2009)
4(838 2073 2074 839)
4(775 840 2075 2010)
4(839 2074 2075 840)
4(776 841 2076 2011)
4(840 2075 2076 841)
4(777 842 2077 2012)
4(841 2076 2077 842)
4(778 843 2078 2013)
4(842 2077 2078 843)
4(843 2078 2079 844)
4(781 846 2081 2016)
4(845 2080 2081 846)
4(782 847 2082 2017)
4(846 2081 2082 847)
4(783 848 2083 2018)
4(847 2082 2083 848)
4(784 849 2084 2019)
4(848 2083 2084 849)
4(785 850 2085 2020)
4(849 2084 2085 850)
4(786 851 2086 2021)
4(850 2085 2086 851)
4(787 852 2087 2022)
4(851 2086 2087 852)
4(788 853 2088 2023)
4(852 2087 2088 853)
4(789 854 2089 2024)
4(853 2088 2089 854)
4(790 855 2090 2025)
4(854 2089 2090 855)
4(791 856 2091 2026)
4(855 2090 2091 856)
4(792 857 2092 2027)
4(856 2091 2092 857)
4(793 858 2093 2028)
4(857 2092 2093 858)
4(794 859 2094 2029)
4(858 2093 2094 859)
4(795 860 2095 2030)
4(859 2094 2095 860)
4(796 861 2096 2031)
4(860 2095 2096 861)
4(797 862 2097 2032)
4(861 2096 2097 862)
4(798 863 2098 2033)
4(862 2097 2098 863)
4(799 864 2099 2034)
4(863 2098 2099 864)
4(800 865 2100 2035)
4(864 2099 2100 865)
4(801 866 2101 2036)
4(865 2100 2101 866)
4(802 867 2102 2037)
4(866 2101 2102 867)
4(803 868 2103 2038)
4(867 2102 2103 868)
4(804 869 2104 2039)
4(868 2103 2104 869)
4(805 870 2105 2040)
4(869 2104 2105 870)
4(806 871 2106 2041)
4(870 2105 2106 871)
4(807 872 2107 2042)
4(871 2106 2107 872)
4(808 873 2108 2043)
4(872 2107 2108 873)
4(809 874 2109 2044)
4(873 2108 2109 874)
4(810 875 2110 2045)
4(874 2109 2110 875)
4(811 876 2111 2046)
4(875 2110 2111 876)
4(812 877 2112 2047)
4(876 2111 2112 877)
4(813 878 2113 2048)
4(877 2112 2113 878)
4(814 879 2114 2049)
4(878 2113 2114 879)
4(815 880 2115 2050)
4(879 2114 2115 880)
4(816 881 2116 2051)
4(880 2115 2116 881)
4(817 882 2117 2052)
4(881 2116 2117 882)
4(818 883 2118 2053)
4(882 2117 2118 883)
4(819 884 2119 2054)
4(883 2118 2119 884)
4(820 885 2120 2055)
4(884 2119 2120 885)
4(821 886 2121 2056)
4(885 2120 2121 886)
4(822 887 2122 2057)
4(886 2121 2122 887)
4(823 888 2123 2058)
4(887 2122 2123 888)
4(824 889 2124 2059)
4(888 2123 2124 889)
4(825 890 2125 2060)
4(889 2124 2125 890)
4(826 891 2126 2061)
4(890 2125 2126 891)
4(827 892 2127 2062)
4(891 2126 2127 892)
4(828 893 2128 2063)
4(892 2127 2128 893)
4(829 894 2129 2064)
4(893 2128 2129 894)
4(830 895 2130 2065)
4(894 2129 2130 895)
4(831 896 2131 2066)
4(895 2130 2131 896)
4(832 897 2132 2067)
4(896 2131 2132 897)
4(833 898 2133 2068)
4(897 2132 2133 898)
4(834 899 2134 2069)
4(898 2133 2134 899)
4(835 900 2135 2070)
4(899 2134 2135 900)
4(836 901 2136 2071)
4(900 2135 2136 901)
4(837 902 2137 2072)
4(901 2136 2137 902)
4(838 903 2138 2073)
4(902 2137 2138 903)
4(839 904 2139 2074)
4(903 2138 2139 904)
4(840 905 2140 2075)
4(904 2139 2140 905)
4(841 906 2141 2076)
4(905 2140 2141 906)
4(842 907 2142 2077)
4(906 2141 2142 907)
4(843 908 2143 2078)
4(907 2142 2143 908)
4(908 2143 2144 909)
4(846 911 2146 2081)
4(910 2145 2146 911)
4(847 912 2147 2082)
4(911 2146 2147 912)
4(848 913 2148 2083)
4(912 2147 2148 913)
4(849 914 2149 2084)
4(913 2148 2149 914)
4(850 915 2150 2085)
4(914 2149 2150 915)
4(851 916 2151 2086)
4(915 2150 2151 916)
4(852 917 2152 2087)
4(916 2151 2152 917)
4(853 918 2153 2088)
4(917 2152 2153 918)
4(854 919 2154 2089)
4(918 2153 2154 919)
4(855 920 2155 2090)
4(919 2154 2155 920)
4(856 921 2156 2091)
4(920 2155 2156 921)
4(857 922 2157 2092)
4(921 2156 2157 922)
4(858 923 2158 2093)
4(922 2157 2158 923)
4(859 924 2159 2094)
4(923 2158 2159 924)
4(860 925 2160 2095)
4(924 2159 2160 925)
4(861 926 2161 2096)
4(925 2160 2161 926)
4(862 927 2162 2097)
4(926 2161 2162 927)
4(863 928 2163 2098)
4(927 2162 2163 928)
4(864 929 2164 2099)
4(928 2163 2164 929)
4(865 930 2165 2100)
4(929 2164 2165 930)
4(866 931 2166 2101)
4(930 2165 2166 931)
4(867 932 2167 2102)
4(931 2166 2167 932)
4(868 933 2168 2103)
4(932 2167 2168 933)
4(869 934 2169 2104)
4(933 2168 2169 934)
4(870 935 2170 2105)
4(934 2169 2170 935)
4(871 936 2171 2106)
4(935 2170 2171 936)
4(872 937 2172 2107)
4(936 2171 2172 937)
4(873 938 2173 2108)
4(937 2172 2173 938)
4(874 939 2174 2109)
4(938 2173 2174 939)
4(875 940 2175 2110)
4(939 2174 2175 940)
4(876 941 2176 2111)
4(940 2175 2176 941)
4(877 942 2177 2112)
4(941 2176 2177 942)
4(878 943 2178 2113)
4(942 2177 2178 943)
4(879 944 2179 2114)
4(943 2178 2179 944)
4(880 945 2180 2115)
4(944 2179 2180 945)
4(881 946 2181 2116)
4(945 2180 2181 946)
4(882 947 2182 2117)
4(946 2181 2182 947)
4(883 948 2183 2118)
4(947 2182 2183 948)
4(884 949 2184 2119)
4(948 2183 2184 949)
4(885 950 2185 2120)
4(949 2184 2185 950)
4(886 951 2186 2121)
4(950 2185 2186 951)
4(887 952 2187 2122)
4(951 2186 2187 952)
4(888 953 2188 2123)
4(952 2187 2188 953)
4(889 954 2189 2124)
4(953 2188 2189 954)
4(890 955 2190 2125)
4(954 2189 2190 955)
4(891 956 2191 2126)
4(955 2190 2191 956)
4(892 957 2192 2127)
4(956 2191 2192 957)
4(893 958 2193 2128)
4(957 2192 2193 958)
4(894 959 2194 2129)
4(958 2193 2194 959)
4(895 960 2195 2130)
4(959 2194 2195 960)
4(896 961 2196 2131)
4(960 2195 2196 961)
4(897 962 2197 2132)
4(961 2196 2197 962)
4(898 963 2198 2133)
4(962 2197 2198 963)
4(899 964 2199 2134)
4(963 2198 2199 964)
4(900 965 2200 2135)
4(964 2199 2200 965)
4(901 966 2201 2136)
4(965 2200 2201 966)
4(902 967 2202 2137)
4(966 2201 2202 967)
4(903 968 2203 2138)
4(967 2202 2203 968)
4(904 969 2204 2139)
4(968 2203 2204 969)
4(905 970 2205 2140)
4(969 2204 2205 970)
4(906 971 2206 2141)
4(970 2205 2206 971)
4(907 972 2207 2142)
4(971 2206 2207 972)
4(908 973 2208 2143)
4(972 2207 2208 973)
4(973 2208 2209 974)
4(911 976 2211 2146)
4(975 2210 2211 976)
4(912 977 2212 2147)
4(976 2211 2212 977)
4(913 978 2213 2148)
4(977 2212 2213 978)
4(914 979 2214 2149)
4(978 2213 2214 979)
4(915 980 2215 2150)
4(979 2214 2215 980)
4(916 981 2216 2151)
4(980 2215 2216 981)
4(917 982 2217 2152)
4(981 2216 2217 982)
4(918 983 2218 2153)
4(982 2217 2218 983)
4(919 984 2219 2154)
4(983 2218 2219 984)
4(920 985 2220 2155)
4(984 2219 2220 985)
4(921 986 2221 2156)
4(985 2220 2221 986)
4(922 987 2222 2157)
4(986 2221 2222 987)
4(923 988 2223 2158)
4(987 2222 2223 988)
4(924 989 2224 2159)
4(988 2223 2224 989)
4(925 990 2225 2160)
4(989 2224 2225 990)
4(926 991 2226 2161)
4(990 2225 2226 991)
4(927 992 2227 2162)
4(991 2226 2227 992)
4(928 993 2228 2163)
4(992 2227 2228 993)
4(929 994 2229 2164)
4(993 2228 2229 994)
4(930 995 2230 2165)
4(994 2229 2230 995)
4(931 996 2231 2166)
4(995 2230 2231 996)
4(932 997 2232 2167)
4(996 2231 2232 997)
4(933 998 2233 2168)
4(997 2232 2233 998)
4(934 999 2234 2169)
4(998 2233 2234 999)
4(935 1000 2235 2170)
4(999 2234 2235 1000)
4(936 1001 2236 2171)
4(1000 2235 2236 1001)
4(937 1002 2237 2172)
4(1001 2236 2237 1002)
4(938 1003 2238 2173)
4(1002 2237 2238 1003)
4(939 1004 2239 2174)
4(1003 2238 2239 1004)
4(940 1005 2240 2175)
4(1004 2239 2240 1005)
4(941 1006 2241 2176)
4(1005 2240 2241 1006)
4(942 1007 2242 2177)
4(1006 2241 2242 1007)
4(943 1008 2243 2178)
4(1007 2242 2243 1008)
4(944 1009 2244 2179)
4(1008 2243 2244 1009)
4(945 1010 2245 2180)
4(1009 2244 2245 1010)
4(946 1011 2246 2181)
4(1010 2245 2246 1011)
4(947 1012 2247 2182)
4(1011 2246 2247 1012)
4(948 1013 2248 2183)
4(1012 2247 2248 1013)
4(949 1014 2249 2184)
4(1013 2248 2249 1014)
4(950 1015 2250 2185)
4(1014 2249 2250 1015)
4(951 1016 2251 2186)
4(1015 2250 2251 1016)
4(952 1017 2252 2187)
4(1016 2251 2252 1017)
4(953 1018 2253 2188)
4(1017 2252 2253 1018)
4(954 1019 2254 2189)
4(1018 2253 2254 1019)
4(955 1020 2255 2190)
4(1019 2254 2255 1020)
4(956 1021 2256 2191)
4(1020 2255 2256 1021)
4(957 1022 2257 2192)
4(1021 2256 2257 1022)
4(958 1023 2258 2193)
4(1022 2257 2258 1023)
4(959 1024 2259 2194)
4(1023 2258 2259 1024)
4(960 1025 2260 2195)
4(1024 2259 2260 1025)
4(961 1026 2261 2196)
4(1025 2260 2261 1026)
4(962 1027 2262 2197)
4(1026 2261 2262 1027)
4(963 1028 2263 2198)
4(1027 2262 2263 1028)
4(964 1029 2264 2199)
4(1028 2263 2264 1029)
4(965 1030 2265 2200)
4(1029 2264 2265 1030)
4(966 1031 2266 2201)
4(1030 2265 2266 1031)
4(967 1032 2267 2202)
4(1031 2266 2267 1032)
4(968 1033 2268 2203)
4(1032 2267 2268 1033)
4(969 1034 2269 2204)
4(1033 2268 2269 1034)
4(970 1035 2270 2205)
4(1034 2269 2270 1035)
4(971 1036 2271 2206)
4(1035 2270 2271 1036)
4(972 1037 2272 2207)
4(1036 2271 2272 1037)
4(973 1038 2273 2208)
4(1037 2272 2273 1038)
4(1038 2273 2274 1039)
4(976 1041 2276 2211)
4(1040 2275 2276 1041)
4(977 1042 2277 2212)
4(1041 2276 2277 1042)
4(978 1043 2278 2213)
4(1042 2277 2278 1043)
4(979 1044 2279 2214)
4(1043 2278 2279 1044)
4(980 1045 2280 2215)
4(1044 2279 2280 1045)
4(981 1046 2281 2216)
4(1045 2280 2281 1046)
4(982 1047 2282 2217)
4(1046 2281 2282 1047)
4(983 1048 2283 2218)
4(1047 2282 2283 1048)
4(984 1049 2284 2219)
4(1048 2283 2284 1049)
4(985 1050 2285 2220)
4(1049 2284 2285 1050)
4(986 1051 2286 2221)
4(1050 2285 2286 1051)
4(987 1052 2287 2222)
4(1051 2286 2287 1052)
4(988 1053 2288 2223)
4(1052 2287 2288 1053)
4(989 1054 2289 2224)
4(1053 2288 2289 1054)
4(990 1055 2290 2225)
4(1054 2289 2290 1055)
4(991 1056 2291 2226)
4(1055 2290 2291 1056)
4(992 1057 2292 2227)
4(1056 2291 2292 1057)
4(993 1058 2293 2228)
4(1057 2292 2293 1058)
4(994 1059 2294 2229)
4(1058 2293 2294 1059)
4(995 1060 2295 2230)
4(1059 2294 2295 1060)
4(996 1061 2296 2231)
4(1060 2295 2296 1061)
4(997 1062 2297 2232)
4(1061 2296 2297 1062)
4(998 1063 2298 2233)
4(1062 2297 2298 1063)
4(999 1064 2299 2234)
4(1063 2298 2299 1064)
4(1000 1065 2300 2235)
4(1064 2299 2300 1065)
4(1001 1066 2301 2236)
4(1065 2300 2301 1066)
4(1002 1067 2302 2237)
4(1066 2301 2302 1067)
4(1003 1068 2303 2238)
4(1067 2302 2303 1068)
4(1004 1069 2304 2239)
4(1068 2303 2304 1069)
4(1005 1070 2305 2240)
4(1069 2304 2305 1070)
4(1006 1071 2306 2241)
4(1070 2305 2306 1071)
4(1007 1072 2307 2242)
4(1071 2306 2307 1072)
4(1008 1073 2308 2243)
4(1072 2307 2308 1073)
4(1009 1074 2309 2244)
4(1073 2308 2309 1074)
4(1010 1075 2310 2245)
4(1074 2309 2310 1075)
4(1011 1076 2311 2246)
4(1075 2310 2311 1076)
4(1012 1077 2312 2247)
4(1076 2311 2312 1077)
4(1013 1078 2313 2248)
4(1077 2312 2313 1078)
4(1014 1079 2314 2249)
4(1078 2313 2314 1079)
4(1015 1080 2315 2250)
4(1079 2314 2315 1080)
4(1016 1081 2316 2251)
4(1080 2315 2316 1081)
4(1017 1082 2317 2252)
4(1081 2316 2317 1082)
4(1018 1083 2318 2253)
4(1082 2317 2318 1083)
4(1019 1084 2319 2254)
4(1083 2318 2319 1084)
4(1020 1085 2320 2255)
4(1084 2319 2320 1085)
4(1021 1086 2321 2256)
4(1085 2320 2321 1086)
4(1022 1087 2322 2257)
4(1086 2321 2322 1087)
4(1023 1088 2323 2258)
4(1087 2322 2323 1088)
4(1024 1089 2324 2259)
4(1088 2323 2324 1089)
4(1025 1090 2325 2260)
4(1089 2324 2325 1090)
4(1026 1091 2326 2261)
4(1090 2325 2326 1091)
4(1027 1092 2327 2262)
4(1091 2326 2327 1092)
4(1028 1093 2328 2263)
4(1092 2327 2328 1093)
4(1029 1094 2329 2264)
4(1093 2328 2329 1094)
4(1030 1095 2330 2265)
4(1094 2329 2330 1095)
4(1031 1096 2331 2266)
4(1095 2330 2331 1096)
4(1032 1097 2332 2267)
4(1096 2331 2332 1097)
4(1033 1098 2333 2268)
4(1097 2332 2333 1098)
4(1034 1099 2334 2269)
4(1098 2333 2334 1099)
4(1035 1100 2335 2270)
4(1099 2334 2335 1100)
4(1036 1101 2336 2271)
4(1100 2335 2336 1101)
4(1037 1102 2337 2272)
4(1101 2336 2337 1102)
4(1038 1103 2338 2273)
4(1102 2337 2338 1103)
4(1103 2338 2339 1104)
4(1041 1106 2341 2276)
4(1105 2340 2341 1106)
4(1042 1107 2342 2277)
4(1106 2341 2342 1107)
4(1043 1108 2343 2278)
4(1107 2342 2343 1108)
4(1044 1109 2344 2279)
4(1108 2343 2344 1109)
4(1045 1110 2345 2280)
4(1109 2344 2345 1110)
4(1046 1111 2346 2281)
4(1110 2345 2346 1111)
4(1047 1112 2347 2282)
4(1111 2346 2347 1112)
4(1048 1113 2348 2283)
4(1112 2347 2348 1113)
4(1049 1114 2349 2284)
4(1113 2348 2349 1114)
4(1050 1115 2350 2285)
4(1114 2349 2350 1115)
4(1051 1116 2351 2286)
4(1115 2350 2351 1116)
4(1052 1117 2352 2287)
4(1116 2351 2352 1117)
4(1053 1118 2353 2288)
4(1117 2352 2353 1118)
4(1054 1119 2354 2289)
4(1118 2353 2354 1119)
4(1055 1120 2355 2290)
4(1119 2354 2355 1120)
4(1056 1121 2356 2291)
4(1120 2355 2356 1121)
4(1057 1122 2357 2292)
4(1121 2356 2357 1122)
4(1058 1123 2358 2293)
4(1122 2357 2358 1123)
4(1059 1124 2359 2294)
4(1123 2358 2359 1124)
4(1060 1125 2360 2295)
4(1124 2359 2360 1125)
4(1061 1126 2361 2296)
4(1125 2360 2361 1126)
4(1062 1127 2362 2297)
4(1126 2361 2362 1127)
4(1063 1128 2363 2298)
4(1127 2362 2363 1128)
4(1064 1129 2364 2299)
4(1128 2363 2364 1129)
4(1065 1130 2365 2300)
4(1129 2364 2365 1130)
4(1066 1131 2366 2301)
4(1130 2365 2366 1131)
4(1067 1132 2367 2302)
4(1131 2366 2367 1132)
4(1068 1133 2368 2303)
4(1132 2367 2368 1133)
4(1069 1134 2369 2304)
4(1133 2368 2369 1134)
4(1070 1135 2370 2305)
4(1134 2369 2370 1135)
4(1071 1136 2371 2306)
4(1135 2370 2371 1136)
4(1072 1137 2372 2307)
4(1136 2371 2372 1137)
4(1073 1138 2373 2308)
4(1137 2372 2373 1138)
4(1074 1139 2374 2309)
4(1138 2373 2374 1139)
4(1075 1140 2375 2310)
4(1139 2374 2375 1140)
4(1076 1141 2376 2311)
4(1140 2375 2376 1141)
4(1077 1142 2377 2312)
4(1141 2376 2377 1142)
4(1078 1143 2378 2313)
4(1142 2377 2378 1143)
4(1079 1144 2379 2314)
4(1143 2378 2379 1144)
4(1080 1145 2380 2315)
4(1144 2379 2380 1145)
4(1081 1146 2381 2316)
4(1145 2380 2381 1146)
4(1082 1147 2382 2317)
4(1146 2381 2382 1147)
4(1083 1148 2383 2318)
4(1147 2382 2383 1148)
4(1084 1149 2384 2319)
4(1148 2383 2384 1149)
4(1085 1150 2385 2320)
4(1149 2384 2385 1150)
4(1086 1151 2386 2321)
4(1150 2385 2386 1151)
4(1087 1152 2387 2322)
4(1151 2386 2387 1152)
4(1088 1153 2388 2323)
4(1152 2387 2388 1153)
4(1089 1154 2389 2324)
4(1153 2388 2389 1154)
4(1090 1155 2390 2325)
4(1154 2389 2390 1155)
4(1091 1156 2391 2326)
4(1155 2390 2391 1156)
4(1092 1157 2392 2327)
4(1156 2391 2392 1157)
4(1093 1158 2393 2328)
4(1157 2392 2393 1158)
4(1094 1159 2394 2329)
4(1158 2393 2394 1159)
4(1095 1160 2395 2330)
4(1159 2394 2395 1160)
4(1096 1161 2396 2331)
4(1160 2395 2396 1161)
4(1097 1162 2397 2332)
4(1161 2396 2397 1162)
4(1098 1163 2398 2333)
4(1162 2397 2398 1163)
4(1099 1164 2399 2334)
4(1163 2398 2399 1164)
4(1100 1165 2400 2335)
4(1164 2399 2400 1165)
4(1101 1166 2401 2336)
4(1165 2400 2401 1166)
4(1102 1167 2402 2337)
4(1166 2401 2402 1167)
4(1103 1168 2403 2338)
4(1167 2402 2403 1168)
4(1168 2403 2404 1169)
4(1106 1171 2406 2341)
4(1107 1172 2407 2342)
4(1108 1173 2408 2343)
4(1109 1174 2409 2344)
4(1110 1175 2410 2345)
4(1111 1176 2411 2346)
4(1112 1177 2412 2347)
4(1113 1178 2413 2348)
4(1114 1179 2414 2349)
4(1115 1180 2415 2350)
4(1116 1181 2416 2351)
4(1117 1182 2417 2352)
4(1118 1183 2418 2353)
4(1119 1184 2419 2354)
4(1120 1185 2420 2355)
4(1121 1186 2421 2356)
4(1122 1187 2422 2357)
4(1123 1188 2423 2358)
4(1124 1189 2424 2359)
4(1125 1190 2425 2360)
4(1126 1191 2426 2361)
4(1127 1192 2427 2362)
4(1128 1193 2428 2363)
4(1129 1194 2429 2364)
4(1130 1195 2430 2365)
4(1131 1196 2431 2366)
4(1132 1197 2432 2367)
4(1133 1198 2433 2368)
4(1134 1199 2434 2369)
4(1135 1200 2435 2370)
4(1136 1201 2436 2371)
4(1137 1202 2437 2372)
4(1138 1203 2438 2373)
4(1139 1204 2439 2374)
4(1140 1205 2440 2375)
4(1141 1206 2441 2376)
4(1142 1207 2442 2377)
4(1143 1208 2443 2378)
4(1144 1209 2444 2379)
4(1145 1210 2445 2380)
4(1146 1211 2446 2381)
4(1147 1212 2447 2382)
4(1148 1213 2448 2383)
4(1149 1214 2449 2384)
4(1150 1215 2450 2385)
4(1151 1216 2451 2386)
4(1152 1217 2452 2387)
4(1153 1218 2453 2388)
4(1154 1219 2454 2389)
4(1155 1220 2455 2390)
4(1156 1221 2456 2391)
4(1157 1222 2457 2392)
4(1158 1223 2458 2393)
4(1159 1224 2459 2394)
4(1160 1225 2460 2395)
4(1161 1226 2461 2396)
4(1162 1227 2462 2397)
4(1163 1228 2463 2398)
4(1164 1229 2464 2399)
4(1165 1230 2465 2400)
4(1166 1231 2466 2401)
4(1167 1232 2467 2402)
4(1168 1233 2468 2403)
4(0 1235 1300 65)
4(65 1300 1365 130)
4(130 1365 1430 195)
4(195 1430 1495 260)
4(260 1495 1560 325)
4(325 1560 1625 390)
4(390 1625 1690 455)
4(455 1690 1755 520)
4(520 1755 1820 585)
4(585 1820 1885 650)
4(650 1885 1950 715)
4(715 1950 2015 780)
4(780 2015 2080 845)
4(845 2080 2145 910)
4(910 2145 2210 975)
4(975 2210 2275 1040)
4(1040 2275 2340 1105)
4(1105 2340 2405 1170)
4(64 129 1364 1299)
4(129 194 1429 1364)
4(194 259 1494 1429)
4(259 324 1559 1494)
4(324 389 1624 1559)
4(389 454 1689 1624)
4(454 519 1754 1689)
4(519 584 1819 1754)
4(584 649 1884 1819)
4(649 714 1949 1884)
4(714 779 2014 1949)
4(779 844 2079 2014)
4(844 909 2144 2079)
4(909 974 2209 2144)
4(974 1039 2274 2209)
4(1039 1104 2339 2274)
4(1104 1169 2404 2339)
4(1169 1234 2469 2404)
4(0 1 1236 1235)
4(1 2 1237 1236)
4(2 3 1238 1237)
4(3 4 1239 1238)
4(4 5 1240 1239)
4(5 6 1241 1240)
4(6 7 1242 1241)
4(7 8 1243 1242)
4(8 9 1244 1243)
4(9 10 1245 1244)
4(10 11 1246 1245)
4(11 12 1247 1246)
4(12 13 1248 1247)
4(13 14 1249 1248)
4(14 15 1250 1249)
4(15 16 1251 1250)
4(16 17 1252 1251)
4(17 18 1253 1252)
4(18 19 1254 1253)
4(19 20 1255 1254)
4(20 21 1256 1255)
4(21 22 1257 1256)
4(22 23 1258 1257)
4(23 24 1259 1258)
4(24 25 1260 1259)
4(25 26 1261 1260)
4(26 27 1262 1261)
4(27 28 1263 1262)
4(28 29 1264 1263)
4(29 30 1265 1264)
4(30 31 1266 1265)
4(31 32 1267 1266)
4(32 33 1268 1267)
4(33 34 1269 1268)
4(34 35 1270 1269)
4(35 36 1271 1270)
4(36 37 1272 1271)
4(37 38 1273 1272)
4(38 39 1274 1273)
4(39 40 1275 1274)
4(40 41 1276 1275)
4(41 42 1277 1276)
4(42 43 1278 1277)
4(43 44 1279 1278)
4(44 45 1280 1279)
4(45 46 1281 1280)
4(46 47 1282 1281)
4(47 48 1283 1282)
4(48 49 1284 1283)
4(49 50 1285 1284)
4(50 51 1286 1285)
4(51 52 1287 1286)
4(52 53 1288 1287)
4(53 54 1289 1288)
4(54 55 1290 1289)
4(55 56 1291 1290)
4(56 57 1292 1291)
4(57 58 1293 1292)
4(58 59 1294 1293)
4(59 60 1295 1294)
4(60 61 1296 1295)
4(61 62 1297 1296)
4(62 63 1298 1297)
4(63 64 1299 1298)
4(1170 2405 2406 1171)
4(1171 2406 2407 1172)
4(1172 2407 2408 1173)
4(1173 2408 2409 1174)
4(1174 2409 2410 1175)
4(1175 2410 2411 1176)
4(1176 2411 2412 1177)
4(1177 2412 2413 1178)
4(1178 2413 2414 1179)
4(1179 2414 2415 1180)
4(1180 2415 2416 1181)
4(1181 2416 2417 1182)
4(1182 2417 2418 1183)
4(1183 2418 2419 1184)
4(1184 2419 2420 1185)
4(1185 2420 2421 1186)
4(1186 2421 2422 1187)
4(1187 2422 2423 1188)
4(1188 2423 2424 1189)
4(1189 2424 2425 1190)
4(1190 2425 2426 1191)
4(1191 2426 2427 1192)
4(1192 2427 2428 1193)
4(1193 2428 2429 1194)
4(1194 2429 2430 1195)
4(1195 2430 2431 1196)
4(1196 2431 2432 1197)
4(1197 2432 2433 1198)
4(1198 2433 2434 1199)
4(1199 2434 2435 1200)
4(1200 2435 2436 1201)
4(1201 2436 2437 1202)
4(1202 2437 2438 1203)
4(1203 2438 2439 1204)
4(1204 2439 2440 1205)
4(1205 2440 2441 1206)
4(1206 2441 2442 1207)
4(1207 2442 2443 1208)
4(1208 2443 2444 1209)
4(1209 2444 2445 1210)
4(1210 2445 2446 1211)
4(1211 2446 2447 1212)
4(1212 2447 2448 1213)
4(1213 2448 2449 1214)
4(1214 2449 2450 1215)
4(1215 2450 2451 1216)
4(1216 2451 2452 1217)
4(1217 2452 2453 1218)
4(1218 2453 2454 1219)
4(1219 2454 2455 1220)
4(1220 2455 2456 1221)
4(1221 2456 2457 1222)
4(1222 2457 2458 1223)
4(1223 2458 2459 1224)
4(1224 2459 2460 1225)
4(1225 2460 2461 1226)
4(1226 2461 2462 1227)
4(1227 2462 2463 1228)
4(1228 2463 2464 1229)
4(1229 2464 2465 1230)
4(1230 2465 2466 1231)
4(1231 2466 2467 1232)
4(1232 2467 2468 1233)
4(1233 2468 2469 1234)
4(0 65 66 1)
4(65 130 131 66)
4(130 195 196 131)
4(195 260 261 196)
4(260 325 326 261)
4(325 390 391 326)
4(390 455 456 391)
4(455 520 521 456)
4(520 585 586 521)
4(585 650 651 586)
4(650 715 716 651)
4(715 780 781 716)
4(780 845 846 781)
4(845 910 911 846)
4(910 975 976 911)
4(975 1040 1041 976)
4(1040 1105 1106 1041)
4(1105 1170 1171 1106)
4(1 66 67 2)
4(66 131 132 67)
4(131 196 197 132)
4(196 261 262 197)
4(261 326 327 262)
4(326 391 392 327)
4(391 456 457 392)
4(456 521 522 457)
4(521 586 587 522)
4(586 651 652 587)
4(651 716 717 652)
4(716 781 782 717)
4(781 846 847 782)
4(846 911 912 847)
4(911 976 977 912)
4(976 1041 1042 977)
4(1041 1106 1107 1042)
4(1106 1171 1172 1107)
4(2 67 68 3)
4(67 132 133 68)
4(132 197 198 133)
4(197 262 263 198)
4(262 327 328 263)
4(327 392 393 328)
4(392 457 458 393)
4(457 522 523 458)
4(522 587 588 523)
4(587 652 653 588)
4(652 717 718 653)
4(717 782 783 718)
4(782 847 848 783)
4(847 912 913 848)
4(912 977 978 913)
4(977 1042 1043 978)
4(1042 1107 1108 1043)
4(1107 1172 1173 1108)
4(3 68 69 4)
4(68 133 134 69)
4(133 198 199 134)
4(198 263 264 199)
4(263 328 329 264)
4(328 393 394 329)
4(393 458 459 394)
4(458 523 524 459)
4(523 588 589 524)
4(588 653 654 589)
4(653 718 719 654)
4(718 783 784 719)
4(783 848 849 784)
4(848 913 914 849)
4(913 978 979 914)
4(978 1043 1044 979)
4(1043 1108 1109 1044)
4(1108 1173 1174 1109)
4(4 69 70 5)
4(69 134 135 70)
4(134 199 200 135)
4(199 264 265 200)
4(264 329 330 265)
4(329 394 395 330)
4(394 459 460 395)
4(459 524 525 460)
4(524 589 590 525)
4(589 654 655 590)
4(654 719 720 655)
4(719 784 785 720)
4(784 849 850 785)
4(849 914 915 850)
4(914 979 980 915)
4(979 1044 1045 980)
4(1044 1109 1110 1045)
4(1109 1174 1175 1110)
4(5 70 71 6)
4(70 135 136 71)
4(135 200 201 136)
4(200 265 266 201)
4(265 330 331 266)
4(330 395 396 331)
4(395 460 461 396)
4(460 525 526 461)
4(525 590 591 526)
4(590 655 656 591)
4(655 720 721 656)
4(720 785 786 721)
4(785 850 851 786)
4(850 915 916 851)
4(915 980 981 916)
4(980 1045 1046 981)
4(1045 1110 1111 1046)
4(1110 1175 1176 1111)
4(6 71 72 7)
4(71 136 137 72)
4(136 201 202 137)
4(201 266 267 202)
4(266 331 332 267)
4(331 396 397 332)
4(396 461 462 397)
4(461 526 527 462)
4(526 591 592 527)
4(591 656 657 592)
4(656 721 722 657)
4(721 786 787 722)
4(786 851 852 787)
4(851 916 917 852)
4(916 981 982 917)
4(981 1046 1047 982)
4(1046 1111 1112 1047)
4(1111 1176 1177 1112)
4(7 72 73 8)
4(72 137 138 73)
4(137 202 203 138)
4(202 267 268 203)
4(267 332 333 268)
4(332 397 398 333)
4(397 462 463 398)
4(462 527 528 463)
4(527 592 593 528)
4(592 657 658 593)
4(657 722 723 658)
4(722 787 788 723)
4(787 852 853 788)
4(852 917 918 853)
4(917 982 983 918)
4(982 1047 1048 983)
4(1047 1112 1113 1048)
4(1112 1177 1178 1113)
4(8 73 74 9)
4(73 138 139 74)
4(138 203 204 139)
4(203 268 269 204)
4(268 333 334 269)
4(333 398 399 334)
4(398 463 464 399)
4(463 528 529 464)
4(528 593 594 529)
4(593 658 659 594)
4(658 723 724 659)
4(723 788 789 724)
4(788 853 854 789)
4(853 918 919 854)
4(918 983 984 919)
4(983 1048 1049 984)
4(1048 1113 1114 1049)
4(1113 1178 1179 1114)
4(9 74 75 10)
4(74 139 140 75)
4(139 204 205 140)
4(204 269 270 205)
4(269 334 335 270)
4(334 399 400 335)
4(399 464 465 400)
4(464 529 530 465)
4(529 594 595 530)
4(594 659 660 595)
4(659 724 725 660)
4(724 789 790 725)
4(789 854 855 790)
4(854 919 920 855)
4(919 984 985 920)
4(984 1049 1050 985)
4(1049 1114 1115 1050)
4(1114 1179 1180 1115)
4(10 75 76 11)
4(75 140 141 76)
4(140 205 206 141)
4(205 270 271 206)
4(270 335 336 271)
4(335 400 401 336)
4(400 465 466 401)
4(465 530 531 466)
4(530 595 596 531)
4(595 660 661 596)
4(660 725 726 661)
4(725 790 791 726)
4(790 855 856 791)
4(855 920 921 856)
4(920 985 986 921)
4(985 1050 1051 986)
4(1050 1115 1116 1051)
4(1115 1180 1181 1116)
4(11 76 77 12)
4(76 141 142 77)
4(141 206 207 142)
4(206 271 272 207)
4(271 336 337 272)
4(336 401 402 337)
4(401 466 467 402)
4(466 531 532 467)
4(531 596 597 532)
4(596 661 662 597)
4(661 726 727 662)
4(726 791 792 727)
4(791 856 857 792)
4(856 921 922 857)
4(921 986 987 922)
4(986 1051 1052 987)
4(1051 1116 1117 1052)
4(1116 1181 1182 1117)
4(12 77 78 13)
4(77 142 143 78)
4(142 207 208 143)
4(207 272 273 208)
4(272 337 338 273)
4(337 402 403 338)
4(402 467 468 403)
4(467 532 533 468)
4(532 597 598 533)
4(597 662 663 598)
4(662 727 728 663)
4(727 792 793 728)
4(792 857 858 793)
4(857 922 923 858)
4(922 987 988 923)
4(987 1052 1053 988)
4(1052 1117 1118 1053)
4(1117 1182 1183 1118)
4(13 78 79 14)
4(78 143 144 79)
4(143 208 209 144)
4(208 273 274 209)
4(273 338 339 274)
4(338 403 404 339)
4(403 468 469 404)
4(468 533 534 469)
4(533 598 599 534)
4(598 663 664 599)
4(663 728 729 664)
4(728 793 794 729)
4(793 858 859 794)
4(858 923 924 859)
4(923 988 989 924)
4(988 1053 1054 989)
4(1053 1118 1119 1054)
4(1118 1183 1184 1119)
4(14 79 80 15)
4(79 144 145 80)
4(144 209 210 145)
4(209 274 275 210)
4(274 339 340 275)
4(339 404 405 340)
4(404 469 470 405)
4(469 534 535 470)
4(534 599 600 535)
4(599 664 665 600)
4(664 729 730 665)
4(729 794 795 730)
4(794 859 860 795)
4(859 924 925 860)
4(924 989 990 925)
4(989 1054 1055 990)
4(1054 1119 1120 1055)
4(1119 1184 1185 1120)
4(15 80 81 16)
4(80 145 146 81)
4(145 210 211 146)
4(210 275 276 211)
4(275 340 341 276)
4(340 405 406 341)
4(405 470 471 406)
4(470 535 536 471)
4(535 600 601 536)
4(600 665 666 601)
4(665 730 731 666)
4(730 795 796 731)
4(795 860 861 796)
4(860 925 926 861)
4(925 990 991 926)
4(990 1055 1056 991)
4(1055 1120 1121 1056)
4(1120 1185 1186 1121)
4(16 81 82 17)
4(81 146 147 82)
4(146 211 212 147)
4(211 276 277 212)
4(276 341 342 277)
4(341 406 407 342)
4(406 471 472 407)
4(471 536 537 472)
4(536 601 602 537)
4(601 666 667 602)
4(666 731 732 667)
4(731 796 797 732)
4(796 861 862 797)
4(861 926 927 862)
4(926 991 992 927)
4(991 1056 1057 992)
4(1056 1121 1122 1057)
4(1121 1186 1187 1122)
4(17 82 83 18)
4(82 147 148 83)
4(147 212 213 148)
4(212 277 278 213)
4(277 342 343 278)
4(342 407 408 343)
4(407 472 473 408)
4(472 537 538 473)
4(537 602 603 538)
4(602 667 668 603)
4(667 732 733 668)
4(732 797 798 733)
4(797 862 863 798)
4(862 927 928 863)
4(927 992 993 928)
4(992 1057 1058 993)
4(1057 1122 1123 1058)
4(1122 1187 1188 1123)
4(18 83 84 19)
4(83 148 149 84)
4(148 213 214 149)
4(213 278 279 214)
4(278 343 344 279)
4(343 408 409 344)
4(408 473 474 409)
4(473 538 539 474)
4(538 603 604 539)
4(603 668 669 604)
4(668 733 734 669)
4(733 798 799 734)
4(798 863 864 799)
4(863 928 929 864)
4(928 993 994 929)
4(993 1058 1059 994)
4(1058 1123 1124 1059)
4(1123 1188 1189 1124)
4(19 84 85 20)
4(84 149 150 85)
4(149 214 215 150)
4(214 279 280 215)
4(279 344 345 280)
4(344 409 410 345)
4(409 474 475 410)
4(474 539 540 475)
4(539 604 605 540)
4(604 669 670 605)
4(669 734 735 670)
4(734 799 800 735)
4(799 864 865 800)
4(864 929 930 865)
4(929 994 995 930)
4(994 1059 1060 995)
4(1059 1124 1125 1060)
4(1124 1189 1190 1125)
4(20 85 86 21)
4(85 150 151 86)
4(150 215 216 151)
4(215 280 281 216)
4(280 345 346 281)
4(345 410 411 346)
4(410 475 476 411)
4(475 540 541 476)
4(540 605 606 541)
4(605 670 671 606)
4(670 735 736 671)
4(735 800 801 736)
4(800 865 866 801)
4(865 930 931 866)
4(930 995 996 931)
4(995 1060 1061 996)
4(1060 1125 1126 1061)
4(1125 1190 1191 1126)
4(21 86 87 22)
4(86 151 152 87)
4(151 216 217 152)
4(216 281 282 217)
4(281 346 347 282)
4(346 411 412 347)
4(411 476 477 412)
4(476 541 542 477)
4(541 606 607 542)
4(606 671 672 607)
4(671 736 737 672)
4(736 801 802 737)
4(801 866 867 802)
4(866 931 932 867)
4(931 996 997 932)
4(996 1061 1062 997)
4(1061 1126 1127 1062)
4(1126 1191 1192 1127)
4(22 87 88 23)
4(87 152 153 88)
4(152 217 218 153)
4(217 282 283 218)
4(282 347 348 283)
4(347 412 413 348)
4(412 477 478 413)
4(477 542 543 478)
4(542 607 608 543)
4(607 672 673 608)
4(672 737 738 673)
4(737 802 803 738)
4(802 867 868 803)
4(867 932 933 868)
4(932 997 998 933)
4(997 1062 1063 998)
4(1062 1127 1128 1063)
4(1127 1192 1193 1128)
4(23 88 89 24)
4(88 153 154 89)
4(153 218 219 154)
4(218 283 284 219)
4(283 348 349 284)
4(348 413 414 349)
4(413 478 479 414)
4(478 543 544 479)
4(543 608 609 544)
4(608 673 674 609)
4(673 738 739 674)
4(738 803 804 739)
4(803 868 869 804)
4(868 933 934 869)
4(933 998 999 934)
4(998 1063 1064 999)
4(1063 1128 1129 1064)
4(1128 1193 1194 1129)
4(24 89 90 25)
4(89 154 155 90)
4(154 219 220 155)
4(219 284 285 220)
4(284 349 350 285)
4(349 414 415 350)
4(414 479 480 415)
4(479 544 545 480)
4(544 609 610 545)
4(609 674 675 610)
4(674 739 740 675)
4(739 804 805 740)
4(804 869 870 805)
4(869 934 935 870)
4(934 999 1000 935)
4(999 1064 1065 1000)
4(1064 1129 1130 1065)
4(1129 1194 1195 1130)
4(25 90 91 26)
4(90 155 156 91)
4(155 220 221 156)
4(220 285 286 221)
4(285 350 351 286)
4(350 415 416 351)
4(415 480 481 416)
4(480 545 546 481)
4(545 610 611 546)
4(610 675 676 611)
4(675 740 741 676)
4(740 805 806 741)
4(805 870 871 806)
4(870 935 936 871)
4(935 1000 1001 936)
4(1000 1065 1066 1001)
4(1065 1130 1131 1066)
4(1130 1195 1196 1131)
4(26 91 92 27)
4(91 156 157 92)
4(156 221 222 157)
4(221 286 287 222)
4(286 351 352 287)
4(351 416 417 352)
4(416 481 482 417)
4(481 546 547 482)
4(546 611 612 547)
4(611 676 677 612)
4(676 741 742 677)
4(741 806 807 742)
4(806 871 872 807)
4(871 936 937 872)
4(936 1001 1002 937)
4(1001 1066 1067 1002)
4(1066 1131 1132 1067)
4(1131 1196 1197 1132)
4(27 92 93 28)
4(92 157 158 93)
4(157 222 223 158)
4(222 287 288 223)
4(287 352 353 288)
4(352 417 418 353)
4(417 482 483 418)
4(482 547 548 483)
4(547 612 613 548)
4(612 677 678 613)
4(677 742 743 678)
4(742 807 808 743)
4(807 872 873 808)
4(872 937 938 873)
4(937 1002 1003 938)
4(1002 1067 1068 1003)
4(1067 1132 1133 1068)
4(1132 1197 1198 1133)
4(28 93 94 29)
4(93 158 159 94)
4(158 223 224 159)
4(223 288 289 224)
4(288 353 354 289)
4(353 418 419 354)
4(418 483 484 419)
4(483 548 549 484)
4(548 613 614 549)
4(613 678 679 614)
4(678 743 744 679)
4(743 808 809 744)
4(808 873 874 809)
4(873 938 939 874)
4(938 1003 1004 939)
4(1003 1068 1069 1004)
4(1068 1133 1134 1069)
4(1133 1198 1199 1134)
4(29 94 95 30)
4(94 159 160 95)
4(159 224 225 160)
4(224 289 290 225)
4(289 354 355 290)
4(354 419 420 355)
4(419 484 485 420)
4(484 549 550 485)
4(549 614 615 550)
4(614 679 680 615)
4(679 744 745 680)
4(744 809 810 745)
4(809 874 875 810)
4(874 939 940 875)
4(939 1004 1005 940)
4(1004 1069 1070 1005)
4(1069 1134 1135 1070)
4(1134 1199 1200 1135)
4(30 95 96 31)
4(95 160 161 96)
4(160 225 226 161)
4(225 290 291 226)
4(290 355 356 291)
4(355 420 421 356)
4(420 485 486 421)
4(485 550 551 486)
4(550 615 616 551)
4(615 680 681 616)
4(680 745 746 681)
4(745 810 811 746)
4(810 875 876 811)
4(875 940 941 876)
4(940 1005 1006 941)
4(1005 1070 1071 1006)
4(1070 1135 1136 1071)
4(1135 1200 1201 1136)
4(31 96 97 32)
4(96 161 162 97)
4(161 226 227 162)
4(226 291 292 227)
4(291 356 357 292)
4(356 421 422 357)
4(421 486 487 422)
4(486 551 552 487)
4(551 616 617 552)
4(616 681 682 617)
4(681 746 747 682)
4(746 811 812 747)
4(811 876 877 812)
4(876 941 942 877)
4(941 1006 1007 942)
4(1006 1071 1072 1007)
4(1071 1136 1137 1072)
4(1136 1201 1202 1137)
4(32 97 98 33)
4(97 162 163 98)
4(162 227 228 163)
4(227 292 293 228)
4(292 357 358 293)
4(357 422 423 358)
4(422 487 488 423)
4(487 552 553 488)
4(552 617 618 553)
4(617 682 683 618)
4(682 747 748 683)
4(747 812 813 748)
4(812 877 878 813)
4(877 942 943 878)
4(942 1007 1008 943)
4(1007 1072 1073 1008)
4(1072 1137 1138 1073)
4(1137 1202 1203 1138)
4(33 98 99 34)
4(98 163 164 99)
4(163 228 229 164)
4(228 293 294 229)
4(293 358 359 294)
4(358 423 424 359)
4(423 488 489 424)
4(488 553 554 489)
4(553 618 619 554)
4(618 683 684 619)
4(683 748 749 684)
4(748 813 814 749)
4(813 878 879 814)
4(878 943 944 879)
4(943 1008 1009 944)
4(1008 1073 1074 1009)
4(1073 1138 1139 1074)
4(1138 1203 1204 1139)
4(34 99 100 35)
4(99 164 165 100)
4(164 229 230 165)
4(229 294 295 230)
4(294 359 360 295)
4(359 424 425 360)
4(424 489 490 425)
4(489 554 555 490)
4(554 619 620 555)
4(619 684 685 620)
4(684 749 750 685)
4(749 814 815 750)
4(814 879 880 815)
4(879 944 945 880)
4(944 1009 1010 945)
4(1009 1074 1075 1010)
4(1074 1139 1140 1075)
4(1139 1204 1205 1140)
4(35 100 101 36)
4(100 165 166 101)
4(165 230 231 166)
4(230 295 296 231)
4(295 360 361 296)
4(360 425 426 361)
4(425 490 491 426)
4(490 555 556 491)
4(555 620 621 556)
4(620 685 686 621)
4(685 750 751 686)
4(750 815 816 751)
4(815 880 881 816)
4(880 945 946 881)
4(945 1010 1011 946)
4(1010 1075 1076 1011)
4(1075 1140 1141 1076)
4(1140 1205 1206 1141)
4(36 101 102 37)
4(101 166 167 102)
4(166 231 232 167)
4(231 296 297 232)
4(296 361 362 297)
4(361 426 427 362)
4(426 491 492 427)
4(491 556 557 492)
4(556 621 622 557)
4(621 686 687 622)
4(686 751 752 687)
4(751 816 817 752)
4(816 881 882 817)
4(881 946 947 882)
4(946 1011 1012 947)
4(1011 1076 1077 1012)
4(1076 1141 1142 1077)
4(1141 1206 1207 1142)
4(37 102 103 38)
4(102 167 168 103)
4(167 232 233 168)
4(232 297 298 233)
4(297 362 363 298)
4(362 427 428 363)
4(427 492 493 428)
4(492 557 558 493)
4(557 622 623 558)
4(622 687 688 623)
4(687 752 753 688)
4(752 817 818 753)
4(817 882 883 818)
4(882 947 948 883)
4(947 1012 1013 948)
4(1012 1077 1078 1013)
4(1077 1142 1143 1078)
4(1142 1207 1208 1143)
4(38 103 104 39)
4(103 168 169 104)
4(168 233 234 169)
4(233 298 299 234)
4(298 363 364 299)
4(363 428 429 364)
4(428 493 494 429)
4(493 558 559 494)
4(558 623 624 559)
4(623 688 689 624)
4(688 753 754 689)
4(753 818 819 754)
4(818 883 884 819)
4(883 948 949 884)
4(948 1013 1014 949)
4(1013 1078 1079 1014)
4(1078 1143 1144 1079)
4(1143 1208 1209 1144)
4(39 104 105 40)
4(104 169 170 105)
4(169 234 235 170)
4(234 299 300 235)
4(299 364 365 300)
4(364 429 430 365)
4(429 494 495 430)
4(494 559 560 495)
4(559 624 625 560)
4(624 689 690 625)
4(689 754 755 690)
4(754 819 820 755)
4(819 884 885 820)
4(884 949 950 885)
4(949 1014 1015 950)
4(1014 1079 1080 1015)
4(1079 1144 1145 1080)
4(1144 1209 1210 1145)
4(40 105 106 41)
4(105 170 171 106)
4(170 235 236 171)
4(235 300 301 236)
4(300 365 366 301)
4(365 430 431 366)
4(430 495 496 431)
4(495 560 561 496)
4(560 625 626 561)
4(625 690 691 626)
4(690 755 756 691)
4(755 820 821 756)
4(820 885 886 821)
4(885 950 951 886)
4(950 1015 1016 951)
4(1015 1080 1081 1016)
4(1080 1145 1146 1081)
4(1145 1210 1211 1146)
4(41 106 107 42)
4(106 171 172 107)
4(171 236 237 172)
4(236 301 302 237)
4(301 366 367 302)
4(366 431 432 367)
4(431 496 497 432)
4(496 561 562 497)
4(561 626 627 562)
4(626 691 692 627)
4(691 756 757 692)
4(756 821 822 757)
4(821 886 887 822)
4(886 951 952 887)
4(951 1016 1017 952)
4(1016 1081 1082 1017)
4(1081 1146 1147 1082)
4(1146 1211 1212 1147)
4(42 107 108 43)
4(107 172 173 108)
4(172 237 238 173)
4(237 302 303 238)
4(302 367 368 303)
4(367 432 433 368)
4(432 497 498 433)
4(497 562 563 498)
4(562 627 628 563)
4(627 692 693 628)
4(692 757 758 693)
4(757 822 823 758)
4(822 887 888 823)
4(887 952 953 888)
4(952 1017 1018 953)
4(1017 1082 1083 1018)
4(1082 1147 1148 1083)
4(1147 1212 1213 1148)
4(43 108 109 44)
4(108 173 174 109)
4(173 238 239 174)
4(238 303 304 239)
4(303 368 369 304)
4(368 433 434 369)
4(433 498 499 434)
4(498 563 564 499)
4(563 628 629 564)
4(628 693 694 629)
4(693 758 759 694)
4(758 823 824 759)
4(823 888 889 824)
4(888 953 954 889)
4(953 1018 1019 954)
4(1018 1083 1084 1019)
4(1083 1148 1149 1084)
4(1148 1213 1214 1149)
4(44 109 110 45)
4(109 174 175 110)
4(174 239 240 175)
4(239 304 305 240)
4(304 369 370 305)
4(369 434 435 370)
4(434 499 500 435)
4(499 564 565 500)
4(564 629 630 565)
4(629 694 695 630)
4(694 759 760 695)
4(759 824 825 760)
4(824 889 890 825)
4(889 954 955 890)
4(954 1019 1020 955)
4(1019 1084 1085 1020)
4(1084 1149 1150 1085)
4(1149 1214 1215 1150)
4(45 110 111 46)
4(110 175 176 111)
4(175 240 241 176)
4(240 305 306 241)
4(305 370 371 306)
4(370 435 436 371)
4(435 500 501 436)
4(500 565 566 501)
4(565 630 631 566)
4(630 695 696 631)
4(695 760 761 696)
4(760 825 826 761)
4(825 890 891 826)
4(890 955 956 891)
4(955 1020 1021 956)
4(1020 1085 1086 1021)
4(1085 1150 1151 1086)
4(1150 1215 1216 1151)
4(46 111 112 47)
4(111 176 177 112)
4(176 241 242 177)
4(241 306 307 242)
4(306 371 372 307)
4(371 436 437 372)
4(436 501 502 437)
4(501 566 567 502)
4(566 631 632 567)
4(631 696 697 632)
4(696 761 762 697)
4(761 826 827 762)
4(826 891 892 827)
4(891 956 957 892)
4(956 1021 1022 957)
4(1021 1086 1087 1022)
4(1086 1151 1152 1087)
4(1151 1216 1217 1152)
4(47 112 113 48)
4(112 177 178 113)
4(177 242 243 178)
4(242 307 308 243)
4(307 372 373 308)
4(372 437 438 373)
4(437 502 503 438)
4(502 567 568 503)
4(567 632 633 568)
4(632 697 698 633)
4(697 762 763 698)
4(762 827 828 763)
4(827 892 893 828)
4(892 957 958 893)
4(957 1022 1023 958)
4(1022 1087 1088 1023)
4(1087 1152 1153 1088)
4(1152 1217 1218 1153)
4(48 113 114 49)
4(113 178 179 114)
4(178 243 244 179)
4(243 308 309 244)
4(308 373 374 309)
4(373 438 439 374)
4(438 503 504 439)
4(503 568 569 504)
4(568 633 634 569)
4(633 698 699 634)
4(698 763 764 699)
4(763 828 829 764)
4(828 893 894 829)
4(893 958 959 894)
4(958 1023 1024 959)
4(1023 1088 1089 1024)
4(1088 1153 1154 1089)
4(1153 1218 1219 1154)
4(49 114 115 50)
4(114 179 180 115)
4(179 244 245 180)
4(244 309 310 245)
4(309 374 375 310)
4(374 439 440 375)
4(439 504 505 440)
4(504 569 570 505)
4(569 634 635 570)
4(634 699 700 635)
4(699 764 765 700)
4(764 829 830 765)
4(829 894 895 830)
4(894 959 960 895)
4(959 1024 1025 960)
4(1024 1089 1090 1025)
4(1089 1154 1155 1090)
4(1154 1219 1220 1155)
4(50 115 116 51)
4(115 180 181 116)
4(180 245 246 181)
4(245 310 311 246)
4(310 375 376 311)
4(375 440 441 376)
4(440 505 506 441)
4(505 570 571 506)
4(570 635 636 571)
4(635 700 701 636)
4(700 765 766 701)
4(765 830 831 766)
4(830 895 896 831)
4(895 960 961 896)
4(960 1025 1026 961)
4(1025 1090 1091 1026)
4(1090 1155 1156 1091)
4(1155 1220 1221 1156)
4(51 116 117 52)
4(116 181 182 117)
4(181 246 247 182)
4(246 311 312 247)
4(311 376 377 312)
4(376 441 442 377)
4(441 506 507 442)
4(506 571 572 507)
4(571 636 637 572)
4(636 701 702 637)
4(701 766 767 702)
4(766 831 832 767)
4(831 896 897 832)
4(896 961 962 897)
4(961 1026 1027 962)
4(1026 1091 1092 1027)
4(1091 1156 1157 1092)
4(1156 1221 1222 1157)
4(52 117 118 53)
4(117 182 183 118)
4(182 247 248 183)
4(247 312 313 248)
4(312 377 378 313)
4(377 442 443 378)
4(442 507 508 443)
4(507 572 573 508)
4(572 637 638 573)
4(637 702 703 638)
4(702 767 768 703)
4(767 832 833 768)
4(832 897 898 833)
4(897 962 963 898)
4(962 1027 1028 963)
4(1027 1092 1093 1028)
4(1092 1157 1158 1093)
4(1157 1222 1223 1158)
4(53 118 119 54)
4(118 183 184 119)
4(183 248 249 184)
4(248 313 314 249)
4(313 378 379 314)
4(378 443 444 379)
4(443 508 509 444)
4(508 573 574 509)
4(573 638 639 574)
4(638 703 704 639)
4(703 768 769 704)
4(768 833 834 769)
4(833 898 899 834)
4(898 963 964 899)
4(963 1028 1029 964)
4(1028 1093 1094 1029)
4(1093 1158 1159 1094)
4(1158 1223 1224 1159)
4(54 119 120 55)
4(119 184 185 120)
4(184 249 250 185)
4(249 314 315 250)
4(314 379 380 315)
4(379 444 445 380)
4(444 509 510 445)
4(509 574 575 510)
4(574 639 640 575)
4(639 704 705 640)
4(704 769 770 705)
4(769 834 835 770)
4(834 899 900 835)
4(899 964 965 900)
4(964 1029 1030 965)
4(1029 1094 1095 1030)
4(1094 1159 1160 1095)
4(1159 1224 1225 1160)
4(55 120 121 56)
4(120 185 186 121)
4(185 250 251 186)
4(250 315 316 251)
4(315 380 381 316)
4(380 445 446 381)
4(445 510 511 446)
4(510 575 576 511)
4(575 640 641 576)
4(640 705 706 641)
4(705 770 771 706)
4(770 835 836 771)
4(835 900 901 836)
4(900 965 966 901)
4(965 1030 1031 966)
4(1030 1095 1096 1031)
4(1095 1160 1161 1096)
4(1160 1225 1226 1161)
4(56 121 122 57)
4(121 186 187 122)
4(186 251 252 187)
4(251 316 317 252)
4(316 381 382 317)
4(381 446 447 382)
4(446 511 512 447)
4(511 576 577 512)
4(576 641 642 577)
4(641 706 707 642)
4(706 771 772 707)
4(771 836 837 772)
4(836 901 902 837)
4(901 966 967 902)
4(966 1031 1032 967)
4(1031 1096 1097 1032)
4(1096 1161 1162 1097)
4(1161 1226 1227 1162)
4(57 122 123 58)
4(122 187 188 123)
4(187 252 253 188)
4(252 317 318 253)
4(317 382 383 318)
4(382 447 448 383)
4(447 512 513 448)
4(512 577 578 513)
4(577 642 643 578)
4(642 707 708 643)
4(707 772 773 708)
4(772 837 838 773)
4(837 902 903 838)
4(902 967 968 903)
4(967 1032 1033 968)
4(1032 1097 1098 1033)
4(1097 1162 1163 1098)
4(1162 1227 1228 1163)
4(58 123 124 59)
4(123 188 189 124)
4(188 253 254 189)
4(253 318 319 254)
4(318 383 384 319)
4(383 448 449 384)
4(448 513 514 449)
4(513 578 579 514)
4(578 643 644 579)
4(643 708 709 644)
4(708 773 774 709)
4(773 838 839 774)
4(838 903 904 839)
4(903 968 969 904)
4(968 1033 1034 969)
4(1033 1098 1099 1034)
4(1098 1163 1164 1099)
4(1163 1228 1229 1164)
4(59 124 125 60)
4(124 189 190 125)
4(189 254 255 190)
4(254 319 320 255)
4(319 384 385 320)
4(384 449 450 385)
4(449 514 515 450)
4(514 579 580 515)
4(579 644 645 580)
4(644 709 710 645)
4(709 774 775 710)
4(774 839 840 775)
4(839 904 905 840)
4(904 969 970 905)
4(969 1034 1035 970)
4(1034 1099 1100 1035)
4(1099 1164 1165 1100)
4(1164 1229 1230 1165)
4(60 125 126 61)
4(125 190 191 126)
4(190 255 256 191)
4(255 320 321 256)
4(320 385 386 321)
4(385 450 451 386)
4(450 515 516 451)
4(515 580 581 516)
4(580 645 646 581)
4(645 710 711 646)
4(710 775 776 711)
4(775 840 841 776)
4(840 905 906 841)
4(905 970 971 906)
4(970 1035 1036 971)
4(1035 1100 1101 1036)
4(1100 1165 1166 1101)
4(1165 1230 1231 1166)
4(61 126 127 62)
4(126 191 192 127)
4(191 256 257 192)
4(256 321 322 257)
4(321 386 387 322)
4(386 451 452 387)
4(451 516 517 452)
4(516 581 582 517)
4(581 646 647 582)
4(646 711 712 647)
4(711 776 777 712)
4(776 841 842 777)
4(841 906 907 842)
4(906 971 972 907)
4(971 1036 1037 972)
4(1036 1101 1102 1037)
4(1101 1166 1167 1102)
4(1166 1231 1232 1167)
4(62 127 128 63)
4(127 192 193 128)
4(192 257 258 193)
4(257 322 323 258)
4(322 387 388 323)
4(387 452 453 388)
4(452 517 518 453)
4(517 582 583 518)
4(582 647 648 583)
4(647 712 713 648)
4(712 777 778 713)
4(777 842 843 778)
4(842 907 908 843)
4(907 972 973 908)
4(972 1037 1038 973)
4(1037 1102 1103 1038)
4(1102 1167 1168 1103)
4(1167 1232 1233 1168)
4(63 128 129 64)
4(128 193 194 129)
4(193 258 259 194)
4(258 323 324 259)
4(323 388 389 324)
4(388 453 454 389)
4(453 518 519 454)
4(518 583 584 519)
4(583 648 649 584)
4(648 713 714 649)
4(713 778 779 714)
4(778 843 844 779)
4(843 908 909 844)
4(908 973 974 909)
4(973 1038 1039 974)
4(1038 1103 1104 1039)
4(1103 1168 1169 1104)
4(1168 1233 1234 1169)
4(1235 1236 1301 1300)
4(1300 1301 1366 1365)
4(1365 1366 1431 1430)
4(1430 1431 1496 1495)
4(1495 1496 1561 1560)
4(1560 1561 1626 1625)
4(1625 1626 1691 1690)
4(1690 1691 1756 1755)
4(1755 1756 1821 1820)
4(1820 1821 1886 1885)
4(1885 1886 1951 1950)
4(1950 1951 2016 2015)
4(2015 2016 2081 2080)
4(2080 2081 2146 2145)
4(2145 2146 2211 2210)
4(2210 2211 2276 2275)
4(2275 2276 2341 2340)
4(2340 2341 2406 2405)
4(1236 1237 1302 1301)
4(1301 1302 1367 1366)
4(1366 1367 1432 1431)
4(1431 1432 1497 1496)
4(1496 1497 1562 1561)
4(1561 1562 1627 1626)
4(1626 1627 1692 1691)
4(1691 1692 1757 1756)
4(1756 1757 1822 1821)
4(1821 1822 1887 1886)
4(1886 1887 1952 1951)
4(1951 1952 2017 2016)
4(2016 2017 2082 2081)
4(2081 2082 2147 2146)
4(2146 2147 2212 2211)
4(2211 2212 2277 2276)
4(2276 2277 2342 2341)
4(2341 2342 2407 2406)
4(1237 1238 1303 1302)
4(1302 1303 1368 1367)
4(1367 1368 1433 1432)
4(1432 1433 1498 1497)
4(1497 1498 1563 1562)
4(1562 1563 1628 1627)
4(1627 1628 1693 1692)
4(1692 1693 1758 1757)
4(1757 1758 1823 1822)
4(1822 1823 1888 1887)
4(1887 1888 1953 1952)
4(1952 1953 2018 2017)
4(2017 2018 2083 2082)
4(2082 2083 2148 2147)
4(2147 2148 2213 2212)
4(2212 2213 2278 2277)
4(2277 2278 2343 2342)
4(2342 2343 2408 2407)
4(1238 1239 1304 1303)
4(1303 1304 1369 1368)
4(1368 1369 1434 1433)
4(1433 1434 1499 1498)
4(1498 1499 1564 1563)
4(1563 1564 1629 1628)
4(1628 1629 1694 1693)
4(1693 1694 1759 1758)
4(1758 1759 1824 1823)
4(1823 1824 1889 1888)
4(1888 1889 1954 1953)
4(1953 1954 2019 2018)
4(2018 2019 2084 2083)
4(2083 2084 2149 2148)
4(2148 2149 2214 2213)
4(2213 2214 2279 2278)
4(2278 2279 2344 2343)
4(2343 2344 2409 2408)
4(1239 1240 1305 1304)
4(1304 1305 1370 1369)
4(1369 1370 1435 1434)
4(1434 1435 1500 1499)
4(1499 1500 1565 1564)
4(1564 1565 1630 1629)
4(1629 1630 1695 1694)
4(1694 1695 1760 1759)
4(1759 1760 1825 1824)
4(1824 1825 1890 1889)
4(1889 1890 1955 1954)
4(1954 1955 2020 2019)
4(2019 2020 2085 2084)
4(2084 2085 2150 2149)
4(2149 2150 2215 2214)
4(2214 2215 2280 2279)
4(2279 2280 2345 2344)
4(2344 2345 2410 2409)
4(1240 1241 1306 1305)
4(1305 1306 1371 1370)
4(1370 1371 1436 1435)
4(1435 1436 1501 1500)
4(1500 1501 1566 1565)
4(1565 1566 1631 1630)
4(1630 1631 1696 1695)
4(1695 1696 1761 1760)
4(1760 1761 1826 1825)
4(1825 1826 1891 1890)
4(1890 1891 1956 1955)
4(1955 1956 2021 2020)
4(2020 2021 2086 2085)
4(2085 2086 2151 2150)
4(2150 2151 2216 2215)
4(2215 2216 2281 2280)
4(2280 2281 2346 2345)
4(2345 2346 2411 2410)
4(1241 1242 1307 1306)
4(1306 1307 1372 1371)
4(1371 1372 1437 1436)
4(1436 1437 1502 1501)
4(1501 1502 1567 1566)
4(1566 1567 1632 1631)
4(1631 1632 1697 1696)
4(1696 1697 1762 1761)
4(1761 1762 1827 1826)
4(1826 1827 1892 1891)
4(1891 1892 1957 1956)
4(1956 1957 2022 2021)
4(2021 2022 2087 2086)
4(2086 2087 2152 2151)
4(2151 2152 2217 2216)
4(2216 2217 2282 2281)
4(2281 2282 2347 2346)
4(2346 2347 2412 2411)
4(1242 1243 1308 1307)
4(1307 1308 1373 1372)
4(1372 1373 1438 1437)
4(1437 1438 1503 1502)
4(1502 1503 1568 1567)
4(1567 1568 1633 1632)
4(1632 1633 1698 1697)
4(1697 1698 1763 1762)
4(1762 1763 1828 1827)
4(1827 1828 1893 1892)
4(1892 1893 1958 1957)
4(1957 1958 2023 2022)
4(2022 2023 2088 2087)
4(2087 2088 2153 2152)
4(2152 2153 2218 2217)
4(2217 2218 2283 2282)
4(2282 2283 2348 2347)
4(2347 2348 2413 2412)
4(1243 1244 1309 1308)
4(1308 1309 1374 1373)
4(1373 1374 1439 1438)
4(1438 1439 1504 1503)
4(1503 1504 1569 1568)
4(1568 1569 1634 1633)
4(1633 1634 1699 1698)
4(1698 1699 1764 1763)
4(1763 1764 1829 1828)
4(1828 1829 1894 1893)
4(1893 1894 1959 1958)
4(1958 1959 2024 2023)
4(2023 2024 2089 2088)
4(2088 2089 2154 2153)
4(2153 2154 2219 2218)
4(2218 2219 2284 2283)
4(2283 2284 2349 2348)
4(2348 2349 2414 2413)
4(1244 1245 1310 1309)
4(1309 1310 1375 1374)
4(1374 1375 1440 1439)
4(1439 1440 1505 1504)
4(1504 1505 1570 1569)
4(1569 1570 1635 1634)
4(1634 1635 1700 1699)
4(1699 1700 1765 1764)
4(1764 1765 1830 1829)
4(1829 1830 1895 1894)
4(1894 1895 1960 1959)
4(1959 1960 2025 2024)
4(2024 2025 2090 2089)
4(2089 2090 2155 2154)
4(2154 2155 2220 2219)
4(2219 2220 2285 2284)
4(2284 2285 2350 2349)
4(2349 2350 2415 2414)
4(1245 1246 1311 1310)
4(1310 1311 1376 1375)
4(1375 1376 1441 1440)
4(1440 1441 1506 1505)
4(1505 1506 1571 1570)
4(1570 1571 1636 1635)
4(1635 1636 1701 1700)
4(1700 1701 1766 1765)
4(1765 1766 1831 1830)
4(1830 1831 1896 1895)
4(1895 1896 1961 1960)
4(1960 1961 2026 2025)
4(2025 2026 2091 2090)
4(2090 2091 2156 2155)
4(2155 2156 2221 2220)
4(2220 2221 2286 2285)
4(2285 2286 2351 2350)
4(2350 2351 2416 2415)
4(1246 1247 1312 1311)
4(1311 1312 1377 1376)
4(1376 1377 1442 1441)
4(1441 1442 1507 1506)
4(1506 1507 1572 1571)
4(1571 1572 1637 1636)
4(1636 1637 1702 1701)
4(1701 1702 1767 1766)
4(1766 1767 1832 1831)
4(1831 1832 1897 1896)
4(1896 1897 1962 1961)
4(1961 1962 2027 2026)
4(2026 2027 2092 2091)
4(2091 2092 2157 2156)
4(2156 2157 2222 2221)
4(2221 2222 2287 2286)
4(2286 2287 2352 2351)
4(2351 2352 2417 2416)
4(1247 1248 1313 1312)
4(1312 1313 1378 1377)
4(1377 1378 1443 1442)
4(1442 1443 1508 1507)
4(1507 1508 1573 1572)
4(1572 1573 1638 1637)
4(1637 1638 1703 1702)
4(1702 1703 1768 1767)
4(1767 1768 1833 1832)
4(1832 1833 1898 1897)
4(1897 1898 1963 1962)
4(1962 1963 2028 2027)
4(2027 2028 2093 2092)
4(2092 2093 2158 2157)
4(2157 2158 2223 2222)
4(2222 2223 2288 2287)
4(2287 2288 2353 2352)
4(2352 2353 2418 2417)
4(1248 1249 1314 1313)
4(1313 1314 1379 1378)
4(1378 1379 1444 1443)
4(1443 1444 1509 1508)
4(1508 1509 1574 1573)
4(1573 1574 1639 1638)
4(1638 1639 1704 1703)
4(1703 1704 1769 1768)
4(1768 1769 1834 1833)
4(1833 1834 1899 1898)
4(1898 1899 1964 1963)
4(1963 1964 2029 2028)
4(2028 2029 2094 2093)
4(2093 2094 2159 2158)
4(2158 2159 2224 2223)
4(2223 2224 2289 2288)
4(2288 2289 2354 2353)
4(2353 2354 2419 2418)
4(1249 1250 1315 1314)
4(1314 1315 1380 1379)
4(1379 1380 1445 1444)
4(1444 1445 1510 1509)
4(1509 1510 1575 1574)
4(1574 1575 1640 1639)
4(1639 1640 1705 1704)
4(1704 1705 1770 1769)
4(1769 1770 1835 1834)
4(1834 1835 1900 1899)
4(1899 1900 1965 1964)
4(1964 1965 2030 2029)
4(2029 2030 2095 2094)
4(2094 2095 2160 2159)
4(2159 2160 2225 2224)
4(2224 2225 2290 2289)
4(2289 2290 2355 2354)
4(2354 2355 2420 2419)
4(1250 1251 1316 1315)
4(1315 1316 1381 1380)
4(1380 1381 1446 1445)
4(1445 1446 1511 1510)
4(1510 1511 1576 1575)
4(1575 1576 1641 1640)
4(1640 1641 1706 1705)
4(1705 1706 1771 1770)
4(1770 1771 1836 1835)
4(1835 1836 1901 1900)
4(1900 1901 1966 1965)
4(1965 1966 2031 2030)
4(2030 2031 2096 2095)
4(2095 2096 2161 2160)
4(2160 2161 2226 2225)
4(2225 2226 2291 2290)
4(2290 2291 2356 2355)
4(2355 2356 2421 2420)
4(1251 1252 1317 1316)
4(1316 1317 1382 1381)
4(1381 1382 1447 1446)
4(1446 1447 1512 1511)
4(1511 1512 1577 1576)
4(1576 1577 1642 1641)
4(1641 1642 1707 1706)
4(1706 1707 1772 1771)
4(1771 1772 1837 1836)
4(1836 1837 1902 1901)
4(1901 1902 1967 1966)
4(1966 1967 2032 2031)
4(2031 2032 2097 2096)
4(2096 2097 2162 2161)
4(2161 2162 2227 2226)
4(2226 2227 2292 2291)
4(2291 2292 2357 2356)
4(2356 2357 2422 2421)
4(1252 1253 1318 1317)
4(1317 1318 1383 1382)
4(1382 1383 1448 1447)
4(1447 1448 1513 1512)
4(1512 1513 1578 1577)
4(1577 1578 1643 1642)
4(1642 1643 1708 1707)
4(1707 1708 1773 1772)
4(1772 1773 1838 1837)
4(1837 1838 1903 1902)
4(1902 1903 1968 1967)
4(1967 1968 2033 2032)
4(2032 2033 2098 2097)
4(2097 2098 2163 2162)
4(2162 2163 2228 2227)
4(2227 2228 2293 2292)
4(2292 2293 2358 2357)
4(2357 2358 2423 2422)
4(1253 1254 1319 1318)
4(1318 1319 1384 1383)
4(1383 1384 1449 1448)
4(1448 1449 1514 1513)
4(1513 1514 1579 1578)
4(1578 1579 1644 1643)
4(1643 1644 1709 1708)
4(1708 1709 1774 1773)
4(1773 1774 1839 1838)
4(1838 1839 1904 1903)
4(1903 1904 1969 1968)
4(1968 1969 2034 2033)
4(2033 2034 2099 2098)
4(2098 2099 2164 2163)
4(2163 2164 2229 2228)
4(2228 2229 2294 2293)
4(2293 2294 2359 2358)
4(2358 2359 2424 2423)
4(1254 1255 1320 1319)
4(1319 1320 1385 1384)
4(1384 1385 1450 1449)
4(1449 1450 1515 1514)
4(1514 1515 1580 1579)
4(1579 1580 1645 1644)
4(1644 1645 1710 1709)
4(1709 1710 1775 1774)
4(1774 1775 1840 1839)
4(1839 1840 1905 1904)
4(1904 1905 1970 1969)
4(1969 1970 2035 2034)
4(2034 2035 2100 2099)
4(2099 2100 2165 2164)
4(2164 2165 2230 2229)
4(2229 2230 2295 2294)
4(2294 2295 2360 2359)
4(2359 2360 2425 2424)
4(1255 1256 1321 1320)
4(1320 1321 1386 1385)
4(1385 1386 1451 1450)
4(1450 1451 1516 1515)
4(1515 1516 1581 1580)
4(1580 1581 1646 1645)
4(1645 1646 1711 1710)
4(1710 1711 1776 1775)
4(1775 1776 1841 1840)
4(1840 1841 1906 1905)
4(1905 1906 1971 1970)
4(1970 1971 2036 2035)
4(2035 2036 2101 2100)
4(2100 2101 2166 2165)
4(2165 2166 2231 2230)
4(2230 2231 2296 2295)
4(2295 2296 2361 2360)
4(2360 2361 2426 2425)
4(1256 1257 1322 1321)
4(1321 1322 1387 1386)
4(1386 1387 1452 1451)
4(1451 1452 1517 1516)
4(1516 1517 1582 1581)
4(1581 1582 1647 1646)
4(1646 1647 1712 1711)
4(1711 1712 1777 1776)
4(1776 1777 1842 1841)
4(1841 1842 1907 1906)
4(1906 1907 1972 1971)
4(1971 1972 2037 2036)
4(2036 2037 2102 2101)
4(2101 2102 2167 2166)
4(2166 2167 2232 2231)
4(2231 2232 2297 2296)
4(2296 2297 2362 2361)
4(2361 2362 2427 2426)
4(1257 1258 1323 1322)
4(1322 1323 1388 1387)
4(1387 1388 1453 1452)
4(1452 1453 1518 1517)
4(1517 1518 1583 1582)
4(1582 1583 1648 1647)
4(1647 1648 1713 1712)
4(1712 1713 1778 1777)
4(1777 1778 1843 1842)
4(1842 1843 1908 1907)
4(1907 1908 1973 1972)
4(1972 1973 2038 2037)
4(2037 2038 2103 2102)
4(2102 2103 2168 2167)
4(2167 2168 2233 2232)
4(2232 2233 2298 2297)
4(2297 2298 2363 2362)
4(2362 2363 2428 2427)
4(1258 1259 1324 1323)
4(1323 1324 1389 1388)
4(1388 1389 1454 1453)
4(1453 1454 1519 1518)
4(1518 1519 1584 1583)
4(1583 1584 1649 1648)
4(1648 1649 1714 1713)
4(1713 1714 1779 1778)
4(1778 1779 1844 1843)
4(1843 1844 1909 1908)
4(1908 1909 1974 1973)
4(1973 1974 2039 2038)
4(2038 2039 2104 2103)
4(2103 2104 2169 2168)
4(2168 2169 2234 2233)
4(2233 2234 2299 2298)
4(2298 2299 2364 2363)
4(2363 2364 2429 2428)
4(1259 1260 1325 1324)
4(1324 1325 1390 1389)
4(1389 1390 1455 1454)
4(1454 1455 1520 1519)
4(1519 1520 1585 1584)
4(1584 1585 1650 1649)
4(1649 1650 1715 1714)
4(1714 1715 1780 1779)
4(1779 1780 1845 1844)
4(1844 1845 1910 1909)
4(1909 1910 1975 1974)
4(1974 1975 2040 2039)
4(2039 2040 2105 2104)
4(2104 2105 2170 2169)
4(2169 2170 2235 2234)
4(2234 2235 2300 2299)
4(2299 2300 2365 2364)
4(2364 2365 2430 2429)
4(1260 1261 1326 1325)
4(1325 1326 1391 1390)
4(1390 1391 1456 1455)
4(1455 1456 1521 1520)
4(1520 1521 1586 1585)
4(1585 1586 1651 1650)
4(1650 1651 1716 1715)
4(1715 1716 1781 1780)
4(1780 1781 1846 1845)
4(1845 1846 1911 1910)
4(1910 1911 1976 1975)
4(1975 1976 2041 2040)
4(2040 2041 2106 2105)
4(2105 2106 2171 2170)
4(2170 2171 2236 2235)
4(2235 2236 2301 2300)
4(2300 2301 2366 2365)
4(2365 2366 2431 2430)
4(1261 1262 1327 1326)
4(1326 1327 1392 1391)
4(1391 1392 1457 1456)
4(1456 1457 1522 1521)
4(1521 1522 1587 1586)
4(1586 1587 1652 1651)
4(1651 1652 1717 1716)
4(1716 1717 1782 1781)
4(1781 1782 1847 1846)
4(1846 1847 1912 1911)
4(1911 1912 1977 1976)
4(1976 1977 2042 2041)
4(2041 2042 2107 2106)
4(2106 2107 2172 2171)
4(2171 2172 2237 2236)
4(2236 2237 2302 2301)
4(2301 2302 2367 2366)
4(2366 2367 2432 2431)
4(1262 1263 1328 1327)
4(1327 1328 1393 1392)
4(1392 1393 1458 1457)
4(1457 1458 1523 1522)
4(1522 1523 1588 1587)
4(1587 1588 1653 1652)
4(1652 1653 1718 1717)
4(1717 1718 1783 1782)
4(1782 1783 1848 1847)
4(1847 1848 1913 1912)
4(1912 1913 1978 1977)
4(1977 1978 2043 2042)
4(2042 2043 2108 2107)
4(2107 2108 2173 2172)
4(2172 2173 2238 2237)
4(2237 2238 2303 2302)
4(2302 2303 2368 2367)
4(2367 2368 2433 2432)
4(1263 1264 1329 1328)
4(1328 1329 1394 1393)
4(1393 1394 1459 1458)
4(1458 1459 1524 1523)
4(1523 1524 1589 1588)
4(1588 1589 1654 1653)
4(1653 1654 1719 1718)
4(1718 1719 1784 1783)
4(1783 1784 1849 1848)
4(1848 1849 1914 1913)
4(1913 1914 1979 1978)
4(1978 1979 2044 2043)
4(2043 2044 2109 2108)
4(2108 2109 2174 2173)
4(2173 2174 2239 2238)
4(2238 2239 2304 2303)
4(2303 2304 2369 2368)
4(2368 2369 2434 2433)
4(1264 1265 1330 1329)
4(1329 1330 1395 1394)
4(1394 1395 1460 1459)
4(1459 1460 1525 1524)
4(1524 1525 1590 1589)
4(1589 1590 1655 1654)
4(1654 1655 1720 1719)
4(1719 1720 1785 1784)
4(1784 1785 1850 1849)
4(1849 1850 1915 1914)
4(1914 1915 1980 1979)
4(1979 1980 2045 2044)
4(2044 2045 2110 2109)
4(2109 2110 2175 2174)
4(2174 2175 2240 2239)
4(2239 2240 2305 2304)
4(2304 2305 2370 2369)
4(2369 2370 2435 2434)
4(1265 1266 1331 1330)
4(1330 1331 1396 1395)
4(1395 1396 1461 1460)
4(1460 1461 1526 1525)
4(1525 1526 1591 1590)
4(1590 1591 1656 1655)
4(1655 1656 1721 1720)
4(1720 1721 1786 1785)
4(1785 1786 1851 1850)
4(1850 1851 1916 1915)
4(1915 1916 1981 1980)
4(1980 1981 2046 2045)
4(2045 2046 2111 2110)
4(2110 2111 2176 2175)
4(2175 2176 2241 2240)
4(2240 2241 2306 2305)
4(2305 2306 2371 2370)
4(2370 2371 2436 2435)
4(1266 1267 1332 1331)
4(1331 1332 1397 1396)
4(1396 1397 1462 1461)
4(1461 1462 1527 1526)
4(1526 1527 1592 1591)
4(1591 1592 1657 1656)
4(1656 1657 1722 1721)
4(1721 1722 1787 1786)
4(1786 1787 1852 1851)
4(1851 1852 1917 1916)
4(1916 1917 1982 1981)
4(1981 1982 2047 2046)
4(2046 2047 2112 2111)
4(2111 2112 2177 2176)
4(2176 2177 2242 2241)
4(2241 2242 2307 2306)
4(2306 2307 2372 2371)
4(2371 2372 2437 2436)
4(1267 1268 1333 1332)
4(1332 1333 1398 1397)
4(1397 1398 1463 1462)
4(1462 1463 1528 1527)
4(1527 1528 1593 1592)
4(1592 1593 1658 1657)
4(1657 1658 1723 1722)
4(1722 1723 1788 1787)
4(1787 1788 1853 1852)
4(1852 1853 1918 1917)
4(1917 1918 1983 1982)
4(1982 1983 2048 2047)
4(2047 2048 2113 2112)
4(2112 2113 2178 2177)
4(2177 2178 2243 2242)
4(2242 2243 2308 2307)
4(2307 2308 2373 2372)
4(2372 2373 2438 2437)
4(1268 1269 1334 1333)
4(1333 1334 1399 1398)
4(1398 1399 1464 1463)
4(1463 1464 1529 1528)
4(1528 1529 1594 1593)
4(1593 1594 1659 1658)
4(1658 1659 1724 1723)
4(1723 1724 1789 1788)
4(1788 1789 1854 1853)
4(1853 1854 1919 1918)
4(1918 1919 1984 1983)
4(1983 1984 2049 2048)
4(2048 2049 2114 2113)
4(2113 2114 2179 2178)
4(2178 2179 2244 2243)
4(2243 2244 2309 2308)
4(2308 2309 2374 2373)
4(2373 2374 2439 2438)
4(1269 1270 1335 1334)
4(1334 1335 1400 1399)
4(1399 1400 1465 1464)
4(1464 1465 1530 1529)
4(1529 1530 1595 1594)
4(1594 1595 1660 1659)
4(1659 1660 1725 1724)
4(1724 1725 1790 1789)
4(1789 1790 1855 1854)
4(1854 1855 1920 1919)
4(1919 1920 1985 1984)
4(1984 1985 2050 2049)
4(2049 2050 2115 2114)
4(2114 2115 2180 2179)
4(2179 2180 2245 2244)
4(2244 2245 2310 2309)
4(2309 2310 2375 2374)
4(2374 2375 2440 2439)
4(1270 1271 1336 1335)
4(1335 1336 1401 1400)
4(1400 1401 1466 1465)
4(1465 1466 1531 1530)
4(1530 1531 1596 1595)
4(1595 1596 1661 1660)
4(1660 1661 1726 1725)
4(1725 1726 1791 1790)
4(1790 1791 1856 1855)
4(1855 1856 1921 1920)
4(1920 1921 1986 1985)
4(1985 1986 2051 2050)
4(2050 2051 2116 2115)
4(2115 2116 2181 2180)
4(2180 2181 2246 2245)
4(2245 2246 2311 2310)
4(2310 2311 2376 2375)
4(2375 2376 2441 2440)
4(1271 1272 1337 1336)
4(1336 1337 1402 1401)
4(1401 1402 1467 1466)
4(1466 1467 1532 1531)
4(1531 1532 1597 1596)
4(1596 1597 1662 1661)
4(1661 1662 1727 1726)
4(1726 1727 1792 1791)
4(1791 1792 1857 1856)
4(1856 1857 1922 1921)
4(1921 1922 1987 1986)
4(1986 1987 2052 2051)
4(2051 2052 2117 2116)
4(2116 2117 2182 2181)
4(2181 2182 2247 2246)
4(2246 2247 2312 2311)
4(2311 2312 2377 2376)
4(2376 2377 2442 2441)
4(1272 1273 1338 1337)
4(1337 1338 1403 1402)
4(1402 1403 1468 1467)
4(1467 1468 1533 1532)
4(1532 1533 1598 1597)
4(1597 1598 1663 1662)
4(1662 1663 1728 1727)
4(1727 1728 1793 1792)
4(1792 1793 1858 1857)
4(1857 1858 1923 1922)
4(1922 1923 1988 1987)
4(1987 1988 2053 2052)
4(2052 2053 2118 2117)
4(2117 2118 2183 2182)
4(2182 2183 2248 2247)
4(2247 2248 2313 2312)
4(2312 2313 2378 2377)
4(2377 2378 2443 2442)
4(1273 1274 1339 1338)
4(1338 1339 1404 1403)
4(1403 1404 1469 1468)
4(1468 1469 1534 1533)
4(1533 1534 1599 1598)
4(1598 1599 1664 1663)
4(1663 1664 1729 1728)
4(1728 1729 1794 1793)
4(1793 1794 1859 1858)
4(1858 1859 1924 1923)
4(1923 1924 1989 1988)
4(1988 1989 2054 2053)
4(2053 2054 2119 2118)
4(2118 2119 2184 2183)
4(2183 2184 2249 2248)
4(2248 2249 2314 2313)
4(2313 2314 2379 2378)
4(2378 2379 2444 2443)
4(1274 1275 1340 1339)
4(1339 1340 1405 1404)
4(1404 1405 1470 1469)
4(1469 1470 1535 1534)
4(1534 1535 1600 1599)
4(1599 1600 1665 1664)
4(1664 1665 1730 1729)
4(1729 1730 1795 1794)
4(1794 1795 1860 1859)
4(1859 1860 1925 1924)
4(1924 1925 1990 1989)
4(1989 1990 2055 2054)
4(2054 2055 2120 2119)
4(2119 2120 2185 2184)
4(2184 2185 2250 2249)
4(2249 2250 2315 2314)
4(2314 2315 2380 2379)
4(2379 2380 2445 2444)
4(1275 1276 1341 1340)
4(1340 1341 1406 1405)
4(1405 1406 1471 1470)
4(1470 1471 1536 1535)
4(1535 1536 1601 1600)
4(1600 1601 1666 1665)
4(1665 1666 1731 1730)
4(1730 1731 1796 1795)
4(1795 1796 1861 1860)
4(1860 1861 1926 1925)
4(1925 1926 1991 1990)
4(1990 1991 2056 2055)
4(2055 2056 2121 2120)
4(2120 2121 2186 2185)
4(2185 2186 2251 2250)
4(2250 2251 2316 2315)
4(2315 2316 2381 2380)
4(2380 2381 2446 2445)
4(1276 1277 1342 1341)
4(1341 1342 1407 1406)
4(1406 1407 1472 1471)
4(1471 1472 1537 1536)
4(1536 1537 1602 1601)
4(1601 1602 1667 1666)
4(1666 1667 1732 1731)
4(1731 1732 1797 1796)
4(1796 1797 1862 1861)
4(1861 1862 1927 1926)
4(1926 1927 1992 1991)
4(1991 1992 2057 2056)
4(2056 2057 2122 2121)
4(2121 2122 2187 2186)
4(2186 2187 2252 2251)
4(2251 2252 2317 2316)
4(2316 2317 2382 2381)
4(2381 2382 2447 2446)
4(1277 1278 1343 1342)
4(1342 1343 1408 1407)
4(1407 1408 1473 1472)
4(1472 1473 1538 1537)
4(1537 1538 1603 1602)
4(1602 1603 1668 1667)
4(1667 1668 1733 1732)
4(1732 1733 1798 1797)
4(1797 1798 1863 1862)
4(1862 1863 1928 1927)
4(1927 1928 1993 1992)
4(1992 1993 2058 2057)
4(2057 2058 2123 2122)
4(2122 2123 2188 2187)
4(2187 2188 2253 2252)
4(2252 2253 2318 2317)
4(2317 2318 2383 2382)
4(2382 2383 2448 2447)
4(1278 1279 1344 1343)
4(1343 1344 1409 1408)
4(1408 1409 1474 1473)
4(1473 1474 1539 1538)
4(1538 1539 1604 1603)
4(1603 1604 1669 1668)
4(1668 1669 1734 1733)
4(1733 1734 1799 1798)
4(1798 1799 1864 1863)
4(1863 1864 1929 1928)
4(1928 1929 1994 1993)
4(1993 1994 2059 2058)
4(2058 2059 2124 2123)
4(2123 2124 2189 2188)
4(2188 2189 2254 2253)
4(2253 2254 2319 2318)
4(2318 2319 2384 2383)
4(2383 2384 2449 2448)
4(1279 1280 1345 1344)
4(1344 1345 1410 1409)
4(1409 1410 1475 1474)
4(1474 1475 1540 1539)
4(1539 1540 1605 1604)
4(1604 1605 1670 1669)
4(1669 1670 1735 1734)
4(1734 1735 1800 1799)
4(1799 1800 1865 1864)
4(1864 1865 1930 1929)
4(1929 1930 1995 1994)
4(1994 1995 2060 2059)
4(2059 2060 2125 2124)
4(2124 2125 2190 2189)
4(2189 2190 2255 2254)
4(2254 2255 2320 2319)
4(2319 2320 2385 2384)
4(2384 2385 2450 2449)
4(1280 1281 1346 1345)
4(1345 1346 1411 1410)
4(1410 1411 1476 1475)
4(1475 1476 1541 1540)
4(1540 1541 1606 1605)
4(1605 1606 1671 1670)
4(1670 1671 1736 1735)
4(1735 1736 1801 1800)
4(1800 1801 1866 1865)
4(1865 1866 1931 1930)
4(1930 1931 1996 1995)
4(1995 1996 2061 2060)
4(2060 2061 2126 2125)
4(2125 2126 2191 2190)
4(2190 2191 2256 2255)
4(2255 2256 2321 2320)
4(2320 2321 2386 2385)
4(2385 2386 2451 2450)
4(1281 1282 1347 1346)
4(1346 1347 1412 1411)
4(1411 1412 1477 1476)
4(1476 1477 1542 1541)
4(1541 1542 1607 1606)
4(1606 1607 1672 1671)
4(1671 1672 1737 1736)
4(1736 1737 1802 1801)
4(1801 1802 1867 1866)
4(1866 1867 1932 1931)
4(1931 1932 1997 1996)
4(1996 1997 2062 2061)
4(2061 2062 2127 2126)
4(2126 2127 2192 2191)
4(2191 2192 2257 2256)
4(2256 2257 2322 2321)
4(2321 2322 2387 2386)
4(2386 2387 2452 2451)
4(1282 1283 1348 1347)
4(1347 1348 1413 1412)
4(1412 1413 1478 1477)
4(1477 1478 1543 1542)
4(1542 1543 1608 1607)
4(1607 1608 1673 1672)
4(1672 1673 1738 1737)
4(1737 1738 1803 1802)
4(1802 1803 1868 1867)
4(1867 1868 1933 1932)
4(1932 1933 1998 1997)
4(1997 1998 2063 2062)
4(2062 2063 2128 2127)
4(2127 2128 2193 2192)
4(2192 2193 2258 2257)
4(2257 2258 2323 2322)
4(2322 2323 2388 2387)
4(2387 2388 2453 2452)
4(1283 1284 1349 1348)
4(1348 1349 1414 1413)
4(1413 1414 1479 1478)
4(1478 1479 1544 1543)
4(1543 1544 1609 1608)
4(1608 1609 1674 1673)
4(1673 1674 1739 1738)
4(1738 1739 1804 1803)
4(1803 1804 1869 1868)
4(1868 1869 1934 1933)
4(1933 1934 1999 1998)
4(1998 1999 2064 2063)
4(2063 2064 2129 2128)
4(2128 2129 2194 2193)
4(2193 2194 2259 2258)
4(2258 2259 2324 2323)
4(2323 2324 2389 2388)
4(2388 2389 2454 2453)
4(1284 1285 1350 1349)
4(1349 1350 1415 1414)
4(1414 1415 1480 1479)
4(1479 1480 1545 1544)
4(1544 1545 1610 1609)
4(1609 1610 1675 1674)
4(1674 1675 1740 1739)
4(1739 1740 1805 1804)
4(1804 1805 1870 1869)
4(1869 1870 1935 1934)
4(1934 1935 2000 1999)
4(1999 2000 2065 2064)
4(2064 2065 2130 2129)
4(2129 2130 2195 2194)
4(2194 2195 2260 2259)
4(2259 2260 2325 2324)
4(2324 2325 2390 2389)
4(2389 2390 2455 2454)
4(1285 1286 1351 1350)
4(1350 1351 1416 1415)
4(1415 1416 1481 1480)
4(1480 1481 1546 1545)
4(1545 1546 1611 1610)
4(1610 1611 1676 1675)
4(1675 1676 1741 1740)
4(1740 1741 1806 1805)
4(1805 1806 1871 1870)
4(1870 1871 1936 1935)
4(1935 1936 2001 2000)
4(2000 2001 2066 2065)
4(2065 2066 2131 2130)
4(2130 2131 2196 2195)
4(2195 2196 2261 2260)
4(2260 2261 2326 2325)
4(2325 2326 2391 2390)
4(2390 2391 2456 2455)
4(1286 1287 1352 1351)
4(1351 1352 1417 1416)
4(1416 1417 1482 1481)
4(1481 1482 1547 1546)
4(1546 1547 1612 1611)
4(1611 1612 1677 1676)
4(1676 1677 1742 1741)
4(1741 1742 1807 1806)
4(1806 1807 1872 1871)
4(1871 1872 1937 1936)
4(1936 1937 2002 2001)
4(2001 2002 2067 2066)
4(2066 2067 2132 2131)
4(2131 2132 2197 2196)
4(2196 2197 2262 2261)
4(2261 2262 2327 2326)
4(2326 2327 2392 2391)
4(2391 2392 2457 2456)
4(1287 1288 1353 1352)
4(1352 1353 1418 1417)
4(1417 1418 1483 1482)
4(1482 1483 1548 1547)
4(1547 1548 1613 1612)
4(1612 1613 1678 1677)
4(1677 1678 1743 1742)
4(1742 1743 1808 1807)
4(1807 1808 1873 1872)
4(1872 1873 1938 1937)
4(1937 1938 2003 2002)
4(2002 2003 2068 2067)
4(2067 2068 2133 2132)
4(2132 2133 2198 2197)
4(2197 2198 2263 2262)
4(2262 2263 2328 2327)
4(2327 2328 2393 2392)
4(2392 2393 2458 2457)
4(1288 1289 1354 1353)
4(1353 1354 1419 1418)
4(1418 1419 1484 1483)
4(1483 1484 1549 1548)
4(1548 1549 1614 1613)
4(1613 1614 1679 1678)
4(1678 1679 1744 1743)
4(1743 1744 1809 1808)
4(1808 1809 1874 1873)
4(1873 1874 1939 1938)
4(1938 1939 2004 2003)
4(2003 2004 2069 2068)
4(2068 2069 2134 2133)
4(2133 2134 2199 2198)
4(2198 2199 2264 2263)
4(2263 2264 2329 2328)
4(2328 2329 2394 2393)
4(2393 2394 2459 2458)
4(1289 1290 1355 1354)
4(1354 1355 1420 1419)
4(1419 1420 1485 1484)
4(1484 1485 1550 1549)
4(1549 1550 1615 1614)
4(1614 1615 1680 1679)
4(1679 1680 1745 1744)
4(1744 1745 1810 1809)
4(1809 1810 1875 1874)
4(1874 1875 1940 1939)
4(1939 1940 2005 2004)
4(2004 2005 2070 2069)
4(2069 2070 2135 2134)
4(2134 2135 2200 2199)
4(2199 2200 2265 2264)
4(2264 2265 2330 2329)
4(2329 2330 2395 2394)
4(2394 2395 2460 2459)
4(1290 1291 1356 1355)
4(1355 1356 1421 1420)
4(1420 1421 1486 1485)
4(1485 1486 1551 1550)
4(1550 1551 1616 1615)
4(1615 1616 1681 1680)
4(1680 1681 1746 1745)
4(1745 1746 1811 1810)
4(1810 1811 1876 1875)
4(1875 1876 1941 1940)
4(1940 1941 2006 2005)
4(2005 2006 2071 2070)
4(2070 2071 2136 2135)
4(2135 2136 2201 2200)
4(2200 2201 2266 2265)
4(2265 2266 2331 2330)
4(2330 2331 2396 2395)
4(2395 2396 2461 2460)
4(1291 1292 1357 1356)
4(1356 1357 1422 1421)
4(1421 1422 1487 1486)
4(1486 1487 1552 1551)
4(1551 1552 1617 1616)
4(1616 1617 1682 1681)
4(1681 1682 1747 1746)
4(1746 1747 1812 1811)
4(1811 1812 1877 1876)
4(1876 1877 1942 1941)
4(1941 1942 2007 2006)
4(2006 2007 2072 2071)
4(2071 2072 2137 2136)
4(2136 2137 2202 2201)
4(2201 2202 2267 2266)
4(2266 2267 2332 2331)
4(2331 2332 2397 2396)
4(2396 2397 2462 2461)
4(1292 1293 1358 1357)
4(1357 1358 1423 1422)
4(1422 1423 1488 1487)
4(1487 1488 1553 1552)
4(1552 1553 1618 1617)
4(1617 1618 1683 1682)
4(1682 1683 1748 1747)
4(1747 1748 1813 1812)
4(1812 1813 1878 1877)
4(1877 1878 1943 1942)
4(1942 1943 2008 2007)
4(2007 2008 2073 2072)
4(2072 2073 2138 2137)
4(2137 2138 2203 2202)
4(2202 2203 2268 2267)
4(2267 2268 2333 2332)
4(2332 2333 2398 2397)
4(2397 2398 2463 2462)
4(1293 1294 1359 1358)
4(1358 1359 1424 1423)
4(1423 1424 1489 1488)
4(1488 1489 1554 1553)
4(1553 1554 1619 1618)
4(1618 1619 1684 1683)
4(1683 1684 1749 1748)
4(1748 1749 1814 1813)
4(1813 1814 1879 1878)
4(1878 1879 1944 1943)
4(1943 1944 2009 2008)
4(2008 2009 2074 2073)
4(2073 2074 2139 2138)
4(2138 2139 2204 2203)
4(2203 2204 2269 2268)
4(2268 2269 2334 2333)
4(2333 2334 2399 2398)
4(2398 2399 2464 2463)
4(1294 1295 1360 1359)
4(1359 1360 1425 1424)
4(1424 1425 1490 1489)
4(1489 1490 1555 1554)
4(1554 1555 1620 1619)
4(1619 1620 1685 1684)
4(1684 1685 1750 1749)
4(1749 1750 1815 1814)
4(1814 1815 1880 1879)
4(1879 1880 1945 1944)
4(1944 1945 2010 2009)
4(2009 2010 2075 2074)
4(2074 2075 2140 2139)
4(2139 2140 2205 2204)
4(2204 2205 2270 2269)
4(2269 2270 2335 2334)
4(2334 2335 2400 2399)
4(2399 2400 2465 2464)
4(1295 1296 1361 1360)
4(1360 1361 1426 1425)
4(1425 1426 1491 1490)
4(1490 1491 1556 1555)
4(1555 1556 1621 1620)
4(1620 1621 1686 1685)
4(1685 1686 1751 1750)
4(1750 1751 1816 1815)
4(1815 1816 1881 1880)
4(1880 1881 1946 1945)
4(1945 1946 2011 2010)
4(2010 2011 2076 2075)
4(2075 2076 2141 2140)
4(2140 2141 2206 2205)
4(2205 2206 2271 2270)
4(2270 2271 2336 2335)
4(2335 2336 2401 2400)
4(2400 2401 2466 2465)
4(1296 1297 1362 1361)
4(1361 1362 1427 1426)
4(1426 1427 1492 1491)
4(1491 1492 1557 1556)
4(1556 1557 1622 1621)
4(1621 1622 1687 1686)
4(1686 1687 1752 1751)
4(1751 1752 1817 1816)
4(1816 1817 1882 1881)
4(1881 1882 1947 1946)
4(1946 1947 2012 2011)
4(2011 2012 2077 2076)
4(2076 2077 2142 2141)
4(2141 2142 2207 2206)
4(2206 2207 2272 2271)
4(2271 2272 2337 2336)
4(2336 2337 2402 2401)
4(2401 2402 2467 2466)
4(1297 1298 1363 1362)
4(1362 1363 1428 1427)
4(1427 1428 1493 1492)
4(1492 1493 1558 1557)
4(1557 1558 1623 1622)
4(1622 1623 1688 1687)
4(1687 1688 1753 1752)
4(1752 1753 1818 1817)
4(1817 1818 1883 1882)
4(1882 1883 1948 1947)
4(1947 1948 2013 2012)
4(2012 2013 2078 2077)
4(2077 2078 2143 2142)
4(2142 2143 2208 2207)
4(2207 2208 2273 2272)
4(2272 2273 2338 2337)
4(2337 2338 2403 2402)
4(2402 2403 2468 2467)
4(1298 1299 1364 1363)
4(1363 1364 1429 1428)
4(1428 1429 1494 1493)
4(1493 1494 1559 1558)
4(1558 1559 1624 1623)
4(1623 1624 1689 1688)
4(1688 1689 1754 1753)
4(1753 1754 1819 1818)
4(1818 1819 1884 1883)
4(1883 1884 1949 1948)
4(1948 1949 2014 2013)
4(2013 2014 2079 2078)
4(2078 2079 2144 2143)
4(2143 2144 2209 2208)
4(2208 2209 2274 2273)
4(2273 2274 2339 2338)
4(2338 2339 2404 2403)
4(2403 2404 2469 2468)
)


// ************************************************************************* //
