/*--------------------------------*- C++ -*----------------------------------*\
| =========                 |                                                 |
| \\      /  F ield         | OpenFOAM: The Open Source CFD Toolbox           |
|  \\    /   O peration     | Version:                                        |
|   \\  /    A nd           | Website:  www.openfoam.com                      |
|    \\/     M anipulation  |                                                 |
\*---------------------------------------------------------------------------*/
FoamFile
{
    version     2.0;
    format      ascii;
    class       faceList;
    location    "constant/polyMesh";
    object      faces;
}
// * * * * * * * * * * * * * * * * * * * * * * * * * * * * * * * * * * * * * //


5906
(
4(1 58 1597 1540)
4(57 1596 1597 58)
4(2 59 1598 1541)
4(58 1597 1598 59)
4(3 60 1599 1542)
4(59 1598 1599 60)
4(4 61 1600 1543)
4(60 1599 1600 61)
4(5 62 1601 1544)
4(61 1600 1601 62)
4(6 63 1602 1545)
4(62 1601 1602 63)
4(7 64 1603 1546)
4(63 1602 1603 64)
4(8 65 1604 1547)
4(64 1603 1604 65)
4(9 66 1605 1548)
4(65 1604 1605 66)
4(10 67 1606 1549)
4(66 1605 1606 67)
4(11 68 1607 1550)
4(67 1606 1607 68)
4(12 69 1608 1551)
4(68 1607 1608 69)
4(13 70 1609 1552)
4(69 1608 1609 70)
4(14 71 1610 1553)
4(70 1609 1610 71)
4(15 72 1611 1554)
4(71 1610 1611 72)
4(16 73 1612 1555)
4(72 1611 1612 73)
4(17 74 1613 1556)
4(73 1612 1613 74)
4(18 75 1614 1557)
4(74 1613 1614 75)
4(19 76 1615 1558)
4(75 1614 1615 76)
4(20 77 1616 1559)
4(76 1615 1616 77)
4(21 78 1617 1560)
4(77 1616 1617 78)
4(22 79 1618 1561)
4(78 1617 1618 79)
4(23 80 1619 1562)
4(79 1618 1619 80)
4(24 81 1620 1563)
4(80 1619 1620 81)
4(25 82 1621 1564)
4(81 1620 1621 82)
4(26 83 1622 1565)
4(82 1621 1622 83)
4(27 84 1623 1566)
4(83 1622 1623 84)
4(28 85 1624 1567)
4(84 1623 1624 85)
4(29 86 1625 1568)
4(85 1624 1625 86)
4(30 87 1626 1569)
4(86 1625 1626 87)
4(31 88 1627 1570)
4(87 1626 1627 88)
4(32 89 1628 1571)
4(88 1627 1628 89)
4(33 90 1629 1572)
4(89 1628 1629 90)
4(34 91 1630 1573)
4(90 1629 1630 91)
4(35 92 1631 1574)
4(91 1630 1631 92)
4(36 93 1632 1575)
4(92 1631 1632 93)
4(37 94 1633 1576)
4(93 1632 1633 94)
4(38 95 1634 1577)
4(94 1633 1634 95)
4(39 96 1635 1578)
4(95 1634 1635 96)
4(40 97 1636 1579)
4(96 1635 1636 97)
4(41 98 1637 1580)
4(97 1636 1637 98)
4(42 99 1638 1581)
4(98 1637 1638 99)
4(43 100 1639 1582)
4(99 1638 1639 100)
4(44 101 1640 1583)
4(100 1639 1640 101)
4(45 102 1641 1584)
4(101 1640 1641 102)
4(46 103 1642 1585)
4(102 1641 1642 103)
4(47 104 1643 1586)
4(103 1642 1643 104)
4(48 105 1644 1587)
4(104 1643 1644 105)
4(49 106 1645 1588)
4(105 1644 1645 106)
4(50 107 1646 1589)
4(106 1645 1646 107)
4(51 108 1647 1590)
4(107 1646 1647 108)
4(52 109 1648 1591)
4(108 1647 1648 109)
4(53 110 1649 1592)
4(109 1648 1649 110)
4(54 111 1650 1593)
4(110 1649 1650 111)
4(55 112 1651 1594)
4(111 1650 1651 112)
4(112 1651 1652 113)
4(58 115 1654 1597)
4(114 1653 1654 115)
4(59 116 1655 1598)
4(115 1654 1655 116)
4(60 117 1656 1599)
4(116 1655 1656 117)
4(61 118 1657 1600)
4(117 1656 1657 118)
4(62 119 1658 1601)
4(118 1657 1658 119)
4(63 120 1659 1602)
4(119 1658 1659 120)
4(64 121 1660 1603)
4(120 1659 1660 121)
4(65 122 1661 1604)
4(121 1660 1661 122)
4(66 123 1662 1605)
4(122 1661 1662 123)
4(67 124 1663 1606)
4(123 1662 1663 124)
4(68 125 1664 1607)
4(124 1663 1664 125)
4(69 126 1665 1608)
4(125 1664 1665 126)
4(70 127 1666 1609)
4(126 1665 1666 127)
4(71 128 1667 1610)
4(127 1666 1667 128)
4(72 129 1668 1611)
4(128 1667 1668 129)
4(73 130 1669 1612)
4(129 1668 1669 130)
4(74 131 1670 1613)
4(130 1669 1670 131)
4(75 132 1671 1614)
4(131 1670 1671 132)
4(76 133 1672 1615)
4(132 1671 1672 133)
4(77 134 1673 1616)
4(133 1672 1673 134)
4(78 135 1674 1617)
4(134 1673 1674 135)
4(79 136 1675 1618)
4(135 1674 1675 136)
4(80 137 1676 1619)
4(136 1675 1676 137)
4(81 138 1677 1620)
4(137 1676 1677 138)
4(82 139 1678 1621)
4(138 1677 1678 139)
4(83 140 1679 1622)
4(139 1678 1679 140)
4(84 141 1680 1623)
4(140 1679 1680 141)
4(85 142 1681 1624)
4(141 1680 1681 142)
4(86 143 1682 1625)
4(142 1681 1682 143)
4(87 144 1683 1626)
4(143 1682 1683 144)
4(88 145 1684 1627)
4(144 1683 1684 145)
4(89 146 1685 1628)
4(145 1684 1685 146)
4(90 147 1686 1629)
4(146 1685 1686 147)
4(91 148 1687 1630)
4(147 1686 1687 148)
4(92 149 1688 1631)
4(148 1687 1688 149)
4(93 150 1689 1632)
4(149 1688 1689 150)
4(94 151 1690 1633)
4(150 1689 1690 151)
4(95 152 1691 1634)
4(151 1690 1691 152)
4(96 153 1692 1635)
4(152 1691 1692 153)
4(97 154 1693 1636)
4(153 1692 1693 154)
4(98 155 1694 1637)
4(154 1693 1694 155)
4(99 156 1695 1638)
4(155 1694 1695 156)
4(100 157 1696 1639)
4(156 1695 1696 157)
4(101 158 1697 1640)
4(157 1696 1697 158)
4(102 159 1698 1641)
4(158 1697 1698 159)
4(103 160 1699 1642)
4(159 1698 1699 160)
4(104 161 1700 1643)
4(160 1699 1700 161)
4(105 162 1701 1644)
4(161 1700 1701 162)
4(106 163 1702 1645)
4(162 1701 1702 163)
4(107 164 1703 1646)
4(163 1702 1703 164)
4(108 165 1704 1647)
4(164 1703 1704 165)
4(109 166 1705 1648)
4(165 1704 1705 166)
4(110 167 1706 1649)
4(166 1705 1706 167)
4(111 168 1707 1650)
4(167 1706 1707 168)
4(112 169 1708 1651)
4(168 1707 1708 169)
4(169 1708 1709 170)
4(115 172 1711 1654)
4(171 1710 1711 172)
4(116 173 1712 1655)
4(172 1711 1712 173)
4(117 174 1713 1656)
4(173 1712 1713 174)
4(118 175 1714 1657)
4(174 1713 1714 175)
4(119 176 1715 1658)
4(175 1714 1715 176)
4(120 177 1716 1659)
4(176 1715 1716 177)
4(121 178 1717 1660)
4(177 1716 1717 178)
4(122 179 1718 1661)
4(178 1717 1718 179)
4(123 180 1719 1662)
4(179 1718 1719 180)
4(124 181 1720 1663)
4(180 1719 1720 181)
4(125 182 1721 1664)
4(181 1720 1721 182)
4(126 183 1722 1665)
4(182 1721 1722 183)
4(127 184 1723 1666)
4(183 1722 1723 184)
4(128 185 1724 1667)
4(184 1723 1724 185)
4(129 186 1725 1668)
4(185 1724 1725 186)
4(130 187 1726 1669)
4(186 1725 1726 187)
4(131 188 1727 1670)
4(187 1726 1727 188)
4(132 189 1728 1671)
4(188 1727 1728 189)
4(133 190 1729 1672)
4(189 1728 1729 190)
4(134 191 1730 1673)
4(190 1729 1730 191)
4(135 192 1731 1674)
4(191 1730 1731 192)
4(136 193 1732 1675)
4(192 1731 1732 193)
4(137 194 1733 1676)
4(193 1732 1733 194)
4(138 195 1734 1677)
4(194 1733 1734 195)
4(139 196 1735 1678)
4(195 1734 1735 196)
4(140 197 1736 1679)
4(196 1735 1736 197)
4(141 198 1737 1680)
4(197 1736 1737 198)
4(142 199 1738 1681)
4(198 1737 1738 199)
4(143 200 1739 1682)
4(199 1738 1739 200)
4(144 201 1740 1683)
4(200 1739 1740 201)
4(145 202 1741 1684)
4(201 1740 1741 202)
4(146 203 1742 1685)
4(202 1741 1742 203)
4(147 204 1743 1686)
4(203 1742 1743 204)
4(148 205 1744 1687)
4(204 1743 1744 205)
4(149 206 1745 1688)
4(205 1744 1745 206)
4(150 207 1746 1689)
4(206 1745 1746 207)
4(151 208 1747 1690)
4(207 1746 1747 208)
4(152 209 1748 1691)
4(208 1747 1748 209)
4(153 210 1749 1692)
4(209 1748 1749 210)
4(154 211 1750 1693)
4(210 1749 1750 211)
4(155 212 1751 1694)
4(211 1750 1751 212)
4(156 213 1752 1695)
4(212 1751 1752 213)
4(157 214 1753 1696)
4(213 1752 1753 214)
4(158 215 1754 1697)
4(214 1753 1754 215)
4(159 216 1755 1698)
4(215 1754 1755 216)
4(160 217 1756 1699)
4(216 1755 1756 217)
4(161 218 1757 1700)
4(217 1756 1757 218)
4(162 219 1758 1701)
4(218 1757 1758 219)
4(163 220 1759 1702)
4(219 1758 1759 220)
4(164 221 1760 1703)
4(220 1759 1760 221)
4(165 222 1761 1704)
4(221 1760 1761 222)
4(166 223 1762 1705)
4(222 1761 1762 223)
4(167 224 1763 1706)
4(223 1762 1763 224)
4(168 225 1764 1707)
4(224 1763 1764 225)
4(169 226 1765 1708)
4(225 1764 1765 226)
4(226 1765 1766 227)
4(172 229 1768 1711)
4(228 1767 1768 229)
4(173 230 1769 1712)
4(229 1768 1769 230)
4(174 231 1770 1713)
4(230 1769 1770 231)
4(175 232 1771 1714)
4(231 1770 1771 232)
4(176 233 1772 1715)
4(232 1771 1772 233)
4(177 234 1773 1716)
4(233 1772 1773 234)
4(178 235 1774 1717)
4(234 1773 1774 235)
4(179 236 1775 1718)
4(235 1774 1775 236)
4(180 237 1776 1719)
4(236 1775 1776 237)
4(181 238 1777 1720)
4(237 1776 1777 238)
4(182 239 1778 1721)
4(238 1777 1778 239)
4(183 240 1779 1722)
4(239 1778 1779 240)
4(184 241 1780 1723)
4(240 1779 1780 241)
4(185 242 1781 1724)
4(241 1780 1781 242)
4(186 243 1782 1725)
4(242 1781 1782 243)
4(187 244 1783 1726)
4(243 1782 1783 244)
4(188 245 1784 1727)
4(244 1783 1784 245)
4(189 246 1785 1728)
4(245 1784 1785 246)
4(190 247 1786 1729)
4(246 1785 1786 247)
4(191 248 1787 1730)
4(247 1786 1787 248)
4(192 249 1788 1731)
4(248 1787 1788 249)
4(193 250 1789 1732)
4(249 1788 1789 250)
4(194 251 1790 1733)
4(250 1789 1790 251)
4(195 252 1791 1734)
4(251 1790 1791 252)
4(196 253 1792 1735)
4(252 1791 1792 253)
4(197 254 1793 1736)
4(253 1792 1793 254)
4(198 255 1794 1737)
4(254 1793 1794 255)
4(199 256 1795 1738)
4(255 1794 1795 256)
4(200 257 1796 1739)
4(256 1795 1796 257)
4(201 258 1797 1740)
4(257 1796 1797 258)
4(202 259 1798 1741)
4(258 1797 1798 259)
4(203 260 1799 1742)
4(259 1798 1799 260)
4(204 261 1800 1743)
4(260 1799 1800 261)
4(205 262 1801 1744)
4(261 1800 1801 262)
4(206 263 1802 1745)
4(262 1801 1802 263)
4(207 264 1803 1746)
4(263 1802 1803 264)
4(208 265 1804 1747)
4(264 1803 1804 265)
4(209 266 1805 1748)
4(265 1804 1805 266)
4(210 267 1806 1749)
4(266 1805 1806 267)
4(211 268 1807 1750)
4(267 1806 1807 268)
4(212 269 1808 1751)
4(268 1807 1808 269)
4(213 270 1809 1752)
4(269 1808 1809 270)
4(214 271 1810 1753)
4(270 1809 1810 271)
4(215 272 1811 1754)
4(271 1810 1811 272)
4(216 273 1812 1755)
4(272 1811 1812 273)
4(217 274 1813 1756)
4(273 1812 1813 274)
4(218 275 1814 1757)
4(274 1813 1814 275)
4(219 276 1815 1758)
4(275 1814 1815 276)
4(220 277 1816 1759)
4(276 1815 1816 277)
4(221 278 1817 1760)
4(277 1816 1817 278)
4(222 279 1818 1761)
4(278 1817 1818 279)
4(223 280 1819 1762)
4(279 1818 1819 280)
4(224 281 1820 1763)
4(280 1819 1820 281)
4(225 282 1821 1764)
4(281 1820 1821 282)
4(226 283 1822 1765)
4(282 1821 1822 283)
4(283 1822 1823 284)
4(229 286 1825 1768)
4(285 1824 1825 286)
4(230 287 1826 1769)
4(286 1825 1826 287)
4(231 288 1827 1770)
4(287 1826 1827 288)
4(232 289 1828 1771)
4(288 1827 1828 289)
4(233 290 1829 1772)
4(289 1828 1829 290)
4(234 291 1830 1773)
4(290 1829 1830 291)
4(235 292 1831 1774)
4(291 1830 1831 292)
4(236 293 1832 1775)
4(292 1831 1832 293)
4(237 294 1833 1776)
4(293 1832 1833 294)
4(238 295 1834 1777)
4(294 1833 1834 295)
4(239 296 1835 1778)
4(295 1834 1835 296)
4(240 297 1836 1779)
4(296 1835 1836 297)
4(241 298 1837 1780)
4(297 1836 1837 298)
4(242 299 1838 1781)
4(298 1837 1838 299)
4(243 300 1839 1782)
4(299 1838 1839 300)
4(244 301 1840 1783)
4(300 1839 1840 301)
4(245 302 1841 1784)
4(301 1840 1841 302)
4(246 303 1842 1785)
4(302 1841 1842 303)
4(247 304 1843 1786)
4(303 1842 1843 304)
4(248 305 1844 1787)
4(304 1843 1844 305)
4(249 306 1845 1788)
4(305 1844 1845 306)
4(250 307 1846 1789)
4(306 1845 1846 307)
4(251 308 1847 1790)
4(307 1846 1847 308)
4(252 309 1848 1791)
4(308 1847 1848 309)
4(253 310 1849 1792)
4(309 1848 1849 310)
4(254 311 1850 1793)
4(310 1849 1850 311)
4(255 312 1851 1794)
4(311 1850 1851 312)
4(256 313 1852 1795)
4(312 1851 1852 313)
4(257 314 1853 1796)
4(313 1852 1853 314)
4(258 315 1854 1797)
4(314 1853 1854 315)
4(259 316 1855 1798)
4(315 1854 1855 316)
4(260 317 1856 1799)
4(316 1855 1856 317)
4(261 318 1857 1800)
4(317 1856 1857 318)
4(262 319 1858 1801)
4(318 1857 1858 319)
4(263 320 1859 1802)
4(319 1858 1859 320)
4(264 321 1860 1803)
4(320 1859 1860 321)
4(265 322 1861 1804)
4(321 1860 1861 322)
4(266 323 1862 1805)
4(322 1861 1862 323)
4(267 324 1863 1806)
4(323 1862 1863 324)
4(268 325 1864 1807)
4(324 1863 1864 325)
4(269 326 1865 1808)
4(325 1864 1865 326)
4(270 327 1866 1809)
4(326 1865 1866 327)
4(271 328 1867 1810)
4(327 1866 1867 328)
4(272 329 1868 1811)
4(328 1867 1868 329)
4(273 330 1869 1812)
4(329 1868 1869 330)
4(274 331 1870 1813)
4(330 1869 1870 331)
4(275 332 1871 1814)
4(331 1870 1871 332)
4(276 333 1872 1815)
4(332 1871 1872 333)
4(277 334 1873 1816)
4(333 1872 1873 334)
4(278 335 1874 1817)
4(334 1873 1874 335)
4(279 336 1875 1818)
4(335 1874 1875 336)
4(280 337 1876 1819)
4(336 1875 1876 337)
4(281 338 1877 1820)
4(337 1876 1877 338)
4(282 339 1878 1821)
4(338 1877 1878 339)
4(283 340 1879 1822)
4(339 1878 1879 340)
4(340 1879 1880 341)
4(286 343 1882 1825)
4(342 1881 1882 343)
4(287 344 1883 1826)
4(343 1882 1883 344)
4(288 345 1884 1827)
4(344 1883 1884 345)
4(289 346 1885 1828)
4(345 1884 1885 346)
4(290 347 1886 1829)
4(346 1885 1886 347)
4(291 348 1887 1830)
4(347 1886 1887 348)
4(292 349 1888 1831)
4(348 1887 1888 349)
4(293 350 1889 1832)
4(349 1888 1889 350)
4(294 351 1890 1833)
4(350 1889 1890 351)
4(295 352 1891 1834)
4(351 1890 1891 352)
4(296 353 1892 1835)
4(352 1891 1892 353)
4(297 354 1893 1836)
4(353 1892 1893 354)
4(298 355 1894 1837)
4(354 1893 1894 355)
4(299 356 1895 1838)
4(355 1894 1895 356)
4(300 357 1896 1839)
4(356 1895 1896 357)
4(301 358 1897 1840)
4(357 1896 1897 358)
4(302 359 1898 1841)
4(358 1897 1898 359)
4(303 360 1899 1842)
4(359 1898 1899 360)
4(304 361 1900 1843)
4(360 1899 1900 361)
4(305 362 1901 1844)
4(361 1900 1901 362)
4(306 363 1902 1845)
4(362 1901 1902 363)
4(307 364 1903 1846)
4(363 1902 1903 364)
4(308 365 1904 1847)
4(364 1903 1904 365)
4(309 366 1905 1848)
4(365 1904 1905 366)
4(310 367 1906 1849)
4(366 1905 1906 367)
4(311 368 1907 1850)
4(367 1906 1907 368)
4(312 369 1908 1851)
4(368 1907 1908 369)
4(313 370 1909 1852)
4(369 1908 1909 370)
4(314 371 1910 1853)
4(370 1909 1910 371)
4(315 372 1911 1854)
4(371 1910 1911 372)
4(316 373 1912 1855)
4(372 1911 1912 373)
4(317 374 1913 1856)
4(373 1912 1913 374)
4(318 375 1914 1857)
4(374 1913 1914 375)
4(319 376 1915 1858)
4(375 1914 1915 376)
4(320 377 1916 1859)
4(376 1915 1916 377)
4(321 378 1917 1860)
4(377 1916 1917 378)
4(322 379 1918 1861)
4(378 1917 1918 379)
4(323 380 1919 1862)
4(379 1918 1919 380)
4(324 381 1920 1863)
4(380 1919 1920 381)
4(325 382 1921 1864)
4(381 1920 1921 382)
4(326 383 1922 1865)
4(382 1921 1922 383)
4(327 384 1923 1866)
4(383 1922 1923 384)
4(328 385 1924 1867)
4(384 1923 1924 385)
4(329 386 1925 1868)
4(385 1924 1925 386)
4(330 387 1926 1869)
4(386 1925 1926 387)
4(331 388 1927 1870)
4(387 1926 1927 388)
4(332 389 1928 1871)
4(388 1927 1928 389)
4(333 390 1929 1872)
4(389 1928 1929 390)
4(334 391 1930 1873)
4(390 1929 1930 391)
4(335 392 1931 1874)
4(391 1930 1931 392)
4(336 393 1932 1875)
4(392 1931 1932 393)
4(337 394 1933 1876)
4(393 1932 1933 394)
4(338 395 1934 1877)
4(394 1933 1934 395)
4(339 396 1935 1878)
4(395 1934 1935 396)
4(340 397 1936 1879)
4(396 1935 1936 397)
4(397 1936 1937 398)
4(343 400 1939 1882)
4(399 1938 1939 400)
4(344 401 1940 1883)
4(400 1939 1940 401)
4(345 402 1941 1884)
4(401 1940 1941 402)
4(346 403 1942 1885)
4(402 1941 1942 403)
4(347 404 1943 1886)
4(403 1942 1943 404)
4(348 405 1944 1887)
4(404 1943 1944 405)
4(349 406 1945 1888)
4(405 1944 1945 406)
4(350 407 1946 1889)
4(406 1945 1946 407)
4(351 408 1947 1890)
4(407 1946 1947 408)
4(352 409 1948 1891)
4(408 1947 1948 409)
4(353 410 1949 1892)
4(409 1948 1949 410)
4(354 411 1950 1893)
4(410 1949 1950 411)
4(355 412 1951 1894)
4(411 1950 1951 412)
4(356 413 1952 1895)
4(412 1951 1952 413)
4(357 414 1953 1896)
4(413 1952 1953 414)
4(358 415 1954 1897)
4(414 1953 1954 415)
4(359 416 1955 1898)
4(415 1954 1955 416)
4(360 417 1956 1899)
4(416 1955 1956 417)
4(361 418 1957 1900)
4(417 1956 1957 418)
4(362 419 1958 1901)
4(418 1957 1958 419)
4(363 420 1959 1902)
4(419 1958 1959 420)
4(364 421 1960 1903)
4(420 1959 1960 421)
4(365 422 1961 1904)
4(421 1960 1961 422)
4(366 423 1962 1905)
4(422 1961 1962 423)
4(367 424 1963 1906)
4(423 1962 1963 424)
4(368 425 1964 1907)
4(424 1963 1964 425)
4(369 426 1965 1908)
4(425 1964 1965 426)
4(370 427 1966 1909)
4(426 1965 1966 427)
4(371 428 1967 1910)
4(427 1966 1967 428)
4(372 429 1968 1911)
4(428 1967 1968 429)
4(373 430 1969 1912)
4(429 1968 1969 430)
4(374 431 1970 1913)
4(430 1969 1970 431)
4(375 432 1971 1914)
4(431 1970 1971 432)
4(376 433 1972 1915)
4(432 1971 1972 433)
4(377 434 1973 1916)
4(433 1972 1973 434)
4(378 435 1974 1917)
4(434 1973 1974 435)
4(379 436 1975 1918)
4(435 1974 1975 436)
4(380 437 1976 1919)
4(436 1975 1976 437)
4(381 438 1977 1920)
4(437 1976 1977 438)
4(382 439 1978 1921)
4(438 1977 1978 439)
4(383 440 1979 1922)
4(439 1978 1979 440)
4(384 441 1980 1923)
4(440 1979 1980 441)
4(385 442 1981 1924)
4(441 1980 1981 442)
4(386 443 1982 1925)
4(442 1981 1982 443)
4(387 444 1983 1926)
4(443 1982 1983 444)
4(388 445 1984 1927)
4(444 1983 1984 445)
4(389 446 1985 1928)
4(445 1984 1985 446)
4(390 447 1986 1929)
4(446 1985 1986 447)
4(391 448 1987 1930)
4(447 1986 1987 448)
4(392 449 1988 1931)
4(448 1987 1988 449)
4(393 450 1989 1932)
4(449 1988 1989 450)
4(394 451 1990 1933)
4(450 1989 1990 451)
4(395 452 1991 1934)
4(451 1990 1991 452)
4(396 453 1992 1935)
4(452 1991 1992 453)
4(397 454 1993 1936)
4(453 1992 1993 454)
4(454 1993 1994 455)
4(400 457 1996 1939)
4(456 1995 1996 457)
4(401 458 1997 1940)
4(457 1996 1997 458)
4(402 459 1998 1941)
4(458 1997 1998 459)
4(403 460 1999 1942)
4(459 1998 1999 460)
4(404 461 2000 1943)
4(460 1999 2000 461)
4(405 462 2001 1944)
4(461 2000 2001 462)
4(406 463 2002 1945)
4(462 2001 2002 463)
4(407 464 2003 1946)
4(463 2002 2003 464)
4(408 465 2004 1947)
4(464 2003 2004 465)
4(409 466 2005 1948)
4(465 2004 2005 466)
4(410 467 2006 1949)
4(466 2005 2006 467)
4(411 468 2007 1950)
4(467 2006 2007 468)
4(412 469 2008 1951)
4(468 2007 2008 469)
4(413 470 2009 1952)
4(469 2008 2009 470)
4(414 471 2010 1953)
4(470 2009 2010 471)
4(415 472 2011 1954)
4(471 2010 2011 472)
4(416 473 2012 1955)
4(472 2011 2012 473)
4(417 474 2013 1956)
4(473 2012 2013 474)
4(418 475 2014 1957)
4(474 2013 2014 475)
4(419 476 2015 1958)
4(475 2014 2015 476)
4(420 477 2016 1959)
4(476 2015 2016 477)
4(421 478 2017 1960)
4(477 2016 2017 478)
4(422 479 2018 1961)
4(478 2017 2018 479)
4(423 480 2019 1962)
4(479 2018 2019 480)
4(424 481 2020 1963)
4(480 2019 2020 481)
4(425 482 2021 1964)
4(481 2020 2021 482)
4(426 483 2022 1965)
4(482 2021 2022 483)
4(427 484 2023 1966)
4(483 2022 2023 484)
4(428 485 2024 1967)
4(484 2023 2024 485)
4(429 486 2025 1968)
4(485 2024 2025 486)
4(430 487 2026 1969)
4(486 2025 2026 487)
4(431 488 2027 1970)
4(487 2026 2027 488)
4(432 489 2028 1971)
4(488 2027 2028 489)
4(433 490 2029 1972)
4(489 2028 2029 490)
4(434 491 2030 1973)
4(490 2029 2030 491)
4(435 492 2031 1974)
4(491 2030 2031 492)
4(436 493 2032 1975)
4(492 2031 2032 493)
4(437 494 2033 1976)
4(493 2032 2033 494)
4(438 495 2034 1977)
4(494 2033 2034 495)
4(439 496 2035 1978)
4(495 2034 2035 496)
4(440 497 2036 1979)
4(496 2035 2036 497)
4(441 498 2037 1980)
4(497 2036 2037 498)
4(442 499 2038 1981)
4(498 2037 2038 499)
4(443 500 2039 1982)
4(499 2038 2039 500)
4(444 501 2040 1983)
4(500 2039 2040 501)
4(445 502 2041 1984)
4(501 2040 2041 502)
4(446 503 2042 1985)
4(502 2041 2042 503)
4(447 504 2043 1986)
4(503 2042 2043 504)
4(448 505 2044 1987)
4(504 2043 2044 505)
4(449 506 2045 1988)
4(505 2044 2045 506)
4(450 507 2046 1989)
4(506 2045 2046 507)
4(451 508 2047 1990)
4(507 2046 2047 508)
4(452 509 2048 1991)
4(508 2047 2048 509)
4(453 510 2049 1992)
4(509 2048 2049 510)
4(454 511 2050 1993)
4(510 2049 2050 511)
4(511 2050 2051 512)
4(457 514 2053 1996)
4(513 2052 2053 514)
4(458 515 2054 1997)
4(514 2053 2054 515)
4(459 516 2055 1998)
4(515 2054 2055 516)
4(460 517 2056 1999)
4(516 2055 2056 517)
4(461 518 2057 2000)
4(517 2056 2057 518)
4(462 519 2058 2001)
4(518 2057 2058 519)
4(463 520 2059 2002)
4(519 2058 2059 520)
4(464 521 2060 2003)
4(520 2059 2060 521)
4(465 522 2061 2004)
4(521 2060 2061 522)
4(466 523 2062 2005)
4(522 2061 2062 523)
4(467 524 2063 2006)
4(523 2062 2063 524)
4(468 525 2064 2007)
4(524 2063 2064 525)
4(469 526 2065 2008)
4(525 2064 2065 526)
4(470 527 2066 2009)
4(526 2065 2066 527)
4(471 528 2067 2010)
4(527 2066 2067 528)
4(472 529 2068 2011)
4(528 2067 2068 529)
4(473 530 2069 2012)
4(529 2068 2069 530)
4(474 531 2070 2013)
4(530 2069 2070 531)
4(475 532 2071 2014)
4(531 2070 2071 532)
4(476 533 2072 2015)
4(532 2071 2072 533)
4(477 534 2073 2016)
4(533 2072 2073 534)
4(478 535 2074 2017)
4(534 2073 2074 535)
4(479 536 2075 2018)
4(535 2074 2075 536)
4(480 537 2076 2019)
4(536 2075 2076 537)
4(481 538 2077 2020)
4(537 2076 2077 538)
4(482 539 2078 2021)
4(538 2077 2078 539)
4(483 540 2079 2022)
4(539 2078 2079 540)
4(484 541 2080 2023)
4(540 2079 2080 541)
4(485 542 2081 2024)
4(541 2080 2081 542)
4(486 543 2082 2025)
4(542 2081 2082 543)
4(487 544 2083 2026)
4(543 2082 2083 544)
4(488 545 2084 2027)
4(544 2083 2084 545)
4(489 546 2085 2028)
4(545 2084 2085 546)
4(490 547 2086 2029)
4(546 2085 2086 547)
4(491 548 2087 2030)
4(547 2086 2087 548)
4(492 549 2088 2031)
4(548 2087 2088 549)
4(493 550 2089 2032)
4(549 2088 2089 550)
4(494 551 2090 2033)
4(550 2089 2090 551)
4(495 552 2091 2034)
4(551 2090 2091 552)
4(496 553 2092 2035)
4(552 2091 2092 553)
4(497 554 2093 2036)
4(553 2092 2093 554)
4(498 555 2094 2037)
4(554 2093 2094 555)
4(499 556 2095 2038)
4(555 2094 2095 556)
4(500 557 2096 2039)
4(556 2095 2096 557)
4(501 558 2097 2040)
4(557 2096 2097 558)
4(502 559 2098 2041)
4(558 2097 2098 559)
4(503 560 2099 2042)
4(559 2098 2099 560)
4(504 561 2100 2043)
4(560 2099 2100 561)
4(505 562 2101 2044)
4(561 2100 2101 562)
4(506 563 2102 2045)
4(562 2101 2102 563)
4(507 564 2103 2046)
4(563 2102 2103 564)
4(508 565 2104 2047)
4(564 2103 2104 565)
4(509 566 2105 2048)
4(565 2104 2105 566)
4(510 567 2106 2049)
4(566 2105 2106 567)
4(511 568 2107 2050)
4(567 2106 2107 568)
4(568 2107 2108 569)
4(514 571 2110 2053)
4(570 2109 2110 571)
4(515 572 2111 2054)
4(571 2110 2111 572)
4(516 573 2112 2055)
4(572 2111 2112 573)
4(517 574 2113 2056)
4(573 2112 2113 574)
4(518 575 2114 2057)
4(574 2113 2114 575)
4(519 576 2115 2058)
4(575 2114 2115 576)
4(520 577 2116 2059)
4(576 2115 2116 577)
4(521 578 2117 2060)
4(577 2116 2117 578)
4(522 579 2118 2061)
4(578 2117 2118 579)
4(523 580 2119 2062)
4(579 2118 2119 580)
4(524 581 2120 2063)
4(580 2119 2120 581)
4(525 582 2121 2064)
4(581 2120 2121 582)
4(526 583 2122 2065)
4(582 2121 2122 583)
4(527 584 2123 2066)
4(583 2122 2123 584)
4(528 585 2124 2067)
4(584 2123 2124 585)
4(529 586 2125 2068)
4(585 2124 2125 586)
4(530 587 2126 2069)
4(586 2125 2126 587)
4(531 588 2127 2070)
4(587 2126 2127 588)
4(532 589 2128 2071)
4(588 2127 2128 589)
4(533 590 2129 2072)
4(589 2128 2129 590)
4(534 591 2130 2073)
4(590 2129 2130 591)
4(535 592 2131 2074)
4(591 2130 2131 592)
4(536 593 2132 2075)
4(592 2131 2132 593)
4(537 594 2133 2076)
4(593 2132 2133 594)
4(538 595 2134 2077)
4(594 2133 2134 595)
4(539 596 2135 2078)
4(595 2134 2135 596)
4(540 597 2136 2079)
4(596 2135 2136 597)
4(541 598 2137 2080)
4(597 2136 2137 598)
4(542 599 2138 2081)
4(598 2137 2138 599)
4(543 600 2139 2082)
4(599 2138 2139 600)
4(544 601 2140 2083)
4(600 2139 2140 601)
4(545 602 2141 2084)
4(601 2140 2141 602)
4(546 603 2142 2085)
4(602 2141 2142 603)
4(547 604 2143 2086)
4(603 2142 2143 604)
4(548 605 2144 2087)
4(604 2143 2144 605)
4(549 606 2145 2088)
4(605 2144 2145 606)
4(550 607 2146 2089)
4(606 2145 2146 607)
4(551 608 2147 2090)
4(607 2146 2147 608)
4(552 609 2148 2091)
4(608 2147 2148 609)
4(553 610 2149 2092)
4(609 2148 2149 610)
4(554 611 2150 2093)
4(610 2149 2150 611)
4(555 612 2151 2094)
4(611 2150 2151 612)
4(556 613 2152 2095)
4(612 2151 2152 613)
4(557 614 2153 2096)
4(613 2152 2153 614)
4(558 615 2154 2097)
4(614 2153 2154 615)
4(559 616 2155 2098)
4(615 2154 2155 616)
4(560 617 2156 2099)
4(616 2155 2156 617)
4(561 618 2157 2100)
4(617 2156 2157 618)
4(562 619 2158 2101)
4(618 2157 2158 619)
4(563 620 2159 2102)
4(619 2158 2159 620)
4(564 621 2160 2103)
4(620 2159 2160 621)
4(565 622 2161 2104)
4(621 2160 2161 622)
4(566 623 2162 2105)
4(622 2161 2162 623)
4(567 624 2163 2106)
4(623 2162 2163 624)
4(568 625 2164 2107)
4(624 2163 2164 625)
4(625 2164 2165 626)
4(571 628 2167 2110)
4(627 2166 2167 628)
4(572 629 2168 2111)
4(628 2167 2168 629)
4(573 630 2169 2112)
4(629 2168 2169 630)
4(574 631 2170 2113)
4(630 2169 2170 631)
4(575 632 2171 2114)
4(631 2170 2171 632)
4(576 633 2172 2115)
4(632 2171 2172 633)
4(577 634 2173 2116)
4(633 2172 2173 634)
4(578 635 2174 2117)
4(634 2173 2174 635)
4(579 636 2175 2118)
4(635 2174 2175 636)
4(580 637 2176 2119)
4(636 2175 2176 637)
4(581 638 2177 2120)
4(637 2176 2177 638)
4(582 639 2178 2121)
4(638 2177 2178 639)
4(583 640 2179 2122)
4(639 2178 2179 640)
4(584 641 2180 2123)
4(640 2179 2180 641)
4(585 642 2181 2124)
4(641 2180 2181 642)
4(586 643 2182 2125)
4(642 2181 2182 643)
4(587 644 2183 2126)
4(643 2182 2183 644)
4(588 645 2184 2127)
4(644 2183 2184 645)
4(589 646 2185 2128)
4(645 2184 2185 646)
4(590 647 2186 2129)
4(646 2185 2186 647)
4(591 648 2187 2130)
4(647 2186 2187 648)
4(592 649 2188 2131)
4(648 2187 2188 649)
4(593 650 2189 2132)
4(649 2188 2189 650)
4(594 651 2190 2133)
4(650 2189 2190 651)
4(595 652 2191 2134)
4(651 2190 2191 652)
4(596 653 2192 2135)
4(652 2191 2192 653)
4(597 654 2193 2136)
4(653 2192 2193 654)
4(598 655 2194 2137)
4(654 2193 2194 655)
4(599 656 2195 2138)
4(655 2194 2195 656)
4(600 657 2196 2139)
4(656 2195 2196 657)
4(601 658 2197 2140)
4(657 2196 2197 658)
4(602 659 2198 2141)
4(658 2197 2198 659)
4(603 660 2199 2142)
4(659 2198 2199 660)
4(604 661 2200 2143)
4(660 2199 2200 661)
4(605 662 2201 2144)
4(661 2200 2201 662)
4(606 663 2202 2145)
4(662 2201 2202 663)
4(607 664 2203 2146)
4(663 2202 2203 664)
4(608 665 2204 2147)
4(664 2203 2204 665)
4(609 666 2205 2148)
4(665 2204 2205 666)
4(610 667 2206 2149)
4(666 2205 2206 667)
4(611 668 2207 2150)
4(667 2206 2207 668)
4(612 669 2208 2151)
4(668 2207 2208 669)
4(613 670 2209 2152)
4(669 2208 2209 670)
4(614 671 2210 2153)
4(670 2209 2210 671)
4(615 672 2211 2154)
4(671 2210 2211 672)
4(616 673 2212 2155)
4(672 2211 2212 673)
4(617 674 2213 2156)
4(673 2212 2213 674)
4(618 675 2214 2157)
4(674 2213 2214 675)
4(619 676 2215 2158)
4(675 2214 2215 676)
4(620 677 2216 2159)
4(676 2215 2216 677)
4(621 678 2217 2160)
4(677 2216 2217 678)
4(622 679 2218 2161)
4(678 2217 2218 679)
4(623 680 2219 2162)
4(679 2218 2219 680)
4(624 681 2220 2163)
4(680 2219 2220 681)
4(625 682 2221 2164)
4(681 2220 2221 682)
4(682 2221 2222 683)
4(628 685 2224 2167)
4(684 2223 2224 685)
4(629 686 2225 2168)
4(685 2224 2225 686)
4(630 687 2226 2169)
4(686 2225 2226 687)
4(631 688 2227 2170)
4(687 2226 2227 688)
4(632 689 2228 2171)
4(688 2227 2228 689)
4(633 690 2229 2172)
4(689 2228 2229 690)
4(634 691 2230 2173)
4(690 2229 2230 691)
4(635 692 2231 2174)
4(691 2230 2231 692)
4(636 693 2232 2175)
4(692 2231 2232 693)
4(637 694 2233 2176)
4(693 2232 2233 694)
4(638 695 2234 2177)
4(694 2233 2234 695)
4(639 696 2235 2178)
4(695 2234 2235 696)
4(640 697 2236 2179)
4(696 2235 2236 697)
4(641 698 2237 2180)
4(697 2236 2237 698)
4(642 699 2238 2181)
4(698 2237 2238 699)
4(643 700 2239 2182)
4(699 2238 2239 700)
4(644 701 2240 2183)
4(700 2239 2240 701)
4(645 702 2241 2184)
4(701 2240 2241 702)
4(646 703 2242 2185)
4(702 2241 2242 703)
4(647 704 2243 2186)
4(703 2242 2243 704)
4(648 705 2244 2187)
4(704 2243 2244 705)
4(649 706 2245 2188)
4(705 2244 2245 706)
4(650 707 2246 2189)
4(706 2245 2246 707)
4(651 708 2247 2190)
4(707 2246 2247 708)
4(652 709 2248 2191)
4(708 2247 2248 709)
4(653 710 2249 2192)
4(709 2248 2249 710)
4(654 711 2250 2193)
4(710 2249 2250 711)
4(655 712 2251 2194)
4(711 2250 2251 712)
4(656 713 2252 2195)
4(712 2251 2252 713)
4(657 714 2253 2196)
4(713 2252 2253 714)
4(658 715 2254 2197)
4(714 2253 2254 715)
4(659 716 2255 2198)
4(715 2254 2255 716)
4(660 717 2256 2199)
4(716 2255 2256 717)
4(661 718 2257 2200)
4(717 2256 2257 718)
4(662 719 2258 2201)
4(718 2257 2258 719)
4(663 720 2259 2202)
4(719 2258 2259 720)
4(664 721 2260 2203)
4(720 2259 2260 721)
4(665 722 2261 2204)
4(721 2260 2261 722)
4(666 723 2262 2205)
4(722 2261 2262 723)
4(667 724 2263 2206)
4(723 2262 2263 724)
4(668 725 2264 2207)
4(724 2263 2264 725)
4(669 726 2265 2208)
4(725 2264 2265 726)
4(670 727 2266 2209)
4(726 2265 2266 727)
4(671 728 2267 2210)
4(727 2266 2267 728)
4(672 729 2268 2211)
4(728 2267 2268 729)
4(673 730 2269 2212)
4(729 2268 2269 730)
4(674 731 2270 2213)
4(730 2269 2270 731)
4(675 732 2271 2214)
4(731 2270 2271 732)
4(676 733 2272 2215)
4(732 2271 2272 733)
4(677 734 2273 2216)
4(733 2272 2273 734)
4(678 735 2274 2217)
4(734 2273 2274 735)
4(679 736 2275 2218)
4(735 2274 2275 736)
4(680 737 2276 2219)
4(736 2275 2276 737)
4(681 738 2277 2220)
4(737 2276 2277 738)
4(682 739 2278 2221)
4(738 2277 2278 739)
4(739 2278 2279 740)
4(685 742 2281 2224)
4(741 2280 2281 742)
4(686 743 2282 2225)
4(742 2281 2282 743)
4(687 744 2283 2226)
4(743 2282 2283 744)
4(688 745 2284 2227)
4(744 2283 2284 745)
4(689 746 2285 2228)
4(745 2284 2285 746)
4(690 747 2286 2229)
4(746 2285 2286 747)
4(691 748 2287 2230)
4(747 2286 2287 748)
4(692 749 2288 2231)
4(748 2287 2288 749)
4(693 750 2289 2232)
4(749 2288 2289 750)
4(694 751 2290 2233)
4(750 2289 2290 751)
4(695 752 2291 2234)
4(751 2290 2291 752)
4(696 753 2292 2235)
4(752 2291 2292 753)
4(697 754 2293 2236)
4(753 2292 2293 754)
4(698 755 2294 2237)
4(754 2293 2294 755)
4(699 756 2295 2238)
4(755 2294 2295 756)
4(700 757 2296 2239)
4(756 2295 2296 757)
4(701 758 2297 2240)
4(757 2296 2297 758)
4(702 759 2298 2241)
4(758 2297 2298 759)
4(703 760 2299 2242)
4(759 2298 2299 760)
4(704 761 2300 2243)
4(760 2299 2300 761)
4(705 762 2301 2244)
4(761 2300 2301 762)
4(706 763 2302 2245)
4(762 2301 2302 763)
4(707 764 2303 2246)
4(763 2302 2303 764)
4(708 765 2304 2247)
4(764 2303 2304 765)
4(709 766 2305 2248)
4(765 2304 2305 766)
4(710 767 2306 2249)
4(766 2305 2306 767)
4(711 768 2307 2250)
4(767 2306 2307 768)
4(712 769 2308 2251)
4(768 2307 2308 769)
4(713 770 2309 2252)
4(769 2308 2309 770)
4(714 771 2310 2253)
4(770 2309 2310 771)
4(715 772 2311 2254)
4(771 2310 2311 772)
4(716 773 2312 2255)
4(772 2311 2312 773)
4(717 774 2313 2256)
4(773 2312 2313 774)
4(718 775 2314 2257)
4(774 2313 2314 775)
4(719 776 2315 2258)
4(775 2314 2315 776)
4(720 777 2316 2259)
4(776 2315 2316 777)
4(721 778 2317 2260)
4(777 2316 2317 778)
4(722 779 2318 2261)
4(778 2317 2318 779)
4(723 780 2319 2262)
4(779 2318 2319 780)
4(724 781 2320 2263)
4(780 2319 2320 781)
4(725 782 2321 2264)
4(781 2320 2321 782)
4(726 783 2322 2265)
4(782 2321 2322 783)
4(727 784 2323 2266)
4(783 2322 2323 784)
4(728 785 2324 2267)
4(784 2323 2324 785)
4(729 786 2325 2268)
4(785 2324 2325 786)
4(730 787 2326 2269)
4(786 2325 2326 787)
4(731 788 2327 2270)
4(787 2326 2327 788)
4(732 789 2328 2271)
4(788 2327 2328 789)
4(733 790 2329 2272)
4(789 2328 2329 790)
4(734 791 2330 2273)
4(790 2329 2330 791)
4(735 792 2331 2274)
4(791 2330 2331 792)
4(736 793 2332 2275)
4(792 2331 2332 793)
4(737 794 2333 2276)
4(793 2332 2333 794)
4(738 795 2334 2277)
4(794 2333 2334 795)
4(739 796 2335 2278)
4(795 2334 2335 796)
4(796 2335 2336 797)
4(742 799 2338 2281)
4(798 2337 2338 799)
4(743 800 2339 2282)
4(799 2338 2339 800)
4(744 801 2340 2283)
4(800 2339 2340 801)
4(745 802 2341 2284)
4(801 2340 2341 802)
4(746 803 2342 2285)
4(802 2341 2342 803)
4(747 804 2343 2286)
4(803 2342 2343 804)
4(748 805 2344 2287)
4(804 2343 2344 805)
4(749 806 2345 2288)
4(805 2344 2345 806)
4(750 807 2346 2289)
4(806 2345 2346 807)
4(751 808 2347 2290)
4(807 2346 2347 808)
4(752 809 2348 2291)
4(808 2347 2348 809)
4(753 810 2349 2292)
4(809 2348 2349 810)
4(754 811 2350 2293)
4(810 2349 2350 811)
4(755 812 2351 2294)
4(811 2350 2351 812)
4(756 813 2352 2295)
4(812 2351 2352 813)
4(757 814 2353 2296)
4(813 2352 2353 814)
4(758 815 2354 2297)
4(814 2353 2354 815)
4(759 816 2355 2298)
4(815 2354 2355 816)
4(760 817 2356 2299)
4(816 2355 2356 817)
4(761 818 2357 2300)
4(817 2356 2357 818)
4(762 819 2358 2301)
4(818 2357 2358 819)
4(763 820 2359 2302)
4(819 2358 2359 820)
4(764 821 2360 2303)
4(820 2359 2360 821)
4(765 822 2361 2304)
4(821 2360 2361 822)
4(766 823 2362 2305)
4(822 2361 2362 823)
4(767 824 2363 2306)
4(823 2362 2363 824)
4(768 825 2364 2307)
4(824 2363 2364 825)
4(769 826 2365 2308)
4(825 2364 2365 826)
4(770 827 2366 2309)
4(826 2365 2366 827)
4(771 828 2367 2310)
4(827 2366 2367 828)
4(772 829 2368 2311)
4(828 2367 2368 829)
4(773 830 2369 2312)
4(829 2368 2369 830)
4(774 831 2370 2313)
4(830 2369 2370 831)
4(775 832 2371 2314)
4(831 2370 2371 832)
4(776 833 2372 2315)
4(832 2371 2372 833)
4(777 834 2373 2316)
4(833 2372 2373 834)
4(778 835 2374 2317)
4(834 2373 2374 835)
4(779 836 2375 2318)
4(835 2374 2375 836)
4(780 837 2376 2319)
4(836 2375 2376 837)
4(781 838 2377 2320)
4(837 2376 2377 838)
4(782 839 2378 2321)
4(838 2377 2378 839)
4(783 840 2379 2322)
4(839 2378 2379 840)
4(784 841 2380 2323)
4(840 2379 2380 841)
4(785 842 2381 2324)
4(841 2380 2381 842)
4(786 843 2382 2325)
4(842 2381 2382 843)
4(787 844 2383 2326)
4(843 2382 2383 844)
4(788 845 2384 2327)
4(844 2383 2384 845)
4(789 846 2385 2328)
4(845 2384 2385 846)
4(790 847 2386 2329)
4(846 2385 2386 847)
4(791 848 2387 2330)
4(847 2386 2387 848)
4(792 849 2388 2331)
4(848 2387 2388 849)
4(793 850 2389 2332)
4(849 2388 2389 850)
4(794 851 2390 2333)
4(850 2389 2390 851)
4(795 852 2391 2334)
4(851 2390 2391 852)
4(796 853 2392 2335)
4(852 2391 2392 853)
4(853 2392 2393 854)
4(799 856 2395 2338)
4(855 2394 2395 856)
4(800 857 2396 2339)
4(856 2395 2396 857)
4(801 858 2397 2340)
4(857 2396 2397 858)
4(802 859 2398 2341)
4(858 2397 2398 859)
4(803 860 2399 2342)
4(859 2398 2399 860)
4(804 861 2400 2343)
4(860 2399 2400 861)
4(805 862 2401 2344)
4(861 2400 2401 862)
4(806 863 2402 2345)
4(862 2401 2402 863)
4(807 864 2403 2346)
4(863 2402 2403 864)
4(808 865 2404 2347)
4(864 2403 2404 865)
4(809 866 2405 2348)
4(865 2404 2405 866)
4(810 867 2406 2349)
4(866 2405 2406 867)
4(811 868 2407 2350)
4(867 2406 2407 868)
4(812 869 2408 2351)
4(868 2407 2408 869)
4(813 870 2409 2352)
4(869 2408 2409 870)
4(814 871 2410 2353)
4(870 2409 2410 871)
4(815 872 2411 2354)
4(871 2410 2411 872)
4(816 873 2412 2355)
4(872 2411 2412 873)
4(817 874 2413 2356)
4(873 2412 2413 874)
4(818 875 2414 2357)
4(874 2413 2414 875)
4(819 876 2415 2358)
4(875 2414 2415 876)
4(820 877 2416 2359)
4(876 2415 2416 877)
4(821 878 2417 2360)
4(877 2416 2417 878)
4(822 879 2418 2361)
4(878 2417 2418 879)
4(823 880 2419 2362)
4(879 2418 2419 880)
4(824 881 2420 2363)
4(880 2419 2420 881)
4(825 882 2421 2364)
4(881 2420 2421 882)
4(826 883 2422 2365)
4(882 2421 2422 883)
4(827 884 2423 2366)
4(883 2422 2423 884)
4(828 885 2424 2367)
4(884 2423 2424 885)
4(829 886 2425 2368)
4(885 2424 2425 886)
4(830 887 2426 2369)
4(886 2425 2426 887)
4(831 888 2427 2370)
4(887 2426 2427 888)
4(832 889 2428 2371)
4(888 2427 2428 889)
4(833 890 2429 2372)
4(889 2428 2429 890)
4(834 891 2430 2373)
4(890 2429 2430 891)
4(835 892 2431 2374)
4(891 2430 2431 892)
4(836 893 2432 2375)
4(892 2431 2432 893)
4(837 894 2433 2376)
4(893 2432 2433 894)
4(838 895 2434 2377)
4(894 2433 2434 895)
4(839 896 2435 2378)
4(895 2434 2435 896)
4(840 897 2436 2379)
4(896 2435 2436 897)
4(841 898 2437 2380)
4(897 2436 2437 898)
4(842 899 2438 2381)
4(898 2437 2438 899)
4(843 900 2439 2382)
4(899 2438 2439 900)
4(844 901 2440 2383)
4(900 2439 2440 901)
4(845 902 2441 2384)
4(901 2440 2441 902)
4(846 903 2442 2385)
4(902 2441 2442 903)
4(847 904 2443 2386)
4(903 2442 2443 904)
4(848 905 2444 2387)
4(904 2443 2444 905)
4(849 906 2445 2388)
4(905 2444 2445 906)
4(850 907 2446 2389)
4(906 2445 2446 907)
4(851 908 2447 2390)
4(907 2446 2447 908)
4(852 909 2448 2391)
4(908 2447 2448 909)
4(853 910 2449 2392)
4(909 2448 2449 910)
4(910 2449 2450 911)
4(856 913 2452 2395)
4(912 2451 2452 913)
4(857 914 2453 2396)
4(913 2452 2453 914)
4(858 915 2454 2397)
4(914 2453 2454 915)
4(859 916 2455 2398)
4(915 2454 2455 916)
4(860 917 2456 2399)
4(916 2455 2456 917)
4(861 918 2457 2400)
4(917 2456 2457 918)
4(862 919 2458 2401)
4(918 2457 2458 919)
4(863 920 2459 2402)
4(919 2458 2459 920)
4(864 921 2460 2403)
4(920 2459 2460 921)
4(865 922 2461 2404)
4(921 2460 2461 922)
4(866 923 2462 2405)
4(922 2461 2462 923)
4(867 924 2463 2406)
4(923 2462 2463 924)
4(868 925 2464 2407)
4(924 2463 2464 925)
4(869 926 2465 2408)
4(925 2464 2465 926)
4(870 927 2466 2409)
4(926 2465 2466 927)
4(871 928 2467 2410)
4(927 2466 2467 928)
4(872 929 2468 2411)
4(928 2467 2468 929)
4(873 930 2469 2412)
4(929 2468 2469 930)
4(874 931 2470 2413)
4(930 2469 2470 931)
4(875 932 2471 2414)
4(931 2470 2471 932)
4(876 933 2472 2415)
4(932 2471 2472 933)
4(877 934 2473 2416)
4(933 2472 2473 934)
4(878 935 2474 2417)
4(934 2473 2474 935)
4(879 936 2475 2418)
4(935 2474 2475 936)
4(880 937 2476 2419)
4(936 2475 2476 937)
4(881 938 2477 2420)
4(937 2476 2477 938)
4(882 939 2478 2421)
4(938 2477 2478 939)
4(883 940 2479 2422)
4(939 2478 2479 940)
4(884 941 2480 2423)
4(940 2479 2480 941)
4(885 942 2481 2424)
4(941 2480 2481 942)
4(886 943 2482 2425)
4(942 2481 2482 943)
4(887 944 2483 2426)
4(943 2482 2483 944)
4(888 945 2484 2427)
4(944 2483 2484 945)
4(889 946 2485 2428)
4(945 2484 2485 946)
4(890 947 2486 2429)
4(946 2485 2486 947)
4(891 948 2487 2430)
4(947 2486 2487 948)
4(892 949 2488 2431)
4(948 2487 2488 949)
4(893 950 2489 2432)
4(949 2488 2489 950)
4(894 951 2490 2433)
4(950 2489 2490 951)
4(895 952 2491 2434)
4(951 2490 2491 952)
4(896 953 2492 2435)
4(952 2491 2492 953)
4(897 954 2493 2436)
4(953 2492 2493 954)
4(898 955 2494 2437)
4(954 2493 2494 955)
4(899 956 2495 2438)
4(955 2494 2495 956)
4(900 957 2496 2439)
4(956 2495 2496 957)
4(901 958 2497 2440)
4(957 2496 2497 958)
4(902 959 2498 2441)
4(958 2497 2498 959)
4(903 960 2499 2442)
4(959 2498 2499 960)
4(904 961 2500 2443)
4(960 2499 2500 961)
4(905 962 2501 2444)
4(961 2500 2501 962)
4(906 963 2502 2445)
4(962 2501 2502 963)
4(907 964 2503 2446)
4(963 2502 2503 964)
4(908 965 2504 2447)
4(964 2503 2504 965)
4(909 966 2505 2448)
4(965 2504 2505 966)
4(910 967 2506 2449)
4(966 2505 2506 967)
4(967 2506 2507 968)
4(913 970 2509 2452)
4(969 2508 2509 970)
4(914 971 2510 2453)
4(970 2509 2510 971)
4(915 972 2511 2454)
4(971 2510 2511 972)
4(916 973 2512 2455)
4(972 2511 2512 973)
4(917 974 2513 2456)
4(973 2512 2513 974)
4(918 975 2514 2457)
4(974 2513 2514 975)
4(919 976 2515 2458)
4(975 2514 2515 976)
4(920 977 2516 2459)
4(976 2515 2516 977)
4(921 978 2517 2460)
4(977 2516 2517 978)
4(922 979 2518 2461)
4(978 2517 2518 979)
4(923 980 2519 2462)
4(979 2518 2519 980)
4(924 981 2520 2463)
4(980 2519 2520 981)
4(925 982 2521 2464)
4(981 2520 2521 982)
4(926 983 2522 2465)
4(982 2521 2522 983)
4(927 984 2523 2466)
4(983 2522 2523 984)
4(928 985 2524 2467)
4(984 2523 2524 985)
4(929 986 2525 2468)
4(985 2524 2525 986)
4(930 987 2526 2469)
4(986 2525 2526 987)
4(931 988 2527 2470)
4(987 2526 2527 988)
4(932 989 2528 2471)
4(988 2527 2528 989)
4(933 990 2529 2472)
4(989 2528 2529 990)
4(934 991 2530 2473)
4(990 2529 2530 991)
4(935 992 2531 2474)
4(991 2530 2531 992)
4(936 993 2532 2475)
4(992 2531 2532 993)
4(937 994 2533 2476)
4(993 2532 2533 994)
4(938 995 2534 2477)
4(994 2533 2534 995)
4(939 996 2535 2478)
4(995 2534 2535 996)
4(940 997 2536 2479)
4(996 2535 2536 997)
4(941 998 2537 2480)
4(997 2536 2537 998)
4(942 999 2538 2481)
4(998 2537 2538 999)
4(943 1000 2539 2482)
4(999 2538 2539 1000)
4(944 1001 2540 2483)
4(1000 2539 2540 1001)
4(945 1002 2541 2484)
4(1001 2540 2541 1002)
4(946 1003 2542 2485)
4(1002 2541 2542 1003)
4(947 1004 2543 2486)
4(1003 2542 2543 1004)
4(948 1005 2544 2487)
4(1004 2543 2544 1005)
4(949 1006 2545 2488)
4(1005 2544 2545 1006)
4(950 1007 2546 2489)
4(1006 2545 2546 1007)
4(951 1008 2547 2490)
4(1007 2546 2547 1008)
4(952 1009 2548 2491)
4(1008 2547 2548 1009)
4(953 1010 2549 2492)
4(1009 2548 2549 1010)
4(954 1011 2550 2493)
4(1010 2549 2550 1011)
4(955 1012 2551 2494)
4(1011 2550 2551 1012)
4(956 1013 2552 2495)
4(1012 2551 2552 1013)
4(957 1014 2553 2496)
4(1013 2552 2553 1014)
4(958 1015 2554 2497)
4(1014 2553 2554 1015)
4(959 1016 2555 2498)
4(1015 2554 2555 1016)
4(960 1017 2556 2499)
4(1016 2555 2556 1017)
4(961 1018 2557 2500)
4(1017 2556 2557 1018)
4(962 1019 2558 2501)
4(1018 2557 2558 1019)
4(963 1020 2559 2502)
4(1019 2558 2559 1020)
4(964 1021 2560 2503)
4(1020 2559 2560 1021)
4(965 1022 2561 2504)
4(1021 2560 2561 1022)
4(966 1023 2562 2505)
4(1022 2561 2562 1023)
4(967 1024 2563 2506)
4(1023 2562 2563 1024)
4(1024 2563 2564 1025)
4(970 1027 2566 2509)
4(1026 2565 2566 1027)
4(971 1028 2567 2510)
4(1027 2566 2567 1028)
4(972 1029 2568 2511)
4(1028 2567 2568 1029)
4(973 1030 2569 2512)
4(1029 2568 2569 1030)
4(974 1031 2570 2513)
4(1030 2569 2570 1031)
4(975 1032 2571 2514)
4(1031 2570 2571 1032)
4(976 1033 2572 2515)
4(1032 2571 2572 1033)
4(977 1034 2573 2516)
4(1033 2572 2573 1034)
4(978 1035 2574 2517)
4(1034 2573 2574 1035)
4(979 1036 2575 2518)
4(1035 2574 2575 1036)
4(980 1037 2576 2519)
4(1036 2575 2576 1037)
4(981 1038 2577 2520)
4(1037 2576 2577 1038)
4(982 1039 2578 2521)
4(1038 2577 2578 1039)
4(983 1040 2579 2522)
4(1039 2578 2579 1040)
4(984 1041 2580 2523)
4(1040 2579 2580 1041)
4(985 1042 2581 2524)
4(1041 2580 2581 1042)
4(986 1043 2582 2525)
4(1042 2581 2582 1043)
4(987 1044 2583 2526)
4(1043 2582 2583 1044)
4(988 1045 2584 2527)
4(1044 2583 2584 1045)
4(989 1046 2585 2528)
4(1045 2584 2585 1046)
4(990 1047 2586 2529)
4(1046 2585 2586 1047)
4(991 1048 2587 2530)
4(1047 2586 2587 1048)
4(992 1049 2588 2531)
4(1048 2587 2588 1049)
4(993 1050 2589 2532)
4(1049 2588 2589 1050)
4(994 1051 2590 2533)
4(1050 2589 2590 1051)
4(995 1052 2591 2534)
4(1051 2590 2591 1052)
4(996 1053 2592 2535)
4(1052 2591 2592 1053)
4(997 1054 2593 2536)
4(1053 2592 2593 1054)
4(998 1055 2594 2537)
4(1054 2593 2594 1055)
4(999 1056 2595 2538)
4(1055 2594 2595 1056)
4(1000 1057 2596 2539)
4(1056 2595 2596 1057)
4(1001 1058 2597 2540)
4(1057 2596 2597 1058)
4(1002 1059 2598 2541)
4(1058 2597 2598 1059)
4(1003 1060 2599 2542)
4(1059 2598 2599 1060)
4(1004 1061 2600 2543)
4(1060 2599 2600 1061)
4(1005 1062 2601 2544)
4(1061 2600 2601 1062)
4(1006 1063 2602 2545)
4(1062 2601 2602 1063)
4(1007 1064 2603 2546)
4(1063 2602 2603 1064)
4(1008 1065 2604 2547)
4(1064 2603 2604 1065)
4(1009 1066 2605 2548)
4(1065 2604 2605 1066)
4(1010 1067 2606 2549)
4(1066 2605 2606 1067)
4(1011 1068 2607 2550)
4(1067 2606 2607 1068)
4(1012 1069 2608 2551)
4(1068 2607 2608 1069)
4(1013 1070 2609 2552)
4(1069 2608 2609 1070)
4(1014 1071 2610 2553)
4(1070 2609 2610 1071)
4(1015 1072 2611 2554)
4(1071 2610 2611 1072)
4(1016 1073 2612 2555)
4(1072 2611 2612 1073)
4(1017 1074 2613 2556)
4(1073 2612 2613 1074)
4(1018 1075 2614 2557)
4(1074 2613 2614 1075)
4(1019 1076 2615 2558)
4(1075 2614 2615 1076)
4(1020 1077 2616 2559)
4(1076 2615 2616 1077)
4(1021 1078 2617 2560)
4(1077 2616 2617 1078)
4(1022 1079 2618 2561)
4(1078 2617 2618 1079)
4(1023 1080 2619 2562)
4(1079 2618 2619 1080)
4(1024 1081 2620 2563)
4(1080 2619 2620 1081)
4(1081 2620 2621 1082)
4(1027 1084 2623 2566)
4(1083 2622 2623 1084)
4(1028 1085 2624 2567)
4(1084 2623 2624 1085)
4(1029 1086 2625 2568)
4(1085 2624 2625 1086)
4(1030 1087 2626 2569)
4(1086 2625 2626 1087)
4(1031 1088 2627 2570)
4(1087 2626 2627 1088)
4(1032 1089 2628 2571)
4(1088 2627 2628 1089)
4(1033 1090 2629 2572)
4(1089 2628 2629 1090)
4(1034 1091 2630 2573)
4(1090 2629 2630 1091)
4(1035 1092 2631 2574)
4(1091 2630 2631 1092)
4(1036 1093 2632 2575)
4(1092 2631 2632 1093)
4(1037 1094 2633 2576)
4(1093 2632 2633 1094)
4(1038 1095 2634 2577)
4(1094 2633 2634 1095)
4(1039 1096 2635 2578)
4(1095 2634 2635 1096)
4(1040 1097 2636 2579)
4(1096 2635 2636 1097)
4(1041 1098 2637 2580)
4(1097 2636 2637 1098)
4(1042 1099 2638 2581)
4(1098 2637 2638 1099)
4(1043 1100 2639 2582)
4(1099 2638 2639 1100)
4(1044 1101 2640 2583)
4(1100 2639 2640 1101)
4(1045 1102 2641 2584)
4(1101 2640 2641 1102)
4(1046 1103 2642 2585)
4(1102 2641 2642 1103)
4(1047 1104 2643 2586)
4(1103 2642 2643 1104)
4(1048 1105 2644 2587)
4(1104 2643 2644 1105)
4(1049 1106 2645 2588)
4(1105 2644 2645 1106)
4(1050 1107 2646 2589)
4(1106 2645 2646 1107)
4(1051 1108 2647 2590)
4(1107 2646 2647 1108)
4(1052 1109 2648 2591)
4(1108 2647 2648 1109)
4(1053 1110 2649 2592)
4(1109 2648 2649 1110)
4(1054 1111 2650 2593)
4(1110 2649 2650 1111)
4(1055 1112 2651 2594)
4(1111 2650 2651 1112)
4(1056 1113 2652 2595)
4(1112 2651 2652 1113)
4(1057 1114 2653 2596)
4(1113 2652 2653 1114)
4(1058 1115 2654 2597)
4(1114 2653 2654 1115)
4(1059 1116 2655 2598)
4(1115 2654 2655 1116)
4(1060 1117 2656 2599)
4(1116 2655 2656 1117)
4(1061 1118 2657 2600)
4(1117 2656 2657 1118)
4(1062 1119 2658 2601)
4(1118 2657 2658 1119)
4(1063 1120 2659 2602)
4(1119 2658 2659 1120)
4(1064 1121 2660 2603)
4(1120 2659 2660 1121)
4(1065 1122 2661 2604)
4(1121 2660 2661 1122)
4(1066 1123 2662 2605)
4(1122 2661 2662 1123)
4(1067 1124 2663 2606)
4(1123 2662 2663 1124)
4(1068 1125 2664 2607)
4(1124 2663 2664 1125)
4(1069 1126 2665 2608)
4(1125 2664 2665 1126)
4(1070 1127 2666 2609)
4(1126 2665 2666 1127)
4(1071 1128 2667 2610)
4(1127 2666 2667 1128)
4(1072 1129 2668 2611)
4(1128 2667 2668 1129)
4(1073 1130 2669 2612)
4(1129 2668 2669 1130)
4(1074 1131 2670 2613)
4(1130 2669 2670 1131)
4(1075 1132 2671 2614)
4(1131 2670 2671 1132)
4(1076 1133 2672 2615)
4(1132 2671 2672 1133)
4(1077 1134 2673 2616)
4(1133 2672 2673 1134)
4(1078 1135 2674 2617)
4(1134 2673 2674 1135)
4(1079 1136 2675 2618)
4(1135 2674 2675 1136)
4(1080 1137 2676 2619)
4(1136 2675 2676 1137)
4(1081 1138 2677 2620)
4(1137 2676 2677 1138)
4(1138 2677 2678 1139)
4(1084 1141 2680 2623)
4(1140 2679 2680 1141)
4(1085 1142 2681 2624)
4(1141 2680 2681 1142)
4(1086 1143 2682 2625)
4(1142 2681 2682 1143)
4(1087 1144 2683 2626)
4(1143 2682 2683 1144)
4(1088 1145 2684 2627)
4(1144 2683 2684 1145)
4(1089 1146 2685 2628)
4(1145 2684 2685 1146)
4(1090 1147 2686 2629)
4(1146 2685 2686 1147)
4(1091 1148 2687 2630)
4(1147 2686 2687 1148)
4(1092 1149 2688 2631)
4(1148 2687 2688 1149)
4(1093 1150 2689 2632)
4(1149 2688 2689 1150)
4(1094 1151 2690 2633)
4(1150 2689 2690 1151)
4(1095 1152 2691 2634)
4(1151 2690 2691 1152)
4(1096 1153 2692 2635)
4(1152 2691 2692 1153)
4(1097 1154 2693 2636)
4(1153 2692 2693 1154)
4(1098 1155 2694 2637)
4(1154 2693 2694 1155)
4(1099 1156 2695 2638)
4(1155 2694 2695 1156)
4(1100 1157 2696 2639)
4(1156 2695 2696 1157)
4(1101 1158 2697 2640)
4(1157 2696 2697 1158)
4(1102 1159 2698 2641)
4(1158 2697 2698 1159)
4(1103 1160 2699 2642)
4(1159 2698 2699 1160)
4(1104 1161 2700 2643)
4(1160 2699 2700 1161)
4(1105 1162 2701 2644)
4(1161 2700 2701 1162)
4(1106 1163 2702 2645)
4(1162 2701 2702 1163)
4(1107 1164 2703 2646)
4(1163 2702 2703 1164)
4(1108 1165 2704 2647)
4(1164 2703 2704 1165)
4(1109 1166 2705 2648)
4(1165 2704 2705 1166)
4(1110 1167 2706 2649)
4(1166 2705 2706 1167)
4(1111 1168 2707 2650)
4(1167 2706 2707 1168)
4(1112 1169 2708 2651)
4(1168 2707 2708 1169)
4(1113 1170 2709 2652)
4(1169 2708 2709 1170)
4(1114 1171 2710 2653)
4(1170 2709 2710 1171)
4(1115 1172 2711 2654)
4(1171 2710 2711 1172)
4(1116 1173 2712 2655)
4(1172 2711 2712 1173)
4(1117 1174 2713 2656)
4(1173 2712 2713 1174)
4(1118 1175 2714 2657)
4(1174 2713 2714 1175)
4(1119 1176 2715 2658)
4(1175 2714 2715 1176)
4(1120 1177 2716 2659)
4(1176 2715 2716 1177)
4(1121 1178 2717 2660)
4(1177 2716 2717 1178)
4(1122 1179 2718 2661)
4(1178 2717 2718 1179)
4(1123 1180 2719 2662)
4(1179 2718 2719 1180)
4(1124 1181 2720 2663)
4(1180 2719 2720 1181)
4(1125 1182 2721 2664)
4(1181 2720 2721 1182)
4(1126 1183 2722 2665)
4(1182 2721 2722 1183)
4(1127 1184 2723 2666)
4(1183 2722 2723 1184)
4(1128 1185 2724 2667)
4(1184 2723 2724 1185)
4(1129 1186 2725 2668)
4(1185 2724 2725 1186)
4(1130 1187 2726 2669)
4(1186 2725 2726 1187)
4(1131 1188 2727 2670)
4(1187 2726 2727 1188)
4(1132 1189 2728 2671)
4(1188 2727 2728 1189)
4(1133 1190 2729 2672)
4(1189 2728 2729 1190)
4(1134 1191 2730 2673)
4(1190 2729 2730 1191)
4(1135 1192 2731 2674)
4(1191 2730 2731 1192)
4(1136 1193 2732 2675)
4(1192 2731 2732 1193)
4(1137 1194 2733 2676)
4(1193 2732 2733 1194)
4(1138 1195 2734 2677)
4(1194 2733 2734 1195)
4(1195 2734 2735 1196)
4(1141 1198 2737 2680)
4(1197 2736 2737 1198)
4(1142 1199 2738 2681)
4(1198 2737 2738 1199)
4(1143 1200 2739 2682)
4(1199 2738 2739 1200)
4(1144 1201 2740 2683)
4(1200 2739 2740 1201)
4(1145 1202 2741 2684)
4(1201 2740 2741 1202)
4(1146 1203 2742 2685)
4(1202 2741 2742 1203)
4(1147 1204 2743 2686)
4(1203 2742 2743 1204)
4(1148 1205 2744 2687)
4(1204 2743 2744 1205)
4(1149 1206 2745 2688)
4(1205 2744 2745 1206)
4(1150 1207 2746 2689)
4(1206 2745 2746 1207)
4(1151 1208 2747 2690)
4(1207 2746 2747 1208)
4(1152 1209 2748 2691)
4(1208 2747 2748 1209)
4(1153 1210 2749 2692)
4(1209 2748 2749 1210)
4(1154 1211 2750 2693)
4(1210 2749 2750 1211)
4(1155 1212 2751 2694)
4(1211 2750 2751 1212)
4(1156 1213 2752 2695)
4(1212 2751 2752 1213)
4(1157 1214 2753 2696)
4(1213 2752 2753 1214)
4(1158 1215 2754 2697)
4(1214 2753 2754 1215)
4(1159 1216 2755 2698)
4(1215 2754 2755 1216)
4(1160 1217 2756 2699)
4(1216 2755 2756 1217)
4(1161 1218 2757 2700)
4(1217 2756 2757 1218)
4(1162 1219 2758 2701)
4(1218 2757 2758 1219)
4(1163 1220 2759 2702)
4(1219 2758 2759 1220)
4(1164 1221 2760 2703)
4(1220 2759 2760 1221)
4(1165 1222 2761 2704)
4(1221 2760 2761 1222)
4(1166 1223 2762 2705)
4(1222 2761 2762 1223)
4(1167 1224 2763 2706)
4(1223 2762 2763 1224)
4(1168 1225 2764 2707)
4(1224 2763 2764 1225)
4(1169 1226 2765 2708)
4(1225 2764 2765 1226)
4(1170 1227 2766 2709)
4(1226 2765 2766 1227)
4(1171 1228 2767 2710)
4(1227 2766 2767 1228)
4(1172 1229 2768 2711)
4(1228 2767 2768 1229)
4(1173 1230 2769 2712)
4(1229 2768 2769 1230)
4(1174 1231 2770 2713)
4(1230 2769 2770 1231)
4(1175 1232 2771 2714)
4(1231 2770 2771 1232)
4(1176 1233 2772 2715)
4(1232 2771 2772 1233)
4(1177 1234 2773 2716)
4(1233 2772 2773 1234)
4(1178 1235 2774 2717)
4(1234 2773 2774 1235)
4(1179 1236 2775 2718)
4(1235 2774 2775 1236)
4(1180 1237 2776 2719)
4(1236 2775 2776 1237)
4(1181 1238 2777 2720)
4(1237 2776 2777 1238)
4(1182 1239 2778 2721)
4(1238 2777 2778 1239)
4(1183 1240 2779 2722)
4(1239 2778 2779 1240)
4(1184 1241 2780 2723)
4(1240 2779 2780 1241)
4(1185 1242 2781 2724)
4(1241 2780 2781 1242)
4(1186 1243 2782 2725)
4(1242 2781 2782 1243)
4(1187 1244 2783 2726)
4(1243 2782 2783 1244)
4(1188 1245 2784 2727)
4(1244 2783 2784 1245)
4(1189 1246 2785 2728)
4(1245 2784 2785 1246)
4(1190 1247 2786 2729)
4(1246 2785 2786 1247)
4(1191 1248 2787 2730)
4(1247 2786 2787 1248)
4(1192 1249 2788 2731)
4(1248 2787 2788 1249)
4(1193 1250 2789 2732)
4(1249 2788 2789 1250)
4(1194 1251 2790 2733)
4(1250 2789 2790 1251)
4(1195 1252 2791 2734)
4(1251 2790 2791 1252)
4(1252 2791 2792 1253)
4(1198 1255 2794 2737)
4(1254 2793 2794 1255)
4(1199 1256 2795 2738)
4(1255 2794 2795 1256)
4(1200 1257 2796 2739)
4(1256 2795 2796 1257)
4(1201 1258 2797 2740)
4(1257 2796 2797 1258)
4(1202 1259 2798 2741)
4(1258 2797 2798 1259)
4(1203 1260 2799 2742)
4(1259 2798 2799 1260)
4(1204 1261 2800 2743)
4(1260 2799 2800 1261)
4(1205 1262 2801 2744)
4(1261 2800 2801 1262)
4(1206 1263 2802 2745)
4(1262 2801 2802 1263)
4(1207 1264 2803 2746)
4(1263 2802 2803 1264)
4(1208 1265 2804 2747)
4(1264 2803 2804 1265)
4(1209 1266 2805 2748)
4(1265 2804 2805 1266)
4(1210 1267 2806 2749)
4(1266 2805 2806 1267)
4(1211 1268 2807 2750)
4(1267 2806 2807 1268)
4(1212 1269 2808 2751)
4(1268 2807 2808 1269)
4(1213 1270 2809 2752)
4(1269 2808 2809 1270)
4(1214 1271 2810 2753)
4(1270 2809 2810 1271)
4(1215 1272 2811 2754)
4(1271 2810 2811 1272)
4(1216 1273 2812 2755)
4(1272 2811 2812 1273)
4(1217 1274 2813 2756)
4(1273 2812 2813 1274)
4(1218 1275 2814 2757)
4(1274 2813 2814 1275)
4(1219 1276 2815 2758)
4(1275 2814 2815 1276)
4(1220 1277 2816 2759)
4(1276 2815 2816 1277)
4(1221 1278 2817 2760)
4(1277 2816 2817 1278)
4(1222 1279 2818 2761)
4(1278 2817 2818 1279)
4(1223 1280 2819 2762)
4(1279 2818 2819 1280)
4(1224 1281 2820 2763)
4(1280 2819 2820 1281)
4(1225 1282 2821 2764)
4(1281 2820 2821 1282)
4(1226 1283 2822 2765)
4(1282 2821 2822 1283)
4(1227 1284 2823 2766)
4(1283 2822 2823 1284)
4(1228 1285 2824 2767)
4(1284 2823 2824 1285)
4(1229 1286 2825 2768)
4(1285 2824 2825 1286)
4(1230 1287 2826 2769)
4(1286 2825 2826 1287)
4(1231 1288 2827 2770)
4(1287 2826 2827 1288)
4(1232 1289 2828 2771)
4(1288 2827 2828 1289)
4(1233 1290 2829 2772)
4(1289 2828 2829 1290)
4(1234 1291 2830 2773)
4(1290 2829 2830 1291)
4(1235 1292 2831 2774)
4(1291 2830 2831 1292)
4(1236 1293 2832 2775)
4(1292 2831 2832 1293)
4(1237 1294 2833 2776)
4(1293 2832 2833 1294)
4(1238 1295 2834 2777)
4(1294 2833 2834 1295)
4(1239 1296 2835 2778)
4(1295 2834 2835 1296)
4(1240 1297 2836 2779)
4(1296 2835 2836 1297)
4(1241 1298 2837 2780)
4(1297 2836 2837 1298)
4(1242 1299 2838 2781)
4(1298 2837 2838 1299)
4(1243 1300 2839 2782)
4(1299 2838 2839 1300)
4(1244 1301 2840 2783)
4(1300 2839 2840 1301)
4(1245 1302 2841 2784)
4(1301 2840 2841 1302)
4(1246 1303 2842 2785)
4(1302 2841 2842 1303)
4(1247 1304 2843 2786)
4(1303 2842 2843 1304)
4(1248 1305 2844 2787)
4(1304 2843 2844 1305)
4(1249 1306 2845 2788)
4(1305 2844 2845 1306)
4(1250 1307 2846 2789)
4(1306 2845 2846 1307)
4(1251 1308 2847 2790)
4(1307 2846 2847 1308)
4(1252 1309 2848 2791)
4(1308 2847 2848 1309)
4(1309 2848 2849 1310)
4(1255 1312 2851 2794)
4(1311 2850 2851 1312)
4(1256 1313 2852 2795)
4(1312 2851 2852 1313)
4(1257 1314 2853 2796)
4(1313 2852 2853 1314)
4(1258 1315 2854 2797)
4(1314 2853 2854 1315)
4(1259 1316 2855 2798)
4(1315 2854 2855 1316)
4(1260 1317 2856 2799)
4(1316 2855 2856 1317)
4(1261 1318 2857 2800)
4(1317 2856 2857 1318)
4(1262 1319 2858 2801)
4(1318 2857 2858 1319)
4(1263 1320 2859 2802)
4(1319 2858 2859 1320)
4(1264 1321 2860 2803)
4(1320 2859 2860 1321)
4(1265 1322 2861 2804)
4(1321 2860 2861 1322)
4(1266 1323 2862 2805)
4(1322 2861 2862 1323)
4(1267 1324 2863 2806)
4(1323 2862 2863 1324)
4(1268 1325 2864 2807)
4(1324 2863 2864 1325)
4(1269 1326 2865 2808)
4(1325 2864 2865 1326)
4(1270 1327 2866 2809)
4(1326 2865 2866 1327)
4(1271 1328 2867 2810)
4(1327 2866 2867 1328)
4(1272 1329 2868 2811)
4(1328 2867 2868 1329)
4(1273 1330 2869 2812)
4(1329 2868 2869 1330)
4(1274 1331 2870 2813)
4(1330 2869 2870 1331)
4(1275 1332 2871 2814)
4(1331 2870 2871 1332)
4(1276 1333 2872 2815)
4(1332 2871 2872 1333)
4(1277 1334 2873 2816)
4(1333 2872 2873 1334)
4(1278 1335 2874 2817)
4(1334 2873 2874 1335)
4(1279 1336 2875 2818)
4(1335 2874 2875 1336)
4(1280 1337 2876 2819)
4(1336 2875 2876 1337)
4(1281 1338 2877 2820)
4(1337 2876 2877 1338)
4(1282 1339 2878 2821)
4(1338 2877 2878 1339)
4(1283 1340 2879 2822)
4(1339 2878 2879 1340)
4(1284 1341 2880 2823)
4(1340 2879 2880 1341)
4(1285 1342 2881 2824)
4(1341 2880 2881 1342)
4(1286 1343 2882 2825)
4(1342 2881 2882 1343)
4(1287 1344 2883 2826)
4(1343 2882 2883 1344)
4(1288 1345 2884 2827)
4(1344 2883 2884 1345)
4(1289 1346 2885 2828)
4(1345 2884 2885 1346)
4(1290 1347 2886 2829)
4(1346 2885 2886 1347)
4(1291 1348 2887 2830)
4(1347 2886 2887 1348)
4(1292 1349 2888 2831)
4(1348 2887 2888 1349)
4(1293 1350 2889 2832)
4(1349 2888 2889 1350)
4(1294 1351 2890 2833)
4(1350 2889 2890 1351)
4(1295 1352 2891 2834)
4(1351 2890 2891 1352)
4(1296 1353 2892 2835)
4(1352 2891 2892 1353)
4(1297 1354 2893 2836)
4(1353 2892 2893 1354)
4(1298 1355 2894 2837)
4(1354 2893 2894 1355)
4(1299 1356 2895 2838)
4(1355 2894 2895 1356)
4(1300 1357 2896 2839)
4(1356 2895 2896 1357)
4(1301 1358 2897 2840)
4(1357 2896 2897 1358)
4(1302 1359 2898 2841)
4(1358 2897 2898 1359)
4(1303 1360 2899 2842)
4(1359 2898 2899 1360)
4(1304 1361 2900 2843)
4(1360 2899 2900 1361)
4(1305 1362 2901 2844)
4(1361 2900 2901 1362)
4(1306 1363 2902 2845)
4(1362 2901 2902 1363)
4(1307 1364 2903 2846)
4(1363 2902 2903 1364)
4(1308 1365 2904 2847)
4(1364 2903 2904 1365)
4(1309 1366 2905 2848)
4(1365 2904 2905 1366)
4(1366 2905 2906 1367)
4(1312 1369 2908 2851)
4(1368 2907 2908 1369)
4(1313 1370 2909 2852)
4(1369 2908 2909 1370)
4(1314 1371 2910 2853)
4(1370 2909 2910 1371)
4(1315 1372 2911 2854)
4(1371 2910 2911 1372)
4(1316 1373 2912 2855)
4(1372 2911 2912 1373)
4(1317 1374 2913 2856)
4(1373 2912 2913 1374)
4(1318 1375 2914 2857)
4(1374 2913 2914 1375)
4(1319 1376 2915 2858)
4(1375 2914 2915 1376)
4(1320 1377 2916 2859)
4(1376 2915 2916 1377)
4(1321 1378 2917 2860)
4(1377 2916 2917 1378)
4(1322 1379 2918 2861)
4(1378 2917 2918 1379)
4(1323 1380 2919 2862)
4(1379 2918 2919 1380)
4(1324 1381 2920 2863)
4(1380 2919 2920 1381)
4(1325 1382 2921 2864)
4(1381 2920 2921 1382)
4(1326 1383 2922 2865)
4(1382 2921 2922 1383)
4(1327 1384 2923 2866)
4(1383 2922 2923 1384)
4(1328 1385 2924 2867)
4(1384 2923 2924 1385)
4(1329 1386 2925 2868)
4(1385 2924 2925 1386)
4(1330 1387 2926 2869)
4(1386 2925 2926 1387)
4(1331 1388 2927 2870)
4(1387 2926 2927 1388)
4(1332 1389 2928 2871)
4(1388 2927 2928 1389)
4(1333 1390 2929 2872)
4(1389 2928 2929 1390)
4(1334 1391 2930 2873)
4(1390 2929 2930 1391)
4(1335 1392 2931 2874)
4(1391 2930 2931 1392)
4(1336 1393 2932 2875)
4(1392 2931 2932 1393)
4(1337 1394 2933 2876)
4(1393 2932 2933 1394)
4(1338 1395 2934 2877)
4(1394 2933 2934 1395)
4(1339 1396 2935 2878)
4(1395 2934 2935 1396)
4(1340 1397 2936 2879)
4(1396 2935 2936 1397)
4(1341 1398 2937 2880)
4(1397 2936 2937 1398)
4(1342 1399 2938 2881)
4(1398 2937 2938 1399)
4(1343 1400 2939 2882)
4(1399 2938 2939 1400)
4(1344 1401 2940 2883)
4(1400 2939 2940 1401)
4(1345 1402 2941 2884)
4(1401 2940 2941 1402)
4(1346 1403 2942 2885)
4(1402 2941 2942 1403)
4(1347 1404 2943 2886)
4(1403 2942 2943 1404)
4(1348 1405 2944 2887)
4(1404 2943 2944 1405)
4(1349 1406 2945 2888)
4(1405 2944 2945 1406)
4(1350 1407 2946 2889)
4(1406 2945 2946 1407)
4(1351 1408 2947 2890)
4(1407 2946 2947 1408)
4(1352 1409 2948 2891)
4(1408 2947 2948 1409)
4(1353 1410 2949 2892)
4(1409 2948 2949 1410)
4(1354 1411 2950 2893)
4(1410 2949 2950 1411)
4(1355 1412 2951 2894)
4(1411 2950 2951 1412)
4(1356 1413 2952 2895)
4(1412 2951 2952 1413)
4(1357 1414 2953 2896)
4(1413 2952 2953 1414)
4(1358 1415 2954 2897)
4(1414 2953 2954 1415)
4(1359 1416 2955 2898)
4(1415 2954 2955 1416)
4(1360 1417 2956 2899)
4(1416 2955 2956 1417)
4(1361 1418 2957 2900)
4(1417 2956 2957 1418)
4(1362 1419 2958 2901)
4(1418 2957 2958 1419)
4(1363 1420 2959 2902)
4(1419 2958 2959 1420)
4(1364 1421 2960 2903)
4(1420 2959 2960 1421)
4(1365 1422 2961 2904)
4(1421 2960 2961 1422)
4(1366 1423 2962 2905)
4(1422 2961 2962 1423)
4(1423 2962 2963 1424)
4(1369 1426 2965 2908)
4(1425 2964 2965 1426)
4(1370 1427 2966 2909)
4(1426 2965 2966 1427)
4(1371 1428 2967 2910)
4(1427 2966 2967 1428)
4(1372 1429 2968 2911)
4(1428 2967 2968 1429)
4(1373 1430 2969 2912)
4(1429 2968 2969 1430)
4(1374 1431 2970 2913)
4(1430 2969 2970 1431)
4(1375 1432 2971 2914)
4(1431 2970 2971 1432)
4(1376 1433 2972 2915)
4(1432 2971 2972 1433)
4(1377 1434 2973 2916)
4(1433 2972 2973 1434)
4(1378 1435 2974 2917)
4(1434 2973 2974 1435)
4(1379 1436 2975 2918)
4(1435 2974 2975 1436)
4(1380 1437 2976 2919)
4(1436 2975 2976 1437)
4(1381 1438 2977 2920)
4(1437 2976 2977 1438)
4(1382 1439 2978 2921)
4(1438 2977 2978 1439)
4(1383 1440 2979 2922)
4(1439 2978 2979 1440)
4(1384 1441 2980 2923)
4(1440 2979 2980 1441)
4(1385 1442 2981 2924)
4(1441 2980 2981 1442)
4(1386 1443 2982 2925)
4(1442 2981 2982 1443)
4(1387 1444 2983 2926)
4(1443 2982 2983 1444)
4(1388 1445 2984 2927)
4(1444 2983 2984 1445)
4(1389 1446 2985 2928)
4(1445 2984 2985 1446)
4(1390 1447 2986 2929)
4(1446 2985 2986 1447)
4(1391 1448 2987 2930)
4(1447 2986 2987 1448)
4(1392 1449 2988 2931)
4(1448 2987 2988 1449)
4(1393 1450 2989 2932)
4(1449 2988 2989 1450)
4(1394 1451 2990 2933)
4(1450 2989 2990 1451)
4(1395 1452 2991 2934)
4(1451 2990 2991 1452)
4(1396 1453 2992 2935)
4(1452 2991 2992 1453)
4(1397 1454 2993 2936)
4(1453 2992 2993 1454)
4(1398 1455 2994 2937)
4(1454 2993 2994 1455)
4(1399 1456 2995 2938)
4(1455 2994 2995 1456)
4(1400 1457 2996 2939)
4(1456 2995 2996 1457)
4(1401 1458 2997 2940)
4(1457 2996 2997 1458)
4(1402 1459 2998 2941)
4(1458 2997 2998 1459)
4(1403 1460 2999 2942)
4(1459 2998 2999 1460)
4(1404 1461 3000 2943)
4(1460 2999 3000 1461)
4(1405 1462 3001 2944)
4(1461 3000 3001 1462)
4(1406 1463 3002 2945)
4(1462 3001 3002 1463)
4(1407 1464 3003 2946)
4(1463 3002 3003 1464)
4(1408 1465 3004 2947)
4(1464 3003 3004 1465)
4(1409 1466 3005 2948)
4(1465 3004 3005 1466)
4(1410 1467 3006 2949)
4(1466 3005 3006 1467)
4(1411 1468 3007 2950)
4(1467 3006 3007 1468)
4(1412 1469 3008 2951)
4(1468 3007 3008 1469)
4(1413 1470 3009 2952)
4(1469 3008 3009 1470)
4(1414 1471 3010 2953)
4(1470 3009 3010 1471)
4(1415 1472 3011 2954)
4(1471 3010 3011 1472)
4(1416 1473 3012 2955)
4(1472 3011 3012 1473)
4(1417 1474 3013 2956)
4(1473 3012 3013 1474)
4(1418 1475 3014 2957)
4(1474 3013 3014 1475)
4(1419 1476 3015 2958)
4(1475 3014 3015 1476)
4(1420 1477 3016 2959)
4(1476 3015 3016 1477)
4(1421 1478 3017 2960)
4(1477 3016 3017 1478)
4(1422 1479 3018 2961)
4(1478 3017 3018 1479)
4(1423 1480 3019 2962)
4(1479 3018 3019 1480)
4(1480 3019 3020 1481)
4(1426 1483 3022 2965)
4(1427 1484 3023 2966)
4(1428 1485 3024 2967)
4(1429 1486 3025 2968)
4(1430 1487 3026 2969)
4(1431 1488 3027 2970)
4(1432 1489 3028 2971)
4(1433 1490 3029 2972)
4(1434 1491 3030 2973)
4(1435 1492 3031 2974)
4(1436 1493 3032 2975)
4(1437 1494 3033 2976)
4(1438 1495 3034 2977)
4(1439 1496 3035 2978)
4(1440 1497 3036 2979)
4(1441 1498 3037 2980)
4(1442 1499 3038 2981)
4(1443 1500 3039 2982)
4(1444 1501 3040 2983)
4(1445 1502 3041 2984)
4(1446 1503 3042 2985)
4(1447 1504 3043 2986)
4(1448 1505 3044 2987)
4(1449 1506 3045 2988)
4(1450 1507 3046 2989)
4(1451 1508 3047 2990)
4(1452 1509 3048 2991)
4(1453 1510 3049 2992)
4(1454 1511 3050 2993)
4(1455 1512 3051 2994)
4(1456 1513 3052 2995)
4(1457 1514 3053 2996)
4(1458 1515 3054 2997)
4(1459 1516 3055 2998)
4(1460 1517 3056 2999)
4(1461 1518 3057 3000)
4(1462 1519 3058 3001)
4(1463 1520 3059 3002)
4(1464 1521 3060 3003)
4(1465 1522 3061 3004)
4(1466 1523 3062 3005)
4(1467 1524 3063 3006)
4(1468 1525 3064 3007)
4(1469 1526 3065 3008)
4(1470 1527 3066 3009)
4(1471 1528 3067 3010)
4(1472 1529 3068 3011)
4(1473 1530 3069 3012)
4(1474 1531 3070 3013)
4(1475 1532 3071 3014)
4(1476 1533 3072 3015)
4(1477 1534 3073 3016)
4(1478 1535 3074 3017)
4(1479 1536 3075 3018)
4(1480 1537 3076 3019)
4(0 1539 1596 57)
4(57 1596 1653 114)
4(114 1653 1710 171)
4(171 1710 1767 228)
4(228 1767 1824 285)
4(285 1824 1881 342)
4(342 1881 1938 399)
4(399 1938 1995 456)
4(456 1995 2052 513)
4(513 2052 2109 570)
4(570 2109 2166 627)
4(627 2166 2223 684)
4(684 2223 2280 741)
4(741 2280 2337 798)
4(798 2337 2394 855)
4(855 2394 2451 912)
4(912 2451 2508 969)
4(969 2508 2565 1026)
4(1026 2565 2622 1083)
4(1083 2622 2679 1140)
4(1140 2679 2736 1197)
4(1197 2736 2793 1254)
4(1254 2793 2850 1311)
4(1311 2850 2907 1368)
4(1368 2907 2964 1425)
4(1425 2964 3021 1482)
4(56 113 1652 1595)
4(113 170 1709 1652)
4(170 227 1766 1709)
4(227 284 1823 1766)
4(284 341 1880 1823)
4(341 398 1937 1880)
4(398 455 1994 1937)
4(455 512 2051 1994)
4(512 569 2108 2051)
4(569 626 2165 2108)
4(626 683 2222 2165)
4(683 740 2279 2222)
4(740 797 2336 2279)
4(797 854 2393 2336)
4(854 911 2450 2393)
4(911 968 2507 2450)
4(968 1025 2564 2507)
4(1025 1082 2621 2564)
4(1082 1139 2678 2621)
4(1139 1196 2735 2678)
4(1196 1253 2792 2735)
4(1253 1310 2849 2792)
4(1310 1367 2906 2849)
4(1367 1424 2963 2906)
4(1424 1481 3020 2963)
4(1481 1538 3077 3020)
4(0 1 1540 1539)
4(1 2 1541 1540)
4(2 3 1542 1541)
4(3 4 1543 1542)
4(4 5 1544 1543)
4(5 6 1545 1544)
4(6 7 1546 1545)
4(7 8 1547 1546)
4(8 9 1548 1547)
4(9 10 1549 1548)
4(10 11 1550 1549)
4(11 12 1551 1550)
4(12 13 1552 1551)
4(13 14 1553 1552)
4(14 15 1554 1553)
4(15 16 1555 1554)
4(16 17 1556 1555)
4(17 18 1557 1556)
4(18 19 1558 1557)
4(19 20 1559 1558)
4(20 21 1560 1559)
4(21 22 1561 1560)
4(22 23 1562 1561)
4(23 24 1563 1562)
4(24 25 1564 1563)
4(25 26 1565 1564)
4(26 27 1566 1565)
4(27 28 1567 1566)
4(28 29 1568 1567)
4(29 30 1569 1568)
4(30 31 1570 1569)
4(31 32 1571 1570)
4(32 33 1572 1571)
4(33 34 1573 1572)
4(34 35 1574 1573)
4(35 36 1575 1574)
4(36 37 1576 1575)
4(37 38 1577 1576)
4(38 39 1578 1577)
4(39 40 1579 1578)
4(40 41 1580 1579)
4(41 42 1581 1580)
4(42 43 1582 1581)
4(43 44 1583 1582)
4(44 45 1584 1583)
4(45 46 1585 1584)
4(46 47 1586 1585)
4(47 48 1587 1586)
4(48 49 1588 1587)
4(49 50 1589 1588)
4(50 51 1590 1589)
4(51 52 1591 1590)
4(52 53 1592 1591)
4(53 54 1593 1592)
4(54 55 1594 1593)
4(55 56 1595 1594)
4(1482 3021 3022 1483)
4(1483 3022 3023 1484)
4(1484 3023 3024 1485)
4(1485 3024 3025 1486)
4(1486 3025 3026 1487)
4(1487 3026 3027 1488)
4(1488 3027 3028 1489)
4(1489 3028 3029 1490)
4(1490 3029 3030 1491)
4(1491 3030 3031 1492)
4(1492 3031 3032 1493)
4(1493 3032 3033 1494)
4(1494 3033 3034 1495)
4(1495 3034 3035 1496)
4(1496 3035 3036 1497)
4(1497 3036 3037 1498)
4(1498 3037 3038 1499)
4(1499 3038 3039 1500)
4(1500 3039 3040 1501)
4(1501 3040 3041 1502)
4(1502 3041 3042 1503)
4(1503 3042 3043 1504)
4(1504 3043 3044 1505)
4(1505 3044 3045 1506)
4(1506 3045 3046 1507)
4(1507 3046 3047 1508)
4(1508 3047 3048 1509)
4(1509 3048 3049 1510)
4(1510 3049 3050 1511)
4(1511 3050 3051 1512)
4(1512 3051 3052 1513)
4(1513 3052 3053 1514)
4(1514 3053 3054 1515)
4(1515 3054 3055 1516)
4(1516 3055 3056 1517)
4(1517 3056 3057 1518)
4(1518 3057 3058 1519)
4(1519 3058 3059 1520)
4(1520 3059 3060 1521)
4(1521 3060 3061 1522)
4(1522 3061 3062 1523)
4(1523 3062 3063 1524)
4(1524 3063 3064 1525)
4(1525 3064 3065 1526)
4(1526 3065 3066 1527)
4(1527 3066 3067 1528)
4(1528 3067 3068 1529)
4(1529 3068 3069 1530)
4(1530 3069 3070 1531)
4(1531 3070 3071 1532)
4(1532 3071 3072 1533)
4(1533 3072 3073 1534)
4(1534 3073 3074 1535)
4(1535 3074 3075 1536)
4(1536 3075 3076 1537)
4(1537 3076 3077 1538)
4(0 57 58 1)
4(57 114 115 58)
4(114 171 172 115)
4(171 228 229 172)
4(228 285 286 229)
4(285 342 343 286)
4(342 399 400 343)
4(399 456 457 400)
4(456 513 514 457)
4(513 570 571 514)
4(570 627 628 571)
4(627 684 685 628)
4(684 741 742 685)
4(741 798 799 742)
4(798 855 856 799)
4(855 912 913 856)
4(912 969 970 913)
4(969 1026 1027 970)
4(1026 1083 1084 1027)
4(1083 1140 1141 1084)
4(1140 1197 1198 1141)
4(1197 1254 1255 1198)
4(1254 1311 1312 1255)
4(1311 1368 1369 1312)
4(1368 1425 1426 1369)
4(1425 1482 1483 1426)
4(1 58 59 2)
4(58 115 116 59)
4(115 172 173 116)
4(172 229 230 173)
4(229 286 287 230)
4(286 343 344 287)
4(343 400 401 344)
4(400 457 458 401)
4(457 514 515 458)
4(514 571 572 515)
4(571 628 629 572)
4(628 685 686 629)
4(685 742 743 686)
4(742 799 800 743)
4(799 856 857 800)
4(856 913 914 857)
4(913 970 971 914)
4(970 1027 1028 971)
4(1027 1084 1085 1028)
4(1084 1141 1142 1085)
4(1141 1198 1199 1142)
4(1198 1255 1256 1199)
4(1255 1312 1313 1256)
4(1312 1369 1370 1313)
4(1369 1426 1427 1370)
4(1426 1483 1484 1427)
4(2 59 60 3)
4(59 116 117 60)
4(116 173 174 117)
4(173 230 231 174)
4(230 287 288 231)
4(287 344 345 288)
4(344 401 402 345)
4(401 458 459 402)
4(458 515 516 459)
4(515 572 573 516)
4(572 629 630 573)
4(629 686 687 630)
4(686 743 744 687)
4(743 800 801 744)
4(800 857 858 801)
4(857 914 915 858)
4(914 971 972 915)
4(971 1028 1029 972)
4(1028 1085 1086 1029)
4(1085 1142 1143 1086)
4(1142 1199 1200 1143)
4(1199 1256 1257 1200)
4(1256 1313 1314 1257)
4(1313 1370 1371 1314)
4(1370 1427 1428 1371)
4(1427 1484 1485 1428)
4(3 60 61 4)
4(60 117 118 61)
4(117 174 175 118)
4(174 231 232 175)
4(231 288 289 232)
4(288 345 346 289)
4(345 402 403 346)
4(402 459 460 403)
4(459 516 517 460)
4(516 573 574 517)
4(573 630 631 574)
4(630 687 688 631)
4(687 744 745 688)
4(744 801 802 745)
4(801 858 859 802)
4(858 915 916 859)
4(915 972 973 916)
4(972 1029 1030 973)
4(1029 1086 1087 1030)
4(1086 1143 1144 1087)
4(1143 1200 1201 1144)
4(1200 1257 1258 1201)
4(1257 1314 1315 1258)
4(1314 1371 1372 1315)
4(1371 1428 1429 1372)
4(1428 1485 1486 1429)
4(4 61 62 5)
4(61 118 119 62)
4(118 175 176 119)
4(175 232 233 176)
4(232 289 290 233)
4(289 346 347 290)
4(346 403 404 347)
4(403 460 461 404)
4(460 517 518 461)
4(517 574 575 518)
4(574 631 632 575)
4(631 688 689 632)
4(688 745 746 689)
4(745 802 803 746)
4(802 859 860 803)
4(859 916 917 860)
4(916 973 974 917)
4(973 1030 1031 974)
4(1030 1087 1088 1031)
4(1087 1144 1145 1088)
4(1144 1201 1202 1145)
4(1201 1258 1259 1202)
4(1258 1315 1316 1259)
4(1315 1372 1373 1316)
4(1372 1429 1430 1373)
4(1429 1486 1487 1430)
4(5 62 63 6)
4(62 119 120 63)
4(119 176 177 120)
4(176 233 234 177)
4(233 290 291 234)
4(290 347 348 291)
4(347 404 405 348)
4(404 461 462 405)
4(461 518 519 462)
4(518 575 576 519)
4(575 632 633 576)
4(632 689 690 633)
4(689 746 747 690)
4(746 803 804 747)
4(803 860 861 804)
4(860 917 918 861)
4(917 974 975 918)
4(974 1031 1032 975)
4(1031 1088 1089 1032)
4(1088 1145 1146 1089)
4(1145 1202 1203 1146)
4(1202 1259 1260 1203)
4(1259 1316 1317 1260)
4(1316 1373 1374 1317)
4(1373 1430 1431 1374)
4(1430 1487 1488 1431)
4(6 63 64 7)
4(63 120 121 64)
4(120 177 178 121)
4(177 234 235 178)
4(234 291 292 235)
4(291 348 349 292)
4(348 405 406 349)
4(405 462 463 406)
4(462 519 520 463)
4(519 576 577 520)
4(576 633 634 577)
4(633 690 691 634)
4(690 747 748 691)
4(747 804 805 748)
4(804 861 862 805)
4(861 918 919 862)
4(918 975 976 919)
4(975 1032 1033 976)
4(1032 1089 1090 1033)
4(1089 1146 1147 1090)
4(1146 1203 1204 1147)
4(1203 1260 1261 1204)
4(1260 1317 1318 1261)
4(1317 1374 1375 1318)
4(1374 1431 1432 1375)
4(1431 1488 1489 1432)
4(7 64 65 8)
4(64 121 122 65)
4(121 178 179 122)
4(178 235 236 179)
4(235 292 293 236)
4(292 349 350 293)
4(349 406 407 350)
4(406 463 464 407)
4(463 520 521 464)
4(520 577 578 521)
4(577 634 635 578)
4(634 691 692 635)
4(691 748 749 692)
4(748 805 806 749)
4(805 862 863 806)
4(862 919 920 863)
4(919 976 977 920)
4(976 1033 1034 977)
4(1033 1090 1091 1034)
4(1090 1147 1148 1091)
4(1147 1204 1205 1148)
4(1204 1261 1262 1205)
4(1261 1318 1319 1262)
4(1318 1375 1376 1319)
4(1375 1432 1433 1376)
4(1432 1489 1490 1433)
4(8 65 66 9)
4(65 122 123 66)
4(122 179 180 123)
4(179 236 237 180)
4(236 293 294 237)
4(293 350 351 294)
4(350 407 408 351)
4(407 464 465 408)
4(464 521 522 465)
4(521 578 579 522)
4(578 635 636 579)
4(635 692 693 636)
4(692 749 750 693)
4(749 806 807 750)
4(806 863 864 807)
4(863 920 921 864)
4(920 977 978 921)
4(977 1034 1035 978)
4(1034 1091 1092 1035)
4(1091 1148 1149 1092)
4(1148 1205 1206 1149)
4(1205 1262 1263 1206)
4(1262 1319 1320 1263)
4(1319 1376 1377 1320)
4(1376 1433 1434 1377)
4(1433 1490 1491 1434)
4(9 66 67 10)
4(66 123 124 67)
4(123 180 181 124)
4(180 237 238 181)
4(237 294 295 238)
4(294 351 352 295)
4(351 408 409 352)
4(408 465 466 409)
4(465 522 523 466)
4(522 579 580 523)
4(579 636 637 580)
4(636 693 694 637)
4(693 750 751 694)
4(750 807 808 751)
4(807 864 865 808)
4(864 921 922 865)
4(921 978 979 922)
4(978 1035 1036 979)
4(1035 1092 1093 1036)
4(1092 1149 1150 1093)
4(1149 1206 1207 1150)
4(1206 1263 1264 1207)
4(1263 1320 1321 1264)
4(1320 1377 1378 1321)
4(1377 1434 1435 1378)
4(1434 1491 1492 1435)
4(10 67 68 11)
4(67 124 125 68)
4(124 181 182 125)
4(181 238 239 182)
4(238 295 296 239)
4(295 352 353 296)
4(352 409 410 353)
4(409 466 467 410)
4(466 523 524 467)
4(523 580 581 524)
4(580 637 638 581)
4(637 694 695 638)
4(694 751 752 695)
4(751 808 809 752)
4(808 865 866 809)
4(865 922 923 866)
4(922 979 980 923)
4(979 1036 1037 980)
4(1036 1093 1094 1037)
4(1093 1150 1151 1094)
4(1150 1207 1208 1151)
4(1207 1264 1265 1208)
4(1264 1321 1322 1265)
4(1321 1378 1379 1322)
4(1378 1435 1436 1379)
4(1435 1492 1493 1436)
4(11 68 69 12)
4(68 125 126 69)
4(125 182 183 126)
4(182 239 240 183)
4(239 296 297 240)
4(296 353 354 297)
4(353 410 411 354)
4(410 467 468 411)
4(467 524 525 468)
4(524 581 582 525)
4(581 638 639 582)
4(638 695 696 639)
4(695 752 753 696)
4(752 809 810 753)
4(809 866 867 810)
4(866 923 924 867)
4(923 980 981 924)
4(980 1037 1038 981)
4(1037 1094 1095 1038)
4(1094 1151 1152 1095)
4(1151 1208 1209 1152)
4(1208 1265 1266 1209)
4(1265 1322 1323 1266)
4(1322 1379 1380 1323)
4(1379 1436 1437 1380)
4(1436 1493 1494 1437)
4(12 69 70 13)
4(69 126 127 70)
4(126 183 184 127)
4(183 240 241 184)
4(240 297 298 241)
4(297 354 355 298)
4(354 411 412 355)
4(411 468 469 412)
4(468 525 526 469)
4(525 582 583 526)
4(582 639 640 583)
4(639 696 697 640)
4(696 753 754 697)
4(753 810 811 754)
4(810 867 868 811)
4(867 924 925 868)
4(924 981 982 925)
4(981 1038 1039 982)
4(1038 1095 1096 1039)
4(1095 1152 1153 1096)
4(1152 1209 1210 1153)
4(1209 1266 1267 1210)
4(1266 1323 1324 1267)
4(1323 1380 1381 1324)
4(1380 1437 1438 1381)
4(1437 1494 1495 1438)
4(13 70 71 14)
4(70 127 128 71)
4(127 184 185 128)
4(184 241 242 185)
4(241 298 299 242)
4(298 355 356 299)
4(355 412 413 356)
4(412 469 470 413)
4(469 526 527 470)
4(526 583 584 527)
4(583 640 641 584)
4(640 697 698 641)
4(697 754 755 698)
4(754 811 812 755)
4(811 868 869 812)
4(868 925 926 869)
4(925 982 983 926)
4(982 1039 1040 983)
4(1039 1096 1097 1040)
4(1096 1153 1154 1097)
4(1153 1210 1211 1154)
4(1210 1267 1268 1211)
4(1267 1324 1325 1268)
4(1324 1381 1382 1325)
4(1381 1438 1439 1382)
4(1438 1495 1496 1439)
4(14 71 72 15)
4(71 128 129 72)
4(128 185 186 129)
4(185 242 243 186)
4(242 299 300 243)
4(299 356 357 300)
4(356 413 414 357)
4(413 470 471 414)
4(470 527 528 471)
4(527 584 585 528)
4(584 641 642 585)
4(641 698 699 642)
4(698 755 756 699)
4(755 812 813 756)
4(812 869 870 813)
4(869 926 927 870)
4(926 983 984 927)
4(983 1040 1041 984)
4(1040 1097 1098 1041)
4(1097 1154 1155 1098)
4(1154 1211 1212 1155)
4(1211 1268 1269 1212)
4(1268 1325 1326 1269)
4(1325 1382 1383 1326)
4(1382 1439 1440 1383)
4(1439 1496 1497 1440)
4(15 72 73 16)
4(72 129 130 73)
4(129 186 187 130)
4(186 243 244 187)
4(243 300 301 244)
4(300 357 358 301)
4(357 414 415 358)
4(414 471 472 415)
4(471 528 529 472)
4(528 585 586 529)
4(585 642 643 586)
4(642 699 700 643)
4(699 756 757 700)
4(756 813 814 757)
4(813 870 871 814)
4(870 927 928 871)
4(927 984 985 928)
4(984 1041 1042 985)
4(1041 1098 1099 1042)
4(1098 1155 1156 1099)
4(1155 1212 1213 1156)
4(1212 1269 1270 1213)
4(1269 1326 1327 1270)
4(1326 1383 1384 1327)
4(1383 1440 1441 1384)
4(1440 1497 1498 1441)
4(16 73 74 17)
4(73 130 131 74)
4(130 187 188 131)
4(187 244 245 188)
4(244 301 302 245)
4(301 358 359 302)
4(358 415 416 359)
4(415 472 473 416)
4(472 529 530 473)
4(529 586 587 530)
4(586 643 644 587)
4(643 700 701 644)
4(700 757 758 701)
4(757 814 815 758)
4(814 871 872 815)
4(871 928 929 872)
4(928 985 986 929)
4(985 1042 1043 986)
4(1042 1099 1100 1043)
4(1099 1156 1157 1100)
4(1156 1213 1214 1157)
4(1213 1270 1271 1214)
4(1270 1327 1328 1271)
4(1327 1384 1385 1328)
4(1384 1441 1442 1385)
4(1441 1498 1499 1442)
4(17 74 75 18)
4(74 131 132 75)
4(131 188 189 132)
4(188 245 246 189)
4(245 302 303 246)
4(302 359 360 303)
4(359 416 417 360)
4(416 473 474 417)
4(473 530 531 474)
4(530 587 588 531)
4(587 644 645 588)
4(644 701 702 645)
4(701 758 759 702)
4(758 815 816 759)
4(815 872 873 816)
4(872 929 930 873)
4(929 986 987 930)
4(986 1043 1044 987)
4(1043 1100 1101 1044)
4(1100 1157 1158 1101)
4(1157 1214 1215 1158)
4(1214 1271 1272 1215)
4(1271 1328 1329 1272)
4(1328 1385 1386 1329)
4(1385 1442 1443 1386)
4(1442 1499 1500 1443)
4(18 75 76 19)
4(75 132 133 76)
4(132 189 190 133)
4(189 246 247 190)
4(246 303 304 247)
4(303 360 361 304)
4(360 417 418 361)
4(417 474 475 418)
4(474 531 532 475)
4(531 588 589 532)
4(588 645 646 589)
4(645 702 703 646)
4(702 759 760 703)
4(759 816 817 760)
4(816 873 874 817)
4(873 930 931 874)
4(930 987 988 931)
4(987 1044 1045 988)
4(1044 1101 1102 1045)
4(1101 1158 1159 1102)
4(1158 1215 1216 1159)
4(1215 1272 1273 1216)
4(1272 1329 1330 1273)
4(1329 1386 1387 1330)
4(1386 1443 1444 1387)
4(1443 1500 1501 1444)
4(19 76 77 20)
4(76 133 134 77)
4(133 190 191 134)
4(190 247 248 191)
4(247 304 305 248)
4(304 361 362 305)
4(361 418 419 362)
4(418 475 476 419)
4(475 532 533 476)
4(532 589 590 533)
4(589 646 647 590)
4(646 703 704 647)
4(703 760 761 704)
4(760 817 818 761)
4(817 874 875 818)
4(874 931 932 875)
4(931 988 989 932)
4(988 1045 1046 989)
4(1045 1102 1103 1046)
4(1102 1159 1160 1103)
4(1159 1216 1217 1160)
4(1216 1273 1274 1217)
4(1273 1330 1331 1274)
4(1330 1387 1388 1331)
4(1387 1444 1445 1388)
4(1444 1501 1502 1445)
4(20 77 78 21)
4(77 134 135 78)
4(134 191 192 135)
4(191 248 249 192)
4(248 305 306 249)
4(305 362 363 306)
4(362 419 420 363)
4(419 476 477 420)
4(476 533 534 477)
4(533 590 591 534)
4(590 647 648 591)
4(647 704 705 648)
4(704 761 762 705)
4(761 818 819 762)
4(818 875 876 819)
4(875 932 933 876)
4(932 989 990 933)
4(989 1046 1047 990)
4(1046 1103 1104 1047)
4(1103 1160 1161 1104)
4(1160 1217 1218 1161)
4(1217 1274 1275 1218)
4(1274 1331 1332 1275)
4(1331 1388 1389 1332)
4(1388 1445 1446 1389)
4(1445 1502 1503 1446)
4(21 78 79 22)
4(78 135 136 79)
4(135 192 193 136)
4(192 249 250 193)
4(249 306 307 250)
4(306 363 364 307)
4(363 420 421 364)
4(420 477 478 421)
4(477 534 535 478)
4(534 591 592 535)
4(591 648 649 592)
4(648 705 706 649)
4(705 762 763 706)
4(762 819 820 763)
4(819 876 877 820)
4(876 933 934 877)
4(933 990 991 934)
4(990 1047 1048 991)
4(1047 1104 1105 1048)
4(1104 1161 1162 1105)
4(1161 1218 1219 1162)
4(1218 1275 1276 1219)
4(1275 1332 1333 1276)
4(1332 1389 1390 1333)
4(1389 1446 1447 1390)
4(1446 1503 1504 1447)
4(22 79 80 23)
4(79 136 137 80)
4(136 193 194 137)
4(193 250 251 194)
4(250 307 308 251)
4(307 364 365 308)
4(364 421 422 365)
4(421 478 479 422)
4(478 535 536 479)
4(535 592 593 536)
4(592 649 650 593)
4(649 706 707 650)
4(706 763 764 707)
4(763 820 821 764)
4(820 877 878 821)
4(877 934 935 878)
4(934 991 992 935)
4(991 1048 1049 992)
4(1048 1105 1106 1049)
4(1105 1162 1163 1106)
4(1162 1219 1220 1163)
4(1219 1276 1277 1220)
4(1276 1333 1334 1277)
4(1333 1390 1391 1334)
4(1390 1447 1448 1391)
4(1447 1504 1505 1448)
4(23 80 81 24)
4(80 137 138 81)
4(137 194 195 138)
4(194 251 252 195)
4(251 308 309 252)
4(308 365 366 309)
4(365 422 423 366)
4(422 479 480 423)
4(479 536 537 480)
4(536 593 594 537)
4(593 650 651 594)
4(650 707 708 651)
4(707 764 765 708)
4(764 821 822 765)
4(821 878 879 822)
4(878 935 936 879)
4(935 992 993 936)
4(992 1049 1050 993)
4(1049 1106 1107 1050)
4(1106 1163 1164 1107)
4(1163 1220 1221 1164)
4(1220 1277 1278 1221)
4(1277 1334 1335 1278)
4(1334 1391 1392 1335)
4(1391 1448 1449 1392)
4(1448 1505 1506 1449)
4(24 81 82 25)
4(81 138 139 82)
4(138 195 196 139)
4(195 252 253 196)
4(252 309 310 253)
4(309 366 367 310)
4(366 423 424 367)
4(423 480 481 424)
4(480 537 538 481)
4(537 594 595 538)
4(594 651 652 595)
4(651 708 709 652)
4(708 765 766 709)
4(765 822 823 766)
4(822 879 880 823)
4(879 936 937 880)
4(936 993 994 937)
4(993 1050 1051 994)
4(1050 1107 1108 1051)
4(1107 1164 1165 1108)
4(1164 1221 1222 1165)
4(1221 1278 1279 1222)
4(1278 1335 1336 1279)
4(1335 1392 1393 1336)
4(1392 1449 1450 1393)
4(1449 1506 1507 1450)
4(25 82 83 26)
4(82 139 140 83)
4(139 196 197 140)
4(196 253 254 197)
4(253 310 311 254)
4(310 367 368 311)
4(367 424 425 368)
4(424 481 482 425)
4(481 538 539 482)
4(538 595 596 539)
4(595 652 653 596)
4(652 709 710 653)
4(709 766 767 710)
4(766 823 824 767)
4(823 880 881 824)
4(880 937 938 881)
4(937 994 995 938)
4(994 1051 1052 995)
4(1051 1108 1109 1052)
4(1108 1165 1166 1109)
4(1165 1222 1223 1166)
4(1222 1279 1280 1223)
4(1279 1336 1337 1280)
4(1336 1393 1394 1337)
4(1393 1450 1451 1394)
4(1450 1507 1508 1451)
4(26 83 84 27)
4(83 140 141 84)
4(140 197 198 141)
4(197 254 255 198)
4(254 311 312 255)
4(311 368 369 312)
4(368 425 426 369)
4(425 482 483 426)
4(482 539 540 483)
4(539 596 597 540)
4(596 653 654 597)
4(653 710 711 654)
4(710 767 768 711)
4(767 824 825 768)
4(824 881 882 825)
4(881 938 939 882)
4(938 995 996 939)
4(995 1052 1053 996)
4(1052 1109 1110 1053)
4(1109 1166 1167 1110)
4(1166 1223 1224 1167)
4(1223 1280 1281 1224)
4(1280 1337 1338 1281)
4(1337 1394 1395 1338)
4(1394 1451 1452 1395)
4(1451 1508 1509 1452)
4(27 84 85 28)
4(84 141 142 85)
4(141 198 199 142)
4(198 255 256 199)
4(255 312 313 256)
4(312 369 370 313)
4(369 426 427 370)
4(426 483 484 427)
4(483 540 541 484)
4(540 597 598 541)
4(597 654 655 598)
4(654 711 712 655)
4(711 768 769 712)
4(768 825 826 769)
4(825 882 883 826)
4(882 939 940 883)
4(939 996 997 940)
4(996 1053 1054 997)
4(1053 1110 1111 1054)
4(1110 1167 1168 1111)
4(1167 1224 1225 1168)
4(1224 1281 1282 1225)
4(1281 1338 1339 1282)
4(1338 1395 1396 1339)
4(1395 1452 1453 1396)
4(1452 1509 1510 1453)
4(28 85 86 29)
4(85 142 143 86)
4(142 199 200 143)
4(199 256 257 200)
4(256 313 314 257)
4(313 370 371 314)
4(370 427 428 371)
4(427 484 485 428)
4(484 541 542 485)
4(541 598 599 542)
4(598 655 656 599)
4(655 712 713 656)
4(712 769 770 713)
4(769 826 827 770)
4(826 883 884 827)
4(883 940 941 884)
4(940 997 998 941)
4(997 1054 1055 998)
4(1054 1111 1112 1055)
4(1111 1168 1169 1112)
4(1168 1225 1226 1169)
4(1225 1282 1283 1226)
4(1282 1339 1340 1283)
4(1339 1396 1397 1340)
4(1396 1453 1454 1397)
4(1453 1510 1511 1454)
4(29 86 87 30)
4(86 143 144 87)
4(143 200 201 144)
4(200 257 258 201)
4(257 314 315 258)
4(314 371 372 315)
4(371 428 429 372)
4(428 485 486 429)
4(485 542 543 486)
4(542 599 600 543)
4(599 656 657 600)
4(656 713 714 657)
4(713 770 771 714)
4(770 827 828 771)
4(827 884 885 828)
4(884 941 942 885)
4(941 998 999 942)
4(998 1055 1056 999)
4(1055 1112 1113 1056)
4(1112 1169 1170 1113)
4(1169 1226 1227 1170)
4(1226 1283 1284 1227)
4(1283 1340 1341 1284)
4(1340 1397 1398 1341)
4(1397 1454 1455 1398)
4(1454 1511 1512 1455)
4(30 87 88 31)
4(87 144 145 88)
4(144 201 202 145)
4(201 258 259 202)
4(258 315 316 259)
4(315 372 373 316)
4(372 429 430 373)
4(429 486 487 430)
4(486 543 544 487)
4(543 600 601 544)
4(600 657 658 601)
4(657 714 715 658)
4(714 771 772 715)
4(771 828 829 772)
4(828 885 886 829)
4(885 942 943 886)
4(942 999 1000 943)
4(999 1056 1057 1000)
4(1056 1113 1114 1057)
4(1113 1170 1171 1114)
4(1170 1227 1228 1171)
4(1227 1284 1285 1228)
4(1284 1341 1342 1285)
4(1341 1398 1399 1342)
4(1398 1455 1456 1399)
4(1455 1512 1513 1456)
4(31 88 89 32)
4(88 145 146 89)
4(145 202 203 146)
4(202 259 260 203)
4(259 316 317 260)
4(316 373 374 317)
4(373 430 431 374)
4(430 487 488 431)
4(487 544 545 488)
4(544 601 602 545)
4(601 658 659 602)
4(658 715 716 659)
4(715 772 773 716)
4(772 829 830 773)
4(829 886 887 830)
4(886 943 944 887)
4(943 1000 1001 944)
4(1000 1057 1058 1001)
4(1057 1114 1115 1058)
4(1114 1171 1172 1115)
4(1171 1228 1229 1172)
4(1228 1285 1286 1229)
4(1285 1342 1343 1286)
4(1342 1399 1400 1343)
4(1399 1456 1457 1400)
4(1456 1513 1514 1457)
4(32 89 90 33)
4(89 146 147 90)
4(146 203 204 147)
4(203 260 261 204)
4(260 317 318 261)
4(317 374 375 318)
4(374 431 432 375)
4(431 488 489 432)
4(488 545 546 489)
4(545 602 603 546)
4(602 659 660 603)
4(659 716 717 660)
4(716 773 774 717)
4(773 830 831 774)
4(830 887 888 831)
4(887 944 945 888)
4(944 1001 1002 945)
4(1001 1058 1059 1002)
4(1058 1115 1116 1059)
4(1115 1172 1173 1116)
4(1172 1229 1230 1173)
4(1229 1286 1287 1230)
4(1286 1343 1344 1287)
4(1343 1400 1401 1344)
4(1400 1457 1458 1401)
4(1457 1514 1515 1458)
4(33 90 91 34)
4(90 147 148 91)
4(147 204 205 148)
4(204 261 262 205)
4(261 318 319 262)
4(318 375 376 319)
4(375 432 433 376)
4(432 489 490 433)
4(489 546 547 490)
4(546 603 604 547)
4(603 660 661 604)
4(660 717 718 661)
4(717 774 775 718)
4(774 831 832 775)
4(831 888 889 832)
4(888 945 946 889)
4(945 1002 1003 946)
4(1002 1059 1060 1003)
4(1059 1116 1117 1060)
4(1116 1173 1174 1117)
4(1173 1230 1231 1174)
4(1230 1287 1288 1231)
4(1287 1344 1345 1288)
4(1344 1401 1402 1345)
4(1401 1458 1459 1402)
4(1458 1515 1516 1459)
4(34 91 92 35)
4(91 148 149 92)
4(148 205 206 149)
4(205 262 263 206)
4(262 319 320 263)
4(319 376 377 320)
4(376 433 434 377)
4(433 490 491 434)
4(490 547 548 491)
4(547 604 605 548)
4(604 661 662 605)
4(661 718 719 662)
4(718 775 776 719)
4(775 832 833 776)
4(832 889 890 833)
4(889 946 947 890)
4(946 1003 1004 947)
4(1003 1060 1061 1004)
4(1060 1117 1118 1061)
4(1117 1174 1175 1118)
4(1174 1231 1232 1175)
4(1231 1288 1289 1232)
4(1288 1345 1346 1289)
4(1345 1402 1403 1346)
4(1402 1459 1460 1403)
4(1459 1516 1517 1460)
4(35 92 93 36)
4(92 149 150 93)
4(149 206 207 150)
4(206 263 264 207)
4(263 320 321 264)
4(320 377 378 321)
4(377 434 435 378)
4(434 491 492 435)
4(491 548 549 492)
4(548 605 606 549)
4(605 662 663 606)
4(662 719 720 663)
4(719 776 777 720)
4(776 833 834 777)
4(833 890 891 834)
4(890 947 948 891)
4(947 1004 1005 948)
4(1004 1061 1062 1005)
4(1061 1118 1119 1062)
4(1118 1175 1176 1119)
4(1175 1232 1233 1176)
4(1232 1289 1290 1233)
4(1289 1346 1347 1290)
4(1346 1403 1404 1347)
4(1403 1460 1461 1404)
4(1460 1517 1518 1461)
4(36 93 94 37)
4(93 150 151 94)
4(150 207 208 151)
4(207 264 265 208)
4(264 321 322 265)
4(321 378 379 322)
4(378 435 436 379)
4(435 492 493 436)
4(492 549 550 493)
4(549 606 607 550)
4(606 663 664 607)
4(663 720 721 664)
4(720 777 778 721)
4(777 834 835 778)
4(834 891 892 835)
4(891 948 949 892)
4(948 1005 1006 949)
4(1005 1062 1063 1006)
4(1062 1119 1120 1063)
4(1119 1176 1177 1120)
4(1176 1233 1234 1177)
4(1233 1290 1291 1234)
4(1290 1347 1348 1291)
4(1347 1404 1405 1348)
4(1404 1461 1462 1405)
4(1461 1518 1519 1462)
4(37 94 95 38)
4(94 151 152 95)
4(151 208 209 152)
4(208 265 266 209)
4(265 322 323 266)
4(322 379 380 323)
4(379 436 437 380)
4(436 493 494 437)
4(493 550 551 494)
4(550 607 608 551)
4(607 664 665 608)
4(664 721 722 665)
4(721 778 779 722)
4(778 835 836 779)
4(835 892 893 836)
4(892 949 950 893)
4(949 1006 1007 950)
4(1006 1063 1064 1007)
4(1063 1120 1121 1064)
4(1120 1177 1178 1121)
4(1177 1234 1235 1178)
4(1234 1291 1292 1235)
4(1291 1348 1349 1292)
4(1348 1405 1406 1349)
4(1405 1462 1463 1406)
4(1462 1519 1520 1463)
4(38 95 96 39)
4(95 152 153 96)
4(152 209 210 153)
4(209 266 267 210)
4(266 323 324 267)
4(323 380 381 324)
4(380 437 438 381)
4(437 494 495 438)
4(494 551 552 495)
4(551 608 609 552)
4(608 665 666 609)
4(665 722 723 666)
4(722 779 780 723)
4(779 836 837 780)
4(836 893 894 837)
4(893 950 951 894)
4(950 1007 1008 951)
4(1007 1064 1065 1008)
4(1064 1121 1122 1065)
4(1121 1178 1179 1122)
4(1178 1235 1236 1179)
4(1235 1292 1293 1236)
4(1292 1349 1350 1293)
4(1349 1406 1407 1350)
4(1406 1463 1464 1407)
4(1463 1520 1521 1464)
4(39 96 97 40)
4(96 153 154 97)
4(153 210 211 154)
4(210 267 268 211)
4(267 324 325 268)
4(324 381 382 325)
4(381 438 439 382)
4(438 495 496 439)
4(495 552 553 496)
4(552 609 610 553)
4(609 666 667 610)
4(666 723 724 667)
4(723 780 781 724)
4(780 837 838 781)
4(837 894 895 838)
4(894 951 952 895)
4(951 1008 1009 952)
4(1008 1065 1066 1009)
4(1065 1122 1123 1066)
4(1122 1179 1180 1123)
4(1179 1236 1237 1180)
4(1236 1293 1294 1237)
4(1293 1350 1351 1294)
4(1350 1407 1408 1351)
4(1407 1464 1465 1408)
4(1464 1521 1522 1465)
4(40 97 98 41)
4(97 154 155 98)
4(154 211 212 155)
4(211 268 269 212)
4(268 325 326 269)
4(325 382 383 326)
4(382 439 440 383)
4(439 496 497 440)
4(496 553 554 497)
4(553 610 611 554)
4(610 667 668 611)
4(667 724 725 668)
4(724 781 782 725)
4(781 838 839 782)
4(838 895 896 839)
4(895 952 953 896)
4(952 1009 1010 953)
4(1009 1066 1067 1010)
4(1066 1123 1124 1067)
4(1123 1180 1181 1124)
4(1180 1237 1238 1181)
4(1237 1294 1295 1238)
4(1294 1351 1352 1295)
4(1351 1408 1409 1352)
4(1408 1465 1466 1409)
4(1465 1522 1523 1466)
4(41 98 99 42)
4(98 155 156 99)
4(155 212 213 156)
4(212 269 270 213)
4(269 326 327 270)
4(326 383 384 327)
4(383 440 441 384)
4(440 497 498 441)
4(497 554 555 498)
4(554 611 612 555)
4(611 668 669 612)
4(668 725 726 669)
4(725 782 783 726)
4(782 839 840 783)
4(839 896 897 840)
4(896 953 954 897)
4(953 1010 1011 954)
4(1010 1067 1068 1011)
4(1067 1124 1125 1068)
4(1124 1181 1182 1125)
4(1181 1238 1239 1182)
4(1238 1295 1296 1239)
4(1295 1352 1353 1296)
4(1352 1409 1410 1353)
4(1409 1466 1467 1410)
4(1466 1523 1524 1467)
4(42 99 100 43)
4(99 156 157 100)
4(156 213 214 157)
4(213 270 271 214)
4(270 327 328 271)
4(327 384 385 328)
4(384 441 442 385)
4(441 498 499 442)
4(498 555 556 499)
4(555 612 613 556)
4(612 669 670 613)
4(669 726 727 670)
4(726 783 784 727)
4(783 840 841 784)
4(840 897 898 841)
4(897 954 955 898)
4(954 1011 1012 955)
4(1011 1068 1069 1012)
4(1068 1125 1126 1069)
4(1125 1182 1183 1126)
4(1182 1239 1240 1183)
4(1239 1296 1297 1240)
4(1296 1353 1354 1297)
4(1353 1410 1411 1354)
4(1410 1467 1468 1411)
4(1467 1524 1525 1468)
4(43 100 101 44)
4(100 157 158 101)
4(157 214 215 158)
4(214 271 272 215)
4(271 328 329 272)
4(328 385 386 329)
4(385 442 443 386)
4(442 499 500 443)
4(499 556 557 500)
4(556 613 614 557)
4(613 670 671 614)
4(670 727 728 671)
4(727 784 785 728)
4(784 841 842 785)
4(841 898 899 842)
4(898 955 956 899)
4(955 1012 1013 956)
4(1012 1069 1070 1013)
4(1069 1126 1127 1070)
4(1126 1183 1184 1127)
4(1183 1240 1241 1184)
4(1240 1297 1298 1241)
4(1297 1354 1355 1298)
4(1354 1411 1412 1355)
4(1411 1468 1469 1412)
4(1468 1525 1526 1469)
4(44 101 102 45)
4(101 158 159 102)
4(158 215 216 159)
4(215 272 273 216)
4(272 329 330 273)
4(329 386 387 330)
4(386 443 444 387)
4(443 500 501 444)
4(500 557 558 501)
4(557 614 615 558)
4(614 671 672 615)
4(671 728 729 672)
4(728 785 786 729)
4(785 842 843 786)
4(842 899 900 843)
4(899 956 957 900)
4(956 1013 1014 957)
4(1013 1070 1071 1014)
4(1070 1127 1128 1071)
4(1127 1184 1185 1128)
4(1184 1241 1242 1185)
4(1241 1298 1299 1242)
4(1298 1355 1356 1299)
4(1355 1412 1413 1356)
4(1412 1469 1470 1413)
4(1469 1526 1527 1470)
4(45 102 103 46)
4(102 159 160 103)
4(159 216 217 160)
4(216 273 274 217)
4(273 330 331 274)
4(330 387 388 331)
4(387 444 445 388)
4(444 501 502 445)
4(501 558 559 502)
4(558 615 616 559)
4(615 672 673 616)
4(672 729 730 673)
4(729 786 787 730)
4(786 843 844 787)
4(843 900 901 844)
4(900 957 958 901)
4(957 1014 1015 958)
4(1014 1071 1072 1015)
4(1071 1128 1129 1072)
4(1128 1185 1186 1129)
4(1185 1242 1243 1186)
4(1242 1299 1300 1243)
4(1299 1356 1357 1300)
4(1356 1413 1414 1357)
4(1413 1470 1471 1414)
4(1470 1527 1528 1471)
4(46 103 104 47)
4(103 160 161 104)
4(160 217 218 161)
4(217 274 275 218)
4(274 331 332 275)
4(331 388 389 332)
4(388 445 446 389)
4(445 502 503 446)
4(502 559 560 503)
4(559 616 617 560)
4(616 673 674 617)
4(673 730 731 674)
4(730 787 788 731)
4(787 844 845 788)
4(844 901 902 845)
4(901 958 959 902)
4(958 1015 1016 959)
4(1015 1072 1073 1016)
4(1072 1129 1130 1073)
4(1129 1186 1187 1130)
4(1186 1243 1244 1187)
4(1243 1300 1301 1244)
4(1300 1357 1358 1301)
4(1357 1414 1415 1358)
4(1414 1471 1472 1415)
4(1471 1528 1529 1472)
4(47 104 105 48)
4(104 161 162 105)
4(161 218 219 162)
4(218 275 276 219)
4(275 332 333 276)
4(332 389 390 333)
4(389 446 447 390)
4(446 503 504 447)
4(503 560 561 504)
4(560 617 618 561)
4(617 674 675 618)
4(674 731 732 675)
4(731 788 789 732)
4(788 845 846 789)
4(845 902 903 846)
4(902 959 960 903)
4(959 1016 1017 960)
4(1016 1073 1074 1017)
4(1073 1130 1131 1074)
4(1130 1187 1188 1131)
4(1187 1244 1245 1188)
4(1244 1301 1302 1245)
4(1301 1358 1359 1302)
4(1358 1415 1416 1359)
4(1415 1472 1473 1416)
4(1472 1529 1530 1473)
4(48 105 106 49)
4(105 162 163 106)
4(162 219 220 163)
4(219 276 277 220)
4(276 333 334 277)
4(333 390 391 334)
4(390 447 448 391)
4(447 504 505 448)
4(504 561 562 505)
4(561 618 619 562)
4(618 675 676 619)
4(675 732 733 676)
4(732 789 790 733)
4(789 846 847 790)
4(846 903 904 847)
4(903 960 961 904)
4(960 1017 1018 961)
4(1017 1074 1075 1018)
4(1074 1131 1132 1075)
4(1131 1188 1189 1132)
4(1188 1245 1246 1189)
4(1245 1302 1303 1246)
4(1302 1359 1360 1303)
4(1359 1416 1417 1360)
4(1416 1473 1474 1417)
4(1473 1530 1531 1474)
4(49 106 107 50)
4(106 163 164 107)
4(163 220 221 164)
4(220 277 278 221)
4(277 334 335 278)
4(334 391 392 335)
4(391 448 449 392)
4(448 505 506 449)
4(505 562 563 506)
4(562 619 620 563)
4(619 676 677 620)
4(676 733 734 677)
4(733 790 791 734)
4(790 847 848 791)
4(847 904 905 848)
4(904 961 962 905)
4(961 1018 1019 962)
4(1018 1075 1076 1019)
4(1075 1132 1133 1076)
4(1132 1189 1190 1133)
4(1189 1246 1247 1190)
4(1246 1303 1304 1247)
4(1303 1360 1361 1304)
4(1360 1417 1418 1361)
4(1417 1474 1475 1418)
4(1474 1531 1532 1475)
4(50 107 108 51)
4(107 164 165 108)
4(164 221 222 165)
4(221 278 279 222)
4(278 335 336 279)
4(335 392 393 336)
4(392 449 450 393)
4(449 506 507 450)
4(506 563 564 507)
4(563 620 621 564)
4(620 677 678 621)
4(677 734 735 678)
4(734 791 792 735)
4(791 848 849 792)
4(848 905 906 849)
4(905 962 963 906)
4(962 1019 1020 963)
4(1019 1076 1077 1020)
4(1076 1133 1134 1077)
4(1133 1190 1191 1134)
4(1190 1247 1248 1191)
4(1247 1304 1305 1248)
4(1304 1361 1362 1305)
4(1361 1418 1419 1362)
4(1418 1475 1476 1419)
4(1475 1532 1533 1476)
4(51 108 109 52)
4(108 165 166 109)
4(165 222 223 166)
4(222 279 280 223)
4(279 336 337 280)
4(336 393 394 337)
4(393 450 451 394)
4(450 507 508 451)
4(507 564 565 508)
4(564 621 622 565)
4(621 678 679 622)
4(678 735 736 679)
4(735 792 793 736)
4(792 849 850 793)
4(849 906 907 850)
4(906 963 964 907)
4(963 1020 1021 964)
4(1020 1077 1078 1021)
4(1077 1134 1135 1078)
4(1134 1191 1192 1135)
4(1191 1248 1249 1192)
4(1248 1305 1306 1249)
4(1305 1362 1363 1306)
4(1362 1419 1420 1363)
4(1419 1476 1477 1420)
4(1476 1533 1534 1477)
4(52 109 110 53)
4(109 166 167 110)
4(166 223 224 167)
4(223 280 281 224)
4(280 337 338 281)
4(337 394 395 338)
4(394 451 452 395)
4(451 508 509 452)
4(508 565 566 509)
4(565 622 623 566)
4(622 679 680 623)
4(679 736 737 680)
4(736 793 794 737)
4(793 850 851 794)
4(850 907 908 851)
4(907 964 965 908)
4(964 1021 1022 965)
4(1021 1078 1079 1022)
4(1078 1135 1136 1079)
4(1135 1192 1193 1136)
4(1192 1249 1250 1193)
4(1249 1306 1307 1250)
4(1306 1363 1364 1307)
4(1363 1420 1421 1364)
4(1420 1477 1478 1421)
4(1477 1534 1535 1478)
4(53 110 111 54)
4(110 167 168 111)
4(167 224 225 168)
4(224 281 282 225)
4(281 338 339 282)
4(338 395 396 339)
4(395 452 453 396)
4(452 509 510 453)
4(509 566 567 510)
4(566 623 624 567)
4(623 680 681 624)
4(680 737 738 681)
4(737 794 795 738)
4(794 851 852 795)
4(851 908 909 852)
4(908 965 966 909)
4(965 1022 1023 966)
4(1022 1079 1080 1023)
4(1079 1136 1137 1080)
4(1136 1193 1194 1137)
4(1193 1250 1251 1194)
4(1250 1307 1308 1251)
4(1307 1364 1365 1308)
4(1364 1421 1422 1365)
4(1421 1478 1479 1422)
4(1478 1535 1536 1479)
4(54 111 112 55)
4(111 168 169 112)
4(168 225 226 169)
4(225 282 283 226)
4(282 339 340 283)
4(339 396 397 340)
4(396 453 454 397)
4(453 510 511 454)
4(510 567 568 511)
4(567 624 625 568)
4(624 681 682 625)
4(681 738 739 682)
4(738 795 796 739)
4(795 852 853 796)
4(852 909 910 853)
4(909 966 967 910)
4(966 1023 1024 967)
4(1023 1080 1081 1024)
4(1080 1137 1138 1081)
4(1137 1194 1195 1138)
4(1194 1251 1252 1195)
4(1251 1308 1309 1252)
4(1308 1365 1366 1309)
4(1365 1422 1423 1366)
4(1422 1479 1480 1423)
4(1479 1536 1537 1480)
4(55 112 113 56)
4(112 169 170 113)
4(169 226 227 170)
4(226 283 284 227)
4(283 340 341 284)
4(340 397 398 341)
4(397 454 455 398)
4(454 511 512 455)
4(511 568 569 512)
4(568 625 626 569)
4(625 682 683 626)
4(682 739 740 683)
4(739 796 797 740)
4(796 853 854 797)
4(853 910 911 854)
4(910 967 968 911)
4(967 1024 1025 968)
4(1024 1081 1082 1025)
4(1081 1138 1139 1082)
4(1138 1195 1196 1139)
4(1195 1252 1253 1196)
4(1252 1309 1310 1253)
4(1309 1366 1367 1310)
4(1366 1423 1424 1367)
4(1423 1480 1481 1424)
4(1480 1537 1538 1481)
4(1539 1540 1597 1596)
4(1596 1597 1654 1653)
4(1653 1654 1711 1710)
4(1710 1711 1768 1767)
4(1767 1768 1825 1824)
4(1824 1825 1882 1881)
4(1881 1882 1939 1938)
4(1938 1939 1996 1995)
4(1995 1996 2053 2052)
4(2052 2053 2110 2109)
4(2109 2110 2167 2166)
4(2166 2167 2224 2223)
4(2223 2224 2281 2280)
4(2280 2281 2338 2337)
4(2337 2338 2395 2394)
4(2394 2395 2452 2451)
4(2451 2452 2509 2508)
4(2508 2509 2566 2565)
4(2565 2566 2623 2622)
4(2622 2623 2680 2679)
4(2679 2680 2737 2736)
4(2736 2737 2794 2793)
4(2793 2794 2851 2850)
4(2850 2851 2908 2907)
4(2907 2908 2965 2964)
4(2964 2965 3022 3021)
4(1540 1541 1598 1597)
4(1597 1598 1655 1654)
4(1654 1655 1712 1711)
4(1711 1712 1769 1768)
4(1768 1769 1826 1825)
4(1825 1826 1883 1882)
4(1882 1883 1940 1939)
4(1939 1940 1997 1996)
4(1996 1997 2054 2053)
4(2053 2054 2111 2110)
4(2110 2111 2168 2167)
4(2167 2168 2225 2224)
4(2224 2225 2282 2281)
4(2281 2282 2339 2338)
4(2338 2339 2396 2395)
4(2395 2396 2453 2452)
4(2452 2453 2510 2509)
4(2509 2510 2567 2566)
4(2566 2567 2624 2623)
4(2623 2624 2681 2680)
4(2680 2681 2738 2737)
4(2737 2738 2795 2794)
4(2794 2795 2852 2851)
4(2851 2852 2909 2908)
4(2908 2909 2966 2965)
4(2965 2966 3023 3022)
4(1541 1542 1599 1598)
4(1598 1599 1656 1655)
4(1655 1656 1713 1712)
4(1712 1713 1770 1769)
4(1769 1770 1827 1826)
4(1826 1827 1884 1883)
4(1883 1884 1941 1940)
4(1940 1941 1998 1997)
4(1997 1998 2055 2054)
4(2054 2055 2112 2111)
4(2111 2112 2169 2168)
4(2168 2169 2226 2225)
4(2225 2226 2283 2282)
4(2282 2283 2340 2339)
4(2339 2340 2397 2396)
4(2396 2397 2454 2453)
4(2453 2454 2511 2510)
4(2510 2511 2568 2567)
4(2567 2568 2625 2624)
4(2624 2625 2682 2681)
4(2681 2682 2739 2738)
4(2738 2739 2796 2795)
4(2795 2796 2853 2852)
4(2852 2853 2910 2909)
4(2909 2910 2967 2966)
4(2966 2967 3024 3023)
4(1542 1543 1600 1599)
4(1599 1600 1657 1656)
4(1656 1657 1714 1713)
4(1713 1714 1771 1770)
4(1770 1771 1828 1827)
4(1827 1828 1885 1884)
4(1884 1885 1942 1941)
4(1941 1942 1999 1998)
4(1998 1999 2056 2055)
4(2055 2056 2113 2112)
4(2112 2113 2170 2169)
4(2169 2170 2227 2226)
4(2226 2227 2284 2283)
4(2283 2284 2341 2340)
4(2340 2341 2398 2397)
4(2397 2398 2455 2454)
4(2454 2455 2512 2511)
4(2511 2512 2569 2568)
4(2568 2569 2626 2625)
4(2625 2626 2683 2682)
4(2682 2683 2740 2739)
4(2739 2740 2797 2796)
4(2796 2797 2854 2853)
4(2853 2854 2911 2910)
4(2910 2911 2968 2967)
4(2967 2968 3025 3024)
4(1543 1544 1601 1600)
4(1600 1601 1658 1657)
4(1657 1658 1715 1714)
4(1714 1715 1772 1771)
4(1771 1772 1829 1828)
4(1828 1829 1886 1885)
4(1885 1886 1943 1942)
4(1942 1943 2000 1999)
4(1999 2000 2057 2056)
4(2056 2057 2114 2113)
4(2113 2114 2171 2170)
4(2170 2171 2228 2227)
4(2227 2228 2285 2284)
4(2284 2285 2342 2341)
4(2341 2342 2399 2398)
4(2398 2399 2456 2455)
4(2455 2456 2513 2512)
4(2512 2513 2570 2569)
4(2569 2570 2627 2626)
4(2626 2627 2684 2683)
4(2683 2684 2741 2740)
4(2740 2741 2798 2797)
4(2797 2798 2855 2854)
4(2854 2855 2912 2911)
4(2911 2912 2969 2968)
4(2968 2969 3026 3025)
4(1544 1545 1602 1601)
4(1601 1602 1659 1658)
4(1658 1659 1716 1715)
4(1715 1716 1773 1772)
4(1772 1773 1830 1829)
4(1829 1830 1887 1886)
4(1886 1887 1944 1943)
4(1943 1944 2001 2000)
4(2000 2001 2058 2057)
4(2057 2058 2115 2114)
4(2114 2115 2172 2171)
4(2171 2172 2229 2228)
4(2228 2229 2286 2285)
4(2285 2286 2343 2342)
4(2342 2343 2400 2399)
4(2399 2400 2457 2456)
4(2456 2457 2514 2513)
4(2513 2514 2571 2570)
4(2570 2571 2628 2627)
4(2627 2628 2685 2684)
4(2684 2685 2742 2741)
4(2741 2742 2799 2798)
4(2798 2799 2856 2855)
4(2855 2856 2913 2912)
4(2912 2913 2970 2969)
4(2969 2970 3027 3026)
4(1545 1546 1603 1602)
4(1602 1603 1660 1659)
4(1659 1660 1717 1716)
4(1716 1717 1774 1773)
4(1773 1774 1831 1830)
4(1830 1831 1888 1887)
4(1887 1888 1945 1944)
4(1944 1945 2002 2001)
4(2001 2002 2059 2058)
4(2058 2059 2116 2115)
4(2115 2116 2173 2172)
4(2172 2173 2230 2229)
4(2229 2230 2287 2286)
4(2286 2287 2344 2343)
4(2343 2344 2401 2400)
4(2400 2401 2458 2457)
4(2457 2458 2515 2514)
4(2514 2515 2572 2571)
4(2571 2572 2629 2628)
4(2628 2629 2686 2685)
4(2685 2686 2743 2742)
4(2742 2743 2800 2799)
4(2799 2800 2857 2856)
4(2856 2857 2914 2913)
4(2913 2914 2971 2970)
4(2970 2971 3028 3027)
4(1546 1547 1604 1603)
4(1603 1604 1661 1660)
4(1660 1661 1718 1717)
4(1717 1718 1775 1774)
4(1774 1775 1832 1831)
4(1831 1832 1889 1888)
4(1888 1889 1946 1945)
4(1945 1946 2003 2002)
4(2002 2003 2060 2059)
4(2059 2060 2117 2116)
4(2116 2117 2174 2173)
4(2173 2174 2231 2230)
4(2230 2231 2288 2287)
4(2287 2288 2345 2344)
4(2344 2345 2402 2401)
4(2401 2402 2459 2458)
4(2458 2459 2516 2515)
4(2515 2516 2573 2572)
4(2572 2573 2630 2629)
4(2629 2630 2687 2686)
4(2686 2687 2744 2743)
4(2743 2744 2801 2800)
4(2800 2801 2858 2857)
4(2857 2858 2915 2914)
4(2914 2915 2972 2971)
4(2971 2972 3029 3028)
4(1547 1548 1605 1604)
4(1604 1605 1662 1661)
4(1661 1662 1719 1718)
4(1718 1719 1776 1775)
4(1775 1776 1833 1832)
4(1832 1833 1890 1889)
4(1889 1890 1947 1946)
4(1946 1947 2004 2003)
4(2003 2004 2061 2060)
4(2060 2061 2118 2117)
4(2117 2118 2175 2174)
4(2174 2175 2232 2231)
4(2231 2232 2289 2288)
4(2288 2289 2346 2345)
4(2345 2346 2403 2402)
4(2402 2403 2460 2459)
4(2459 2460 2517 2516)
4(2516 2517 2574 2573)
4(2573 2574 2631 2630)
4(2630 2631 2688 2687)
4(2687 2688 2745 2744)
4(2744 2745 2802 2801)
4(2801 2802 2859 2858)
4(2858 2859 2916 2915)
4(2915 2916 2973 2972)
4(2972 2973 3030 3029)
4(1548 1549 1606 1605)
4(1605 1606 1663 1662)
4(1662 1663 1720 1719)
4(1719 1720 1777 1776)
4(1776 1777 1834 1833)
4(1833 1834 1891 1890)
4(1890 1891 1948 1947)
4(1947 1948 2005 2004)
4(2004 2005 2062 2061)
4(2061 2062 2119 2118)
4(2118 2119 2176 2175)
4(2175 2176 2233 2232)
4(2232 2233 2290 2289)
4(2289 2290 2347 2346)
4(2346 2347 2404 2403)
4(2403 2404 2461 2460)
4(2460 2461 2518 2517)
4(2517 2518 2575 2574)
4(2574 2575 2632 2631)
4(2631 2632 2689 2688)
4(2688 2689 2746 2745)
4(2745 2746 2803 2802)
4(2802 2803 2860 2859)
4(2859 2860 2917 2916)
4(2916 2917 2974 2973)
4(2973 2974 3031 3030)
4(1549 1550 1607 1606)
4(1606 1607 1664 1663)
4(1663 1664 1721 1720)
4(1720 1721 1778 1777)
4(1777 1778 1835 1834)
4(1834 1835 1892 1891)
4(1891 1892 1949 1948)
4(1948 1949 2006 2005)
4(2005 2006 2063 2062)
4(2062 2063 2120 2119)
4(2119 2120 2177 2176)
4(2176 2177 2234 2233)
4(2233 2234 2291 2290)
4(2290 2291 2348 2347)
4(2347 2348 2405 2404)
4(2404 2405 2462 2461)
4(2461 2462 2519 2518)
4(2518 2519 2576 2575)
4(2575 2576 2633 2632)
4(2632 2633 2690 2689)
4(2689 2690 2747 2746)
4(2746 2747 2804 2803)
4(2803 2804 2861 2860)
4(2860 2861 2918 2917)
4(2917 2918 2975 2974)
4(2974 2975 3032 3031)
4(1550 1551 1608 1607)
4(1607 1608 1665 1664)
4(1664 1665 1722 1721)
4(1721 1722 1779 1778)
4(1778 1779 1836 1835)
4(1835 1836 1893 1892)
4(1892 1893 1950 1949)
4(1949 1950 2007 2006)
4(2006 2007 2064 2063)
4(2063 2064 2121 2120)
4(2120 2121 2178 2177)
4(2177 2178 2235 2234)
4(2234 2235 2292 2291)
4(2291 2292 2349 2348)
4(2348 2349 2406 2405)
4(2405 2406 2463 2462)
4(2462 2463 2520 2519)
4(2519 2520 2577 2576)
4(2576 2577 2634 2633)
4(2633 2634 2691 2690)
4(2690 2691 2748 2747)
4(2747 2748 2805 2804)
4(2804 2805 2862 2861)
4(2861 2862 2919 2918)
4(2918 2919 2976 2975)
4(2975 2976 3033 3032)
4(1551 1552 1609 1608)
4(1608 1609 1666 1665)
4(1665 1666 1723 1722)
4(1722 1723 1780 1779)
4(1779 1780 1837 1836)
4(1836 1837 1894 1893)
4(1893 1894 1951 1950)
4(1950 1951 2008 2007)
4(2007 2008 2065 2064)
4(2064 2065 2122 2121)
4(2121 2122 2179 2178)
4(2178 2179 2236 2235)
4(2235 2236 2293 2292)
4(2292 2293 2350 2349)
4(2349 2350 2407 2406)
4(2406 2407 2464 2463)
4(2463 2464 2521 2520)
4(2520 2521 2578 2577)
4(2577 2578 2635 2634)
4(2634 2635 2692 2691)
4(2691 2692 2749 2748)
4(2748 2749 2806 2805)
4(2805 2806 2863 2862)
4(2862 2863 2920 2919)
4(2919 2920 2977 2976)
4(2976 2977 3034 3033)
4(1552 1553 1610 1609)
4(1609 1610 1667 1666)
4(1666 1667 1724 1723)
4(1723 1724 1781 1780)
4(1780 1781 1838 1837)
4(1837 1838 1895 1894)
4(1894 1895 1952 1951)
4(1951 1952 2009 2008)
4(2008 2009 2066 2065)
4(2065 2066 2123 2122)
4(2122 2123 2180 2179)
4(2179 2180 2237 2236)
4(2236 2237 2294 2293)
4(2293 2294 2351 2350)
4(2350 2351 2408 2407)
4(2407 2408 2465 2464)
4(2464 2465 2522 2521)
4(2521 2522 2579 2578)
4(2578 2579 2636 2635)
4(2635 2636 2693 2692)
4(2692 2693 2750 2749)
4(2749 2750 2807 2806)
4(2806 2807 2864 2863)
4(2863 2864 2921 2920)
4(2920 2921 2978 2977)
4(2977 2978 3035 3034)
4(1553 1554 1611 1610)
4(1610 1611 1668 1667)
4(1667 1668 1725 1724)
4(1724 1725 1782 1781)
4(1781 1782 1839 1838)
4(1838 1839 1896 1895)
4(1895 1896 1953 1952)
4(1952 1953 2010 2009)
4(2009 2010 2067 2066)
4(2066 2067 2124 2123)
4(2123 2124 2181 2180)
4(2180 2181 2238 2237)
4(2237 2238 2295 2294)
4(2294 2295 2352 2351)
4(2351 2352 2409 2408)
4(2408 2409 2466 2465)
4(2465 2466 2523 2522)
4(2522 2523 2580 2579)
4(2579 2580 2637 2636)
4(2636 2637 2694 2693)
4(2693 2694 2751 2750)
4(2750 2751 2808 2807)
4(2807 2808 2865 2864)
4(2864 2865 2922 2921)
4(2921 2922 2979 2978)
4(2978 2979 3036 3035)
4(1554 1555 1612 1611)
4(1611 1612 1669 1668)
4(1668 1669 1726 1725)
4(1725 1726 1783 1782)
4(1782 1783 1840 1839)
4(1839 1840 1897 1896)
4(1896 1897 1954 1953)
4(1953 1954 2011 2010)
4(2010 2011 2068 2067)
4(2067 2068 2125 2124)
4(2124 2125 2182 2181)
4(2181 2182 2239 2238)
4(2238 2239 2296 2295)
4(2295 2296 2353 2352)
4(2352 2353 2410 2409)
4(2409 2410 2467 2466)
4(2466 2467 2524 2523)
4(2523 2524 2581 2580)
4(2580 2581 2638 2637)
4(2637 2638 2695 2694)
4(2694 2695 2752 2751)
4(2751 2752 2809 2808)
4(2808 2809 2866 2865)
4(2865 2866 2923 2922)
4(2922 2923 2980 2979)
4(2979 2980 3037 3036)
4(1555 1556 1613 1612)
4(1612 1613 1670 1669)
4(1669 1670 1727 1726)
4(1726 1727 1784 1783)
4(1783 1784 1841 1840)
4(1840 1841 1898 1897)
4(1897 1898 1955 1954)
4(1954 1955 2012 2011)
4(2011 2012 2069 2068)
4(2068 2069 2126 2125)
4(2125 2126 2183 2182)
4(2182 2183 2240 2239)
4(2239 2240 2297 2296)
4(2296 2297 2354 2353)
4(2353 2354 2411 2410)
4(2410 2411 2468 2467)
4(2467 2468 2525 2524)
4(2524 2525 2582 2581)
4(2581 2582 2639 2638)
4(2638 2639 2696 2695)
4(2695 2696 2753 2752)
4(2752 2753 2810 2809)
4(2809 2810 2867 2866)
4(2866 2867 2924 2923)
4(2923 2924 2981 2980)
4(2980 2981 3038 3037)
4(1556 1557 1614 1613)
4(1613 1614 1671 1670)
4(1670 1671 1728 1727)
4(1727 1728 1785 1784)
4(1784 1785 1842 1841)
4(1841 1842 1899 1898)
4(1898 1899 1956 1955)
4(1955 1956 2013 2012)
4(2012 2013 2070 2069)
4(2069 2070 2127 2126)
4(2126 2127 2184 2183)
4(2183 2184 2241 2240)
4(2240 2241 2298 2297)
4(2297 2298 2355 2354)
4(2354 2355 2412 2411)
4(2411 2412 2469 2468)
4(2468 2469 2526 2525)
4(2525 2526 2583 2582)
4(2582 2583 2640 2639)
4(2639 2640 2697 2696)
4(2696 2697 2754 2753)
4(2753 2754 2811 2810)
4(2810 2811 2868 2867)
4(2867 2868 2925 2924)
4(2924 2925 2982 2981)
4(2981 2982 3039 3038)
4(1557 1558 1615 1614)
4(1614 1615 1672 1671)
4(1671 1672 1729 1728)
4(1728 1729 1786 1785)
4(1785 1786 1843 1842)
4(1842 1843 1900 1899)
4(1899 1900 1957 1956)
4(1956 1957 2014 2013)
4(2013 2014 2071 2070)
4(2070 2071 2128 2127)
4(2127 2128 2185 2184)
4(2184 2185 2242 2241)
4(2241 2242 2299 2298)
4(2298 2299 2356 2355)
4(2355 2356 2413 2412)
4(2412 2413 2470 2469)
4(2469 2470 2527 2526)
4(2526 2527 2584 2583)
4(2583 2584 2641 2640)
4(2640 2641 2698 2697)
4(2697 2698 2755 2754)
4(2754 2755 2812 2811)
4(2811 2812 2869 2868)
4(2868 2869 2926 2925)
4(2925 2926 2983 2982)
4(2982 2983 3040 3039)
4(1558 1559 1616 1615)
4(1615 1616 1673 1672)
4(1672 1673 1730 1729)
4(1729 1730 1787 1786)
4(1786 1787 1844 1843)
4(1843 1844 1901 1900)
4(1900 1901 1958 1957)
4(1957 1958 2015 2014)
4(2014 2015 2072 2071)
4(2071 2072 2129 2128)
4(2128 2129 2186 2185)
4(2185 2186 2243 2242)
4(2242 2243 2300 2299)
4(2299 2300 2357 2356)
4(2356 2357 2414 2413)
4(2413 2414 2471 2470)
4(2470 2471 2528 2527)
4(2527 2528 2585 2584)
4(2584 2585 2642 2641)
4(2641 2642 2699 2698)
4(2698 2699 2756 2755)
4(2755 2756 2813 2812)
4(2812 2813 2870 2869)
4(2869 2870 2927 2926)
4(2926 2927 2984 2983)
4(2983 2984 3041 3040)
4(1559 1560 1617 1616)
4(1616 1617 1674 1673)
4(1673 1674 1731 1730)
4(1730 1731 1788 1787)
4(1787 1788 1845 1844)
4(1844 1845 1902 1901)
4(1901 1902 1959 1958)
4(1958 1959 2016 2015)
4(2015 2016 2073 2072)
4(2072 2073 2130 2129)
4(2129 2130 2187 2186)
4(2186 2187 2244 2243)
4(2243 2244 2301 2300)
4(2300 2301 2358 2357)
4(2357 2358 2415 2414)
4(2414 2415 2472 2471)
4(2471 2472 2529 2528)
4(2528 2529 2586 2585)
4(2585 2586 2643 2642)
4(2642 2643 2700 2699)
4(2699 2700 2757 2756)
4(2756 2757 2814 2813)
4(2813 2814 2871 2870)
4(2870 2871 2928 2927)
4(2927 2928 2985 2984)
4(2984 2985 3042 3041)
4(1560 1561 1618 1617)
4(1617 1618 1675 1674)
4(1674 1675 1732 1731)
4(1731 1732 1789 1788)
4(1788 1789 1846 1845)
4(1845 1846 1903 1902)
4(1902 1903 1960 1959)
4(1959 1960 2017 2016)
4(2016 2017 2074 2073)
4(2073 2074 2131 2130)
4(2130 2131 2188 2187)
4(2187 2188 2245 2244)
4(2244 2245 2302 2301)
4(2301 2302 2359 2358)
4(2358 2359 2416 2415)
4(2415 2416 2473 2472)
4(2472 2473 2530 2529)
4(2529 2530 2587 2586)
4(2586 2587 2644 2643)
4(2643 2644 2701 2700)
4(2700 2701 2758 2757)
4(2757 2758 2815 2814)
4(2814 2815 2872 2871)
4(2871 2872 2929 2928)
4(2928 2929 2986 2985)
4(2985 2986 3043 3042)
4(1561 1562 1619 1618)
4(1618 1619 1676 1675)
4(1675 1676 1733 1732)
4(1732 1733 1790 1789)
4(1789 1790 1847 1846)
4(1846 1847 1904 1903)
4(1903 1904 1961 1960)
4(1960 1961 2018 2017)
4(2017 2018 2075 2074)
4(2074 2075 2132 2131)
4(2131 2132 2189 2188)
4(2188 2189 2246 2245)
4(2245 2246 2303 2302)
4(2302 2303 2360 2359)
4(2359 2360 2417 2416)
4(2416 2417 2474 2473)
4(2473 2474 2531 2530)
4(2530 2531 2588 2587)
4(2587 2588 2645 2644)
4(2644 2645 2702 2701)
4(2701 2702 2759 2758)
4(2758 2759 2816 2815)
4(2815 2816 2873 2872)
4(2872 2873 2930 2929)
4(2929 2930 2987 2986)
4(2986 2987 3044 3043)
4(1562 1563 1620 1619)
4(1619 1620 1677 1676)
4(1676 1677 1734 1733)
4(1733 1734 1791 1790)
4(1790 1791 1848 1847)
4(1847 1848 1905 1904)
4(1904 1905 1962 1961)
4(1961 1962 2019 2018)
4(2018 2019 2076 2075)
4(2075 2076 2133 2132)
4(2132 2133 2190 2189)
4(2189 2190 2247 2246)
4(2246 2247 2304 2303)
4(2303 2304 2361 2360)
4(2360 2361 2418 2417)
4(2417 2418 2475 2474)
4(2474 2475 2532 2531)
4(2531 2532 2589 2588)
4(2588 2589 2646 2645)
4(2645 2646 2703 2702)
4(2702 2703 2760 2759)
4(2759 2760 2817 2816)
4(2816 2817 2874 2873)
4(2873 2874 2931 2930)
4(2930 2931 2988 2987)
4(2987 2988 3045 3044)
4(1563 1564 1621 1620)
4(1620 1621 1678 1677)
4(1677 1678 1735 1734)
4(1734 1735 1792 1791)
4(1791 1792 1849 1848)
4(1848 1849 1906 1905)
4(1905 1906 1963 1962)
4(1962 1963 2020 2019)
4(2019 2020 2077 2076)
4(2076 2077 2134 2133)
4(2133 2134 2191 2190)
4(2190 2191 2248 2247)
4(2247 2248 2305 2304)
4(2304 2305 2362 2361)
4(2361 2362 2419 2418)
4(2418 2419 2476 2475)
4(2475 2476 2533 2532)
4(2532 2533 2590 2589)
4(2589 2590 2647 2646)
4(2646 2647 2704 2703)
4(2703 2704 2761 2760)
4(2760 2761 2818 2817)
4(2817 2818 2875 2874)
4(2874 2875 2932 2931)
4(2931 2932 2989 2988)
4(2988 2989 3046 3045)
4(1564 1565 1622 1621)
4(1621 1622 1679 1678)
4(1678 1679 1736 1735)
4(1735 1736 1793 1792)
4(1792 1793 1850 1849)
4(1849 1850 1907 1906)
4(1906 1907 1964 1963)
4(1963 1964 2021 2020)
4(2020 2021 2078 2077)
4(2077 2078 2135 2134)
4(2134 2135 2192 2191)
4(2191 2192 2249 2248)
4(2248 2249 2306 2305)
4(2305 2306 2363 2362)
4(2362 2363 2420 2419)
4(2419 2420 2477 2476)
4(2476 2477 2534 2533)
4(2533 2534 2591 2590)
4(2590 2591 2648 2647)
4(2647 2648 2705 2704)
4(2704 2705 2762 2761)
4(2761 2762 2819 2818)
4(2818 2819 2876 2875)
4(2875 2876 2933 2932)
4(2932 2933 2990 2989)
4(2989 2990 3047 3046)
4(1565 1566 1623 1622)
4(1622 1623 1680 1679)
4(1679 1680 1737 1736)
4(1736 1737 1794 1793)
4(1793 1794 1851 1850)
4(1850 1851 1908 1907)
4(1907 1908 1965 1964)
4(1964 1965 2022 2021)
4(2021 2022 2079 2078)
4(2078 2079 2136 2135)
4(2135 2136 2193 2192)
4(2192 2193 2250 2249)
4(2249 2250 2307 2306)
4(2306 2307 2364 2363)
4(2363 2364 2421 2420)
4(2420 2421 2478 2477)
4(2477 2478 2535 2534)
4(2534 2535 2592 2591)
4(2591 2592 2649 2648)
4(2648 2649 2706 2705)
4(2705 2706 2763 2762)
4(2762 2763 2820 2819)
4(2819 2820 2877 2876)
4(2876 2877 2934 2933)
4(2933 2934 2991 2990)
4(2990 2991 3048 3047)
4(1566 1567 1624 1623)
4(1623 1624 1681 1680)
4(1680 1681 1738 1737)
4(1737 1738 1795 1794)
4(1794 1795 1852 1851)
4(1851 1852 1909 1908)
4(1908 1909 1966 1965)
4(1965 1966 2023 2022)
4(2022 2023 2080 2079)
4(2079 2080 2137 2136)
4(2136 2137 2194 2193)
4(2193 2194 2251 2250)
4(2250 2251 2308 2307)
4(2307 2308 2365 2364)
4(2364 2365 2422 2421)
4(2421 2422 2479 2478)
4(2478 2479 2536 2535)
4(2535 2536 2593 2592)
4(2592 2593 2650 2649)
4(2649 2650 2707 2706)
4(2706 2707 2764 2763)
4(2763 2764 2821 2820)
4(2820 2821 2878 2877)
4(2877 2878 2935 2934)
4(2934 2935 2992 2991)
4(2991 2992 3049 3048)
4(1567 1568 1625 1624)
4(1624 1625 1682 1681)
4(1681 1682 1739 1738)
4(1738 1739 1796 1795)
4(1795 1796 1853 1852)
4(1852 1853 1910 1909)
4(1909 1910 1967 1966)
4(1966 1967 2024 2023)
4(2023 2024 2081 2080)
4(2080 2081 2138 2137)
4(2137 2138 2195 2194)
4(2194 2195 2252 2251)
4(2251 2252 2309 2308)
4(2308 2309 2366 2365)
4(2365 2366 2423 2422)
4(2422 2423 2480 2479)
4(2479 2480 2537 2536)
4(2536 2537 2594 2593)
4(2593 2594 2651 2650)
4(2650 2651 2708 2707)
4(2707 2708 2765 2764)
4(2764 2765 2822 2821)
4(2821 2822 2879 2878)
4(2878 2879 2936 2935)
4(2935 2936 2993 2992)
4(2992 2993 3050 3049)
4(1568 1569 1626 1625)
4(1625 1626 1683 1682)
4(1682 1683 1740 1739)
4(1739 1740 1797 1796)
4(1796 1797 1854 1853)
4(1853 1854 1911 1910)
4(1910 1911 1968 1967)
4(1967 1968 2025 2024)
4(2024 2025 2082 2081)
4(2081 2082 2139 2138)
4(2138 2139 2196 2195)
4(2195 2196 2253 2252)
4(2252 2253 2310 2309)
4(2309 2310 2367 2366)
4(2366 2367 2424 2423)
4(2423 2424 2481 2480)
4(2480 2481 2538 2537)
4(2537 2538 2595 2594)
4(2594 2595 2652 2651)
4(2651 2652 2709 2708)
4(2708 2709 2766 2765)
4(2765 2766 2823 2822)
4(2822 2823 2880 2879)
4(2879 2880 2937 2936)
4(2936 2937 2994 2993)
4(2993 2994 3051 3050)
4(1569 1570 1627 1626)
4(1626 1627 1684 1683)
4(1683 1684 1741 1740)
4(1740 1741 1798 1797)
4(1797 1798 1855 1854)
4(1854 1855 1912 1911)
4(1911 1912 1969 1968)
4(1968 1969 2026 2025)
4(2025 2026 2083 2082)
4(2082 2083 2140 2139)
4(2139 2140 2197 2196)
4(2196 2197 2254 2253)
4(2253 2254 2311 2310)
4(2310 2311 2368 2367)
4(2367 2368 2425 2424)
4(2424 2425 2482 2481)
4(2481 2482 2539 2538)
4(2538 2539 2596 2595)
4(2595 2596 2653 2652)
4(2652 2653 2710 2709)
4(2709 2710 2767 2766)
4(2766 2767 2824 2823)
4(2823 2824 2881 2880)
4(2880 2881 2938 2937)
4(2937 2938 2995 2994)
4(2994 2995 3052 3051)
4(1570 1571 1628 1627)
4(1627 1628 1685 1684)
4(1684 1685 1742 1741)
4(1741 1742 1799 1798)
4(1798 1799 1856 1855)
4(1855 1856 1913 1912)
4(1912 1913 1970 1969)
4(1969 1970 2027 2026)
4(2026 2027 2084 2083)
4(2083 2084 2141 2140)
4(2140 2141 2198 2197)
4(2197 2198 2255 2254)
4(2254 2255 2312 2311)
4(2311 2312 2369 2368)
4(2368 2369 2426 2425)
4(2425 2426 2483 2482)
4(2482 2483 2540 2539)
4(2539 2540 2597 2596)
4(2596 2597 2654 2653)
4(2653 2654 2711 2710)
4(2710 2711 2768 2767)
4(2767 2768 2825 2824)
4(2824 2825 2882 2881)
4(2881 2882 2939 2938)
4(2938 2939 2996 2995)
4(2995 2996 3053 3052)
4(1571 1572 1629 1628)
4(1628 1629 1686 1685)
4(1685 1686 1743 1742)
4(1742 1743 1800 1799)
4(1799 1800 1857 1856)
4(1856 1857 1914 1913)
4(1913 1914 1971 1970)
4(1970 1971 2028 2027)
4(2027 2028 2085 2084)
4(2084 2085 2142 2141)
4(2141 2142 2199 2198)
4(2198 2199 2256 2255)
4(2255 2256 2313 2312)
4(2312 2313 2370 2369)
4(2369 2370 2427 2426)
4(2426 2427 2484 2483)
4(2483 2484 2541 2540)
4(2540 2541 2598 2597)
4(2597 2598 2655 2654)
4(2654 2655 2712 2711)
4(2711 2712 2769 2768)
4(2768 2769 2826 2825)
4(2825 2826 2883 2882)
4(2882 2883 2940 2939)
4(2939 2940 2997 2996)
4(2996 2997 3054 3053)
4(1572 1573 1630 1629)
4(1629 1630 1687 1686)
4(1686 1687 1744 1743)
4(1743 1744 1801 1800)
4(1800 1801 1858 1857)
4(1857 1858 1915 1914)
4(1914 1915 1972 1971)
4(1971 1972 2029 2028)
4(2028 2029 2086 2085)
4(2085 2086 2143 2142)
4(2142 2143 2200 2199)
4(2199 2200 2257 2256)
4(2256 2257 2314 2313)
4(2313 2314 2371 2370)
4(2370 2371 2428 2427)
4(2427 2428 2485 2484)
4(2484 2485 2542 2541)
4(2541 2542 2599 2598)
4(2598 2599 2656 2655)
4(2655 2656 2713 2712)
4(2712 2713 2770 2769)
4(2769 2770 2827 2826)
4(2826 2827 2884 2883)
4(2883 2884 2941 2940)
4(2940 2941 2998 2997)
4(2997 2998 3055 3054)
4(1573 1574 1631 1630)
4(1630 1631 1688 1687)
4(1687 1688 1745 1744)
4(1744 1745 1802 1801)
4(1801 1802 1859 1858)
4(1858 1859 1916 1915)
4(1915 1916 1973 1972)
4(1972 1973 2030 2029)
4(2029 2030 2087 2086)
4(2086 2087 2144 2143)
4(2143 2144 2201 2200)
4(2200 2201 2258 2257)
4(2257 2258 2315 2314)
4(2314 2315 2372 2371)
4(2371 2372 2429 2428)
4(2428 2429 2486 2485)
4(2485 2486 2543 2542)
4(2542 2543 2600 2599)
4(2599 2600 2657 2656)
4(2656 2657 2714 2713)
4(2713 2714 2771 2770)
4(2770 2771 2828 2827)
4(2827 2828 2885 2884)
4(2884 2885 2942 2941)
4(2941 2942 2999 2998)
4(2998 2999 3056 3055)
4(1574 1575 1632 1631)
4(1631 1632 1689 1688)
4(1688 1689 1746 1745)
4(1745 1746 1803 1802)
4(1802 1803 1860 1859)
4(1859 1860 1917 1916)
4(1916 1917 1974 1973)
4(1973 1974 2031 2030)
4(2030 2031 2088 2087)
4(2087 2088 2145 2144)
4(2144 2145 2202 2201)
4(2201 2202 2259 2258)
4(2258 2259 2316 2315)
4(2315 2316 2373 2372)
4(2372 2373 2430 2429)
4(2429 2430 2487 2486)
4(2486 2487 2544 2543)
4(2543 2544 2601 2600)
4(2600 2601 2658 2657)
4(2657 2658 2715 2714)
4(2714 2715 2772 2771)
4(2771 2772 2829 2828)
4(2828 2829 2886 2885)
4(2885 2886 2943 2942)
4(2942 2943 3000 2999)
4(2999 3000 3057 3056)
4(1575 1576 1633 1632)
4(1632 1633 1690 1689)
4(1689 1690 1747 1746)
4(1746 1747 1804 1803)
4(1803 1804 1861 1860)
4(1860 1861 1918 1917)
4(1917 1918 1975 1974)
4(1974 1975 2032 2031)
4(2031 2032 2089 2088)
4(2088 2089 2146 2145)
4(2145 2146 2203 2202)
4(2202 2203 2260 2259)
4(2259 2260 2317 2316)
4(2316 2317 2374 2373)
4(2373 2374 2431 2430)
4(2430 2431 2488 2487)
4(2487 2488 2545 2544)
4(2544 2545 2602 2601)
4(2601 2602 2659 2658)
4(2658 2659 2716 2715)
4(2715 2716 2773 2772)
4(2772 2773 2830 2829)
4(2829 2830 2887 2886)
4(2886 2887 2944 2943)
4(2943 2944 3001 3000)
4(3000 3001 3058 3057)
4(1576 1577 1634 1633)
4(1633 1634 1691 1690)
4(1690 1691 1748 1747)
4(1747 1748 1805 1804)
4(1804 1805 1862 1861)
4(1861 1862 1919 1918)
4(1918 1919 1976 1975)
4(1975 1976 2033 2032)
4(2032 2033 2090 2089)
4(2089 2090 2147 2146)
4(2146 2147 2204 2203)
4(2203 2204 2261 2260)
4(2260 2261 2318 2317)
4(2317 2318 2375 2374)
4(2374 2375 2432 2431)
4(2431 2432 2489 2488)
4(2488 2489 2546 2545)
4(2545 2546 2603 2602)
4(2602 2603 2660 2659)
4(2659 2660 2717 2716)
4(2716 2717 2774 2773)
4(2773 2774 2831 2830)
4(2830 2831 2888 2887)
4(2887 2888 2945 2944)
4(2944 2945 3002 3001)
4(3001 3002 3059 3058)
4(1577 1578 1635 1634)
4(1634 1635 1692 1691)
4(1691 1692 1749 1748)
4(1748 1749 1806 1805)
4(1805 1806 1863 1862)
4(1862 1863 1920 1919)
4(1919 1920 1977 1976)
4(1976 1977 2034 2033)
4(2033 2034 2091 2090)
4(2090 2091 2148 2147)
4(2147 2148 2205 2204)
4(2204 2205 2262 2261)
4(2261 2262 2319 2318)
4(2318 2319 2376 2375)
4(2375 2376 2433 2432)
4(2432 2433 2490 2489)
4(2489 2490 2547 2546)
4(2546 2547 2604 2603)
4(2603 2604 2661 2660)
4(2660 2661 2718 2717)
4(2717 2718 2775 2774)
4(2774 2775 2832 2831)
4(2831 2832 2889 2888)
4(2888 2889 2946 2945)
4(2945 2946 3003 3002)
4(3002 3003 3060 3059)
4(1578 1579 1636 1635)
4(1635 1636 1693 1692)
4(1692 1693 1750 1749)
4(1749 1750 1807 1806)
4(1806 1807 1864 1863)
4(1863 1864 1921 1920)
4(1920 1921 1978 1977)
4(1977 1978 2035 2034)
4(2034 2035 2092 2091)
4(2091 2092 2149 2148)
4(2148 2149 2206 2205)
4(2205 2206 2263 2262)
4(2262 2263 2320 2319)
4(2319 2320 2377 2376)
4(2376 2377 2434 2433)
4(2433 2434 2491 2490)
4(2490 2491 2548 2547)
4(2547 2548 2605 2604)
4(2604 2605 2662 2661)
4(2661 2662 2719 2718)
4(2718 2719 2776 2775)
4(2775 2776 2833 2832)
4(2832 2833 2890 2889)
4(2889 2890 2947 2946)
4(2946 2947 3004 3003)
4(3003 3004 3061 3060)
4(1579 1580 1637 1636)
4(1636 1637 1694 1693)
4(1693 1694 1751 1750)
4(1750 1751 1808 1807)
4(1807 1808 1865 1864)
4(1864 1865 1922 1921)
4(1921 1922 1979 1978)
4(1978 1979 2036 2035)
4(2035 2036 2093 2092)
4(2092 2093 2150 2149)
4(2149 2150 2207 2206)
4(2206 2207 2264 2263)
4(2263 2264 2321 2320)
4(2320 2321 2378 2377)
4(2377 2378 2435 2434)
4(2434 2435 2492 2491)
4(2491 2492 2549 2548)
4(2548 2549 2606 2605)
4(2605 2606 2663 2662)
4(2662 2663 2720 2719)
4(2719 2720 2777 2776)
4(2776 2777 2834 2833)
4(2833 2834 2891 2890)
4(2890 2891 2948 2947)
4(2947 2948 3005 3004)
4(3004 3005 3062 3061)
4(1580 1581 1638 1637)
4(1637 1638 1695 1694)
4(1694 1695 1752 1751)
4(1751 1752 1809 1808)
4(1808 1809 1866 1865)
4(1865 1866 1923 1922)
4(1922 1923 1980 1979)
4(1979 1980 2037 2036)
4(2036 2037 2094 2093)
4(2093 2094 2151 2150)
4(2150 2151 2208 2207)
4(2207 2208 2265 2264)
4(2264 2265 2322 2321)
4(2321 2322 2379 2378)
4(2378 2379 2436 2435)
4(2435 2436 2493 2492)
4(2492 2493 2550 2549)
4(2549 2550 2607 2606)
4(2606 2607 2664 2663)
4(2663 2664 2721 2720)
4(2720 2721 2778 2777)
4(2777 2778 2835 2834)
4(2834 2835 2892 2891)
4(2891 2892 2949 2948)
4(2948 2949 3006 3005)
4(3005 3006 3063 3062)
4(1581 1582 1639 1638)
4(1638 1639 1696 1695)
4(1695 1696 1753 1752)
4(1752 1753 1810 1809)
4(1809 1810 1867 1866)
4(1866 1867 1924 1923)
4(1923 1924 1981 1980)
4(1980 1981 2038 2037)
4(2037 2038 2095 2094)
4(2094 2095 2152 2151)
4(2151 2152 2209 2208)
4(2208 2209 2266 2265)
4(2265 2266 2323 2322)
4(2322 2323 2380 2379)
4(2379 2380 2437 2436)
4(2436 2437 2494 2493)
4(2493 2494 2551 2550)
4(2550 2551 2608 2607)
4(2607 2608 2665 2664)
4(2664 2665 2722 2721)
4(2721 2722 2779 2778)
4(2778 2779 2836 2835)
4(2835 2836 2893 2892)
4(2892 2893 2950 2949)
4(2949 2950 3007 3006)
4(3006 3007 3064 3063)
4(1582 1583 1640 1639)
4(1639 1640 1697 1696)
4(1696 1697 1754 1753)
4(1753 1754 1811 1810)
4(1810 1811 1868 1867)
4(1867 1868 1925 1924)
4(1924 1925 1982 1981)
4(1981 1982 2039 2038)
4(2038 2039 2096 2095)
4(2095 2096 2153 2152)
4(2152 2153 2210 2209)
4(2209 2210 2267 2266)
4(2266 2267 2324 2323)
4(2323 2324 2381 2380)
4(2380 2381 2438 2437)
4(2437 2438 2495 2494)
4(2494 2495 2552 2551)
4(2551 2552 2609 2608)
4(2608 2609 2666 2665)
4(2665 2666 2723 2722)
4(2722 2723 2780 2779)
4(2779 2780 2837 2836)
4(2836 2837 2894 2893)
4(2893 2894 2951 2950)
4(2950 2951 3008 3007)
4(3007 3008 3065 3064)
4(1583 1584 1641 1640)
4(1640 1641 1698 1697)
4(1697 1698 1755 1754)
4(1754 1755 1812 1811)
4(1811 1812 1869 1868)
4(1868 1869 1926 1925)
4(1925 1926 1983 1982)
4(1982 1983 2040 2039)
4(2039 2040 2097 2096)
4(2096 2097 2154 2153)
4(2153 2154 2211 2210)
4(2210 2211 2268 2267)
4(2267 2268 2325 2324)
4(2324 2325 2382 2381)
4(2381 2382 2439 2438)
4(2438 2439 2496 2495)
4(2495 2496 2553 2552)
4(2552 2553 2610 2609)
4(2609 2610 2667 2666)
4(2666 2667 2724 2723)
4(2723 2724 2781 2780)
4(2780 2781 2838 2837)
4(2837 2838 2895 2894)
4(2894 2895 2952 2951)
4(2951 2952 3009 3008)
4(3008 3009 3066 3065)
4(1584 1585 1642 1641)
4(1641 1642 1699 1698)
4(1698 1699 1756 1755)
4(1755 1756 1813 1812)
4(1812 1813 1870 1869)
4(1869 1870 1927 1926)
4(1926 1927 1984 1983)
4(1983 1984 2041 2040)
4(2040 2041 2098 2097)
4(2097 2098 2155 2154)
4(2154 2155 2212 2211)
4(2211 2212 2269 2268)
4(2268 2269 2326 2325)
4(2325 2326 2383 2382)
4(2382 2383 2440 2439)
4(2439 2440 2497 2496)
4(2496 2497 2554 2553)
4(2553 2554 2611 2610)
4(2610 2611 2668 2667)
4(2667 2668 2725 2724)
4(2724 2725 2782 2781)
4(2781 2782 2839 2838)
4(2838 2839 2896 2895)
4(2895 2896 2953 2952)
4(2952 2953 3010 3009)
4(3009 3010 3067 3066)
4(1585 1586 1643 1642)
4(1642 1643 1700 1699)
4(1699 1700 1757 1756)
4(1756 1757 1814 1813)
4(1813 1814 1871 1870)
4(1870 1871 1928 1927)
4(1927 1928 1985 1984)
4(1984 1985 2042 2041)
4(2041 2042 2099 2098)
4(2098 2099 2156 2155)
4(2155 2156 2213 2212)
4(2212 2213 2270 2269)
4(2269 2270 2327 2326)
4(2326 2327 2384 2383)
4(2383 2384 2441 2440)
4(2440 2441 2498 2497)
4(2497 2498 2555 2554)
4(2554 2555 2612 2611)
4(2611 2612 2669 2668)
4(2668 2669 2726 2725)
4(2725 2726 2783 2782)
4(2782 2783 2840 2839)
4(2839 2840 2897 2896)
4(2896 2897 2954 2953)
4(2953 2954 3011 3010)
4(3010 3011 3068 3067)
4(1586 1587 1644 1643)
4(1643 1644 1701 1700)
4(1700 1701 1758 1757)
4(1757 1758 1815 1814)
4(1814 1815 1872 1871)
4(1871 1872 1929 1928)
4(1928 1929 1986 1985)
4(1985 1986 2043 2042)
4(2042 2043 2100 2099)
4(2099 2100 2157 2156)
4(2156 2157 2214 2213)
4(2213 2214 2271 2270)
4(2270 2271 2328 2327)
4(2327 2328 2385 2384)
4(2384 2385 2442 2441)
4(2441 2442 2499 2498)
4(2498 2499 2556 2555)
4(2555 2556 2613 2612)
4(2612 2613 2670 2669)
4(2669 2670 2727 2726)
4(2726 2727 2784 2783)
4(2783 2784 2841 2840)
4(2840 2841 2898 2897)
4(2897 2898 2955 2954)
4(2954 2955 3012 3011)
4(3011 3012 3069 3068)
4(1587 1588 1645 1644)
4(1644 1645 1702 1701)
4(1701 1702 1759 1758)
4(1758 1759 1816 1815)
4(1815 1816 1873 1872)
4(1872 1873 1930 1929)
4(1929 1930 1987 1986)
4(1986 1987 2044 2043)
4(2043 2044 2101 2100)
4(2100 2101 2158 2157)
4(2157 2158 2215 2214)
4(2214 2215 2272 2271)
4(2271 2272 2329 2328)
4(2328 2329 2386 2385)
4(2385 2386 2443 2442)
4(2442 2443 2500 2499)
4(2499 2500 2557 2556)
4(2556 2557 2614 2613)
4(2613 2614 2671 2670)
4(2670 2671 2728 2727)
4(2727 2728 2785 2784)
4(2784 2785 2842 2841)
4(2841 2842 2899 2898)
4(2898 2899 2956 2955)
4(2955 2956 3013 3012)
4(3012 3013 3070 3069)
4(1588 1589 1646 1645)
4(1645 1646 1703 1702)
4(1702 1703 1760 1759)
4(1759 1760 1817 1816)
4(1816 1817 1874 1873)
4(1873 1874 1931 1930)
4(1930 1931 1988 1987)
4(1987 1988 2045 2044)
4(2044 2045 2102 2101)
4(2101 2102 2159 2158)
4(2158 2159 2216 2215)
4(2215 2216 2273 2272)
4(2272 2273 2330 2329)
4(2329 2330 2387 2386)
4(2386 2387 2444 2443)
4(2443 2444 2501 2500)
4(2500 2501 2558 2557)
4(2557 2558 2615 2614)
4(2614 2615 2672 2671)
4(2671 2672 2729 2728)
4(2728 2729 2786 2785)
4(2785 2786 2843 2842)
4(2842 2843 2900 2899)
4(2899 2900 2957 2956)
4(2956 2957 3014 3013)
4(3013 3014 3071 3070)
4(1589 1590 1647 1646)
4(1646 1647 1704 1703)
4(1703 1704 1761 1760)
4(1760 1761 1818 1817)
4(1817 1818 1875 1874)
4(1874 1875 1932 1931)
4(1931 1932 1989 1988)
4(1988 1989 2046 2045)
4(2045 2046 2103 2102)
4(2102 2103 2160 2159)
4(2159 2160 2217 2216)
4(2216 2217 2274 2273)
4(2273 2274 2331 2330)
4(2330 2331 2388 2387)
4(2387 2388 2445 2444)
4(2444 2445 2502 2501)
4(2501 2502 2559 2558)
4(2558 2559 2616 2615)
4(2615 2616 2673 2672)
4(2672 2673 2730 2729)
4(2729 2730 2787 2786)
4(2786 2787 2844 2843)
4(2843 2844 2901 2900)
4(2900 2901 2958 2957)
4(2957 2958 3015 3014)
4(3014 3015 3072 3071)
4(1590 1591 1648 1647)
4(1647 1648 1705 1704)
4(1704 1705 1762 1761)
4(1761 1762 1819 1818)
4(1818 1819 1876 1875)
4(1875 1876 1933 1932)
4(1932 1933 1990 1989)
4(1989 1990 2047 2046)
4(2046 2047 2104 2103)
4(2103 2104 2161 2160)
4(2160 2161 2218 2217)
4(2217 2218 2275 2274)
4(2274 2275 2332 2331)
4(2331 2332 2389 2388)
4(2388 2389 2446 2445)
4(2445 2446 2503 2502)
4(2502 2503 2560 2559)
4(2559 2560 2617 2616)
4(2616 2617 2674 2673)
4(2673 2674 2731 2730)
4(2730 2731 2788 2787)
4(2787 2788 2845 2844)
4(2844 2845 2902 2901)
4(2901 2902 2959 2958)
4(2958 2959 3016 3015)
4(3015 3016 3073 3072)
4(1591 1592 1649 1648)
4(1648 1649 1706 1705)
4(1705 1706 1763 1762)
4(1762 1763 1820 1819)
4(1819 1820 1877 1876)
4(1876 1877 1934 1933)
4(1933 1934 1991 1990)
4(1990 1991 2048 2047)
4(2047 2048 2105 2104)
4(2104 2105 2162 2161)
4(2161 2162 2219 2218)
4(2218 2219 2276 2275)
4(2275 2276 2333 2332)
4(2332 2333 2390 2389)
4(2389 2390 2447 2446)
4(2446 2447 2504 2503)
4(2503 2504 2561 2560)
4(2560 2561 2618 2617)
4(2617 2618 2675 2674)
4(2674 2675 2732 2731)
4(2731 2732 2789 2788)
4(2788 2789 2846 2845)
4(2845 2846 2903 2902)
4(2902 2903 2960 2959)
4(2959 2960 3017 3016)
4(3016 3017 3074 3073)
4(1592 1593 1650 1649)
4(1649 1650 1707 1706)
4(1706 1707 1764 1763)
4(1763 1764 1821 1820)
4(1820 1821 1878 1877)
4(1877 1878 1935 1934)
4(1934 1935 1992 1991)
4(1991 1992 2049 2048)
4(2048 2049 2106 2105)
4(2105 2106 2163 2162)
4(2162 2163 2220 2219)
4(2219 2220 2277 2276)
4(2276 2277 2334 2333)
4(2333 2334 2391 2390)
4(2390 2391 2448 2447)
4(2447 2448 2505 2504)
4(2504 2505 2562 2561)
4(2561 2562 2619 2618)
4(2618 2619 2676 2675)
4(2675 2676 2733 2732)
4(2732 2733 2790 2789)
4(2789 2790 2847 2846)
4(2846 2847 2904 2903)
4(2903 2904 2961 2960)
4(2960 2961 3018 3017)
4(3017 3018 3075 3074)
4(1593 1594 1651 1650)
4(1650 1651 1708 1707)
4(1707 1708 1765 1764)
4(1764 1765 1822 1821)
4(1821 1822 1879 1878)
4(1878 1879 1936 1935)
4(1935 1936 1993 1992)
4(1992 1993 2050 2049)
4(2049 2050 2107 2106)
4(2106 2107 2164 2163)
4(2163 2164 2221 2220)
4(2220 2221 2278 2277)
4(2277 2278 2335 2334)
4(2334 2335 2392 2391)
4(2391 2392 2449 2448)
4(2448 2449 2506 2505)
4(2505 2506 2563 2562)
4(2562 2563 2620 2619)
4(2619 2620 2677 2676)
4(2676 2677 2734 2733)
4(2733 2734 2791 2790)
4(2790 2791 2848 2847)
4(2847 2848 2905 2904)
4(2904 2905 2962 2961)
4(2961 2962 3019 3018)
4(3018 3019 3076 3075)
4(1594 1595 1652 1651)
4(1651 1652 1709 1708)
4(1708 1709 1766 1765)
4(1765 1766 1823 1822)
4(1822 1823 1880 1879)
4(1879 1880 1937 1936)
4(1936 1937 1994 1993)
4(1993 1994 2051 2050)
4(2050 2051 2108 2107)
4(2107 2108 2165 2164)
4(2164 2165 2222 2221)
4(2221 2222 2279 2278)
4(2278 2279 2336 2335)
4(2335 2336 2393 2392)
4(2392 2393 2450 2449)
4(2449 2450 2507 2506)
4(2506 2507 2564 2563)
4(2563 2564 2621 2620)
4(2620 2621 2678 2677)
4(2677 2678 2735 2734)
4(2734 2735 2792 2791)
4(2791 2792 2849 2848)
4(2848 2849 2906 2905)
4(2905 2906 2963 2962)
4(2962 2963 3020 3019)
4(3019 3020 3077 3076)
)


// ************************************************************************* //
