/*--------------------------------*- C++ -*----------------------------------*\
| =========                 |                                                 |
| \\      /  F ield         | OpenFOAM: The Open Source CFD Toolbox           |
|  \\    /   O peration     | Version:                                        |
|   \\  /    A nd           | Website:  www.openfoam.com                      |
|    \\/     M anipulation  |                                                 |
\*---------------------------------------------------------------------------*/
FoamFile
{
    version     2.0;
    format      ascii;
    class       faceList;
    location    "constant/polyMesh";
    object      faces;
}
// * * * * * * * * * * * * * * * * * * * * * * * * * * * * * * * * * * * * * //


4696
(
4(1 74 1315 1242)
4(73 1314 1315 74)
4(2 75 1316 1243)
4(74 1315 1316 75)
4(3 76 1317 1244)
4(75 1316 1317 76)
4(4 77 1318 1245)
4(76 1317 1318 77)
4(5 78 1319 1246)
4(77 1318 1319 78)
4(6 79 1320 1247)
4(78 1319 1320 79)
4(7 80 1321 1248)
4(79 1320 1321 80)
4(8 81 1322 1249)
4(80 1321 1322 81)
4(9 82 1323 1250)
4(81 1322 1323 82)
4(10 83 1324 1251)
4(82 1323 1324 83)
4(11 84 1325 1252)
4(83 1324 1325 84)
4(12 85 1326 1253)
4(84 1325 1326 85)
4(13 86 1327 1254)
4(85 1326 1327 86)
4(14 87 1328 1255)
4(86 1327 1328 87)
4(15 88 1329 1256)
4(87 1328 1329 88)
4(16 89 1330 1257)
4(88 1329 1330 89)
4(17 90 1331 1258)
4(89 1330 1331 90)
4(18 91 1332 1259)
4(90 1331 1332 91)
4(19 92 1333 1260)
4(91 1332 1333 92)
4(20 93 1334 1261)
4(92 1333 1334 93)
4(21 94 1335 1262)
4(93 1334 1335 94)
4(22 95 1336 1263)
4(94 1335 1336 95)
4(23 96 1337 1264)
4(95 1336 1337 96)
4(24 97 1338 1265)
4(96 1337 1338 97)
4(25 98 1339 1266)
4(97 1338 1339 98)
4(26 99 1340 1267)
4(98 1339 1340 99)
4(27 100 1341 1268)
4(99 1340 1341 100)
4(28 101 1342 1269)
4(100 1341 1342 101)
4(29 102 1343 1270)
4(101 1342 1343 102)
4(30 103 1344 1271)
4(102 1343 1344 103)
4(31 104 1345 1272)
4(103 1344 1345 104)
4(32 105 1346 1273)
4(104 1345 1346 105)
4(33 106 1347 1274)
4(105 1346 1347 106)
4(34 107 1348 1275)
4(106 1347 1348 107)
4(35 108 1349 1276)
4(107 1348 1349 108)
4(36 109 1350 1277)
4(108 1349 1350 109)
4(37 110 1351 1278)
4(109 1350 1351 110)
4(38 111 1352 1279)
4(110 1351 1352 111)
4(39 112 1353 1280)
4(111 1352 1353 112)
4(40 113 1354 1281)
4(112 1353 1354 113)
4(41 114 1355 1282)
4(113 1354 1355 114)
4(42 115 1356 1283)
4(114 1355 1356 115)
4(43 116 1357 1284)
4(115 1356 1357 116)
4(44 117 1358 1285)
4(116 1357 1358 117)
4(45 118 1359 1286)
4(117 1358 1359 118)
4(46 119 1360 1287)
4(118 1359 1360 119)
4(47 120 1361 1288)
4(119 1360 1361 120)
4(48 121 1362 1289)
4(120 1361 1362 121)
4(49 122 1363 1290)
4(121 1362 1363 122)
4(50 123 1364 1291)
4(122 1363 1364 123)
4(51 124 1365 1292)
4(123 1364 1365 124)
4(52 125 1366 1293)
4(124 1365 1366 125)
4(53 126 1367 1294)
4(125 1366 1367 126)
4(54 127 1368 1295)
4(126 1367 1368 127)
4(55 128 1369 1296)
4(127 1368 1369 128)
4(56 129 1370 1297)
4(128 1369 1370 129)
4(57 130 1371 1298)
4(129 1370 1371 130)
4(58 131 1372 1299)
4(130 1371 1372 131)
4(59 132 1373 1300)
4(131 1372 1373 132)
4(60 133 1374 1301)
4(132 1373 1374 133)
4(61 134 1375 1302)
4(133 1374 1375 134)
4(62 135 1376 1303)
4(134 1375 1376 135)
4(63 136 1377 1304)
4(135 1376 1377 136)
4(64 137 1378 1305)
4(136 1377 1378 137)
4(65 138 1379 1306)
4(137 1378 1379 138)
4(66 139 1380 1307)
4(138 1379 1380 139)
4(67 140 1381 1308)
4(139 1380 1381 140)
4(68 141 1382 1309)
4(140 1381 1382 141)
4(69 142 1383 1310)
4(141 1382 1383 142)
4(70 143 1384 1311)
4(142 1383 1384 143)
4(71 144 1385 1312)
4(143 1384 1385 144)
4(144 1385 1386 145)
4(74 147 1388 1315)
4(146 1387 1388 147)
4(75 148 1389 1316)
4(147 1388 1389 148)
4(76 149 1390 1317)
4(148 1389 1390 149)
4(77 150 1391 1318)
4(149 1390 1391 150)
4(78 151 1392 1319)
4(150 1391 1392 151)
4(79 152 1393 1320)
4(151 1392 1393 152)
4(80 153 1394 1321)
4(152 1393 1394 153)
4(81 154 1395 1322)
4(153 1394 1395 154)
4(82 155 1396 1323)
4(154 1395 1396 155)
4(83 156 1397 1324)
4(155 1396 1397 156)
4(84 157 1398 1325)
4(156 1397 1398 157)
4(85 158 1399 1326)
4(157 1398 1399 158)
4(86 159 1400 1327)
4(158 1399 1400 159)
4(87 160 1401 1328)
4(159 1400 1401 160)
4(88 161 1402 1329)
4(160 1401 1402 161)
4(89 162 1403 1330)
4(161 1402 1403 162)
4(90 163 1404 1331)
4(162 1403 1404 163)
4(91 164 1405 1332)
4(163 1404 1405 164)
4(92 165 1406 1333)
4(164 1405 1406 165)
4(93 166 1407 1334)
4(165 1406 1407 166)
4(94 167 1408 1335)
4(166 1407 1408 167)
4(95 168 1409 1336)
4(167 1408 1409 168)
4(96 169 1410 1337)
4(168 1409 1410 169)
4(97 170 1411 1338)
4(169 1410 1411 170)
4(98 171 1412 1339)
4(170 1411 1412 171)
4(99 172 1413 1340)
4(171 1412 1413 172)
4(100 173 1414 1341)
4(172 1413 1414 173)
4(101 174 1415 1342)
4(173 1414 1415 174)
4(102 175 1416 1343)
4(174 1415 1416 175)
4(103 176 1417 1344)
4(175 1416 1417 176)
4(104 177 1418 1345)
4(176 1417 1418 177)
4(105 178 1419 1346)
4(177 1418 1419 178)
4(106 179 1420 1347)
4(178 1419 1420 179)
4(107 180 1421 1348)
4(179 1420 1421 180)
4(108 181 1422 1349)
4(180 1421 1422 181)
4(109 182 1423 1350)
4(181 1422 1423 182)
4(110 183 1424 1351)
4(182 1423 1424 183)
4(111 184 1425 1352)
4(183 1424 1425 184)
4(112 185 1426 1353)
4(184 1425 1426 185)
4(113 186 1427 1354)
4(185 1426 1427 186)
4(114 187 1428 1355)
4(186 1427 1428 187)
4(115 188 1429 1356)
4(187 1428 1429 188)
4(116 189 1430 1357)
4(188 1429 1430 189)
4(117 190 1431 1358)
4(189 1430 1431 190)
4(118 191 1432 1359)
4(190 1431 1432 191)
4(119 192 1433 1360)
4(191 1432 1433 192)
4(120 193 1434 1361)
4(192 1433 1434 193)
4(121 194 1435 1362)
4(193 1434 1435 194)
4(122 195 1436 1363)
4(194 1435 1436 195)
4(123 196 1437 1364)
4(195 1436 1437 196)
4(124 197 1438 1365)
4(196 1437 1438 197)
4(125 198 1439 1366)
4(197 1438 1439 198)
4(126 199 1440 1367)
4(198 1439 1440 199)
4(127 200 1441 1368)
4(199 1440 1441 200)
4(128 201 1442 1369)
4(200 1441 1442 201)
4(129 202 1443 1370)
4(201 1442 1443 202)
4(130 203 1444 1371)
4(202 1443 1444 203)
4(131 204 1445 1372)
4(203 1444 1445 204)
4(132 205 1446 1373)
4(204 1445 1446 205)
4(133 206 1447 1374)
4(205 1446 1447 206)
4(134 207 1448 1375)
4(206 1447 1448 207)
4(135 208 1449 1376)
4(207 1448 1449 208)
4(136 209 1450 1377)
4(208 1449 1450 209)
4(137 210 1451 1378)
4(209 1450 1451 210)
4(138 211 1452 1379)
4(210 1451 1452 211)
4(139 212 1453 1380)
4(211 1452 1453 212)
4(140 213 1454 1381)
4(212 1453 1454 213)
4(141 214 1455 1382)
4(213 1454 1455 214)
4(142 215 1456 1383)
4(214 1455 1456 215)
4(143 216 1457 1384)
4(215 1456 1457 216)
4(144 217 1458 1385)
4(216 1457 1458 217)
4(217 1458 1459 218)
4(147 220 1461 1388)
4(219 1460 1461 220)
4(148 221 1462 1389)
4(220 1461 1462 221)
4(149 222 1463 1390)
4(221 1462 1463 222)
4(150 223 1464 1391)
4(222 1463 1464 223)
4(151 224 1465 1392)
4(223 1464 1465 224)
4(152 225 1466 1393)
4(224 1465 1466 225)
4(153 226 1467 1394)
4(225 1466 1467 226)
4(154 227 1468 1395)
4(226 1467 1468 227)
4(155 228 1469 1396)
4(227 1468 1469 228)
4(156 229 1470 1397)
4(228 1469 1470 229)
4(157 230 1471 1398)
4(229 1470 1471 230)
4(158 231 1472 1399)
4(230 1471 1472 231)
4(159 232 1473 1400)
4(231 1472 1473 232)
4(160 233 1474 1401)
4(232 1473 1474 233)
4(161 234 1475 1402)
4(233 1474 1475 234)
4(162 235 1476 1403)
4(234 1475 1476 235)
4(163 236 1477 1404)
4(235 1476 1477 236)
4(164 237 1478 1405)
4(236 1477 1478 237)
4(165 238 1479 1406)
4(237 1478 1479 238)
4(166 239 1480 1407)
4(238 1479 1480 239)
4(167 240 1481 1408)
4(239 1480 1481 240)
4(168 241 1482 1409)
4(240 1481 1482 241)
4(169 242 1483 1410)
4(241 1482 1483 242)
4(170 243 1484 1411)
4(242 1483 1484 243)
4(171 244 1485 1412)
4(243 1484 1485 244)
4(172 245 1486 1413)
4(244 1485 1486 245)
4(173 246 1487 1414)
4(245 1486 1487 246)
4(174 247 1488 1415)
4(246 1487 1488 247)
4(175 248 1489 1416)
4(247 1488 1489 248)
4(176 249 1490 1417)
4(248 1489 1490 249)
4(177 250 1491 1418)
4(249 1490 1491 250)
4(178 251 1492 1419)
4(250 1491 1492 251)
4(179 252 1493 1420)
4(251 1492 1493 252)
4(180 253 1494 1421)
4(252 1493 1494 253)
4(181 254 1495 1422)
4(253 1494 1495 254)
4(182 255 1496 1423)
4(254 1495 1496 255)
4(183 256 1497 1424)
4(255 1496 1497 256)
4(184 257 1498 1425)
4(256 1497 1498 257)
4(185 258 1499 1426)
4(257 1498 1499 258)
4(186 259 1500 1427)
4(258 1499 1500 259)
4(187 260 1501 1428)
4(259 1500 1501 260)
4(188 261 1502 1429)
4(260 1501 1502 261)
4(189 262 1503 1430)
4(261 1502 1503 262)
4(190 263 1504 1431)
4(262 1503 1504 263)
4(191 264 1505 1432)
4(263 1504 1505 264)
4(192 265 1506 1433)
4(264 1505 1506 265)
4(193 266 1507 1434)
4(265 1506 1507 266)
4(194 267 1508 1435)
4(266 1507 1508 267)
4(195 268 1509 1436)
4(267 1508 1509 268)
4(196 269 1510 1437)
4(268 1509 1510 269)
4(197 270 1511 1438)
4(269 1510 1511 270)
4(198 271 1512 1439)
4(270 1511 1512 271)
4(199 272 1513 1440)
4(271 1512 1513 272)
4(200 273 1514 1441)
4(272 1513 1514 273)
4(201 274 1515 1442)
4(273 1514 1515 274)
4(202 275 1516 1443)
4(274 1515 1516 275)
4(203 276 1517 1444)
4(275 1516 1517 276)
4(204 277 1518 1445)
4(276 1517 1518 277)
4(205 278 1519 1446)
4(277 1518 1519 278)
4(206 279 1520 1447)
4(278 1519 1520 279)
4(207 280 1521 1448)
4(279 1520 1521 280)
4(208 281 1522 1449)
4(280 1521 1522 281)
4(209 282 1523 1450)
4(281 1522 1523 282)
4(210 283 1524 1451)
4(282 1523 1524 283)
4(211 284 1525 1452)
4(283 1524 1525 284)
4(212 285 1526 1453)
4(284 1525 1526 285)
4(213 286 1527 1454)
4(285 1526 1527 286)
4(214 287 1528 1455)
4(286 1527 1528 287)
4(215 288 1529 1456)
4(287 1528 1529 288)
4(216 289 1530 1457)
4(288 1529 1530 289)
4(217 290 1531 1458)
4(289 1530 1531 290)
4(290 1531 1532 291)
4(220 293 1534 1461)
4(292 1533 1534 293)
4(221 294 1535 1462)
4(293 1534 1535 294)
4(222 295 1536 1463)
4(294 1535 1536 295)
4(223 296 1537 1464)
4(295 1536 1537 296)
4(224 297 1538 1465)
4(296 1537 1538 297)
4(225 298 1539 1466)
4(297 1538 1539 298)
4(226 299 1540 1467)
4(298 1539 1540 299)
4(227 300 1541 1468)
4(299 1540 1541 300)
4(228 301 1542 1469)
4(300 1541 1542 301)
4(229 302 1543 1470)
4(301 1542 1543 302)
4(230 303 1544 1471)
4(302 1543 1544 303)
4(231 304 1545 1472)
4(303 1544 1545 304)
4(232 305 1546 1473)
4(304 1545 1546 305)
4(233 306 1547 1474)
4(305 1546 1547 306)
4(234 307 1548 1475)
4(306 1547 1548 307)
4(235 308 1549 1476)
4(307 1548 1549 308)
4(236 309 1550 1477)
4(308 1549 1550 309)
4(237 310 1551 1478)
4(309 1550 1551 310)
4(238 311 1552 1479)
4(310 1551 1552 311)
4(239 312 1553 1480)
4(311 1552 1553 312)
4(240 313 1554 1481)
4(312 1553 1554 313)
4(241 314 1555 1482)
4(313 1554 1555 314)
4(242 315 1556 1483)
4(314 1555 1556 315)
4(243 316 1557 1484)
4(315 1556 1557 316)
4(244 317 1558 1485)
4(316 1557 1558 317)
4(245 318 1559 1486)
4(317 1558 1559 318)
4(246 319 1560 1487)
4(318 1559 1560 319)
4(247 320 1561 1488)
4(319 1560 1561 320)
4(248 321 1562 1489)
4(320 1561 1562 321)
4(249 322 1563 1490)
4(321 1562 1563 322)
4(250 323 1564 1491)
4(322 1563 1564 323)
4(251 324 1565 1492)
4(323 1564 1565 324)
4(252 325 1566 1493)
4(324 1565 1566 325)
4(253 326 1567 1494)
4(325 1566 1567 326)
4(254 327 1568 1495)
4(326 1567 1568 327)
4(255 328 1569 1496)
4(327 1568 1569 328)
4(256 329 1570 1497)
4(328 1569 1570 329)
4(257 330 1571 1498)
4(329 1570 1571 330)
4(258 331 1572 1499)
4(330 1571 1572 331)
4(259 332 1573 1500)
4(331 1572 1573 332)
4(260 333 1574 1501)
4(332 1573 1574 333)
4(261 334 1575 1502)
4(333 1574 1575 334)
4(262 335 1576 1503)
4(334 1575 1576 335)
4(263 336 1577 1504)
4(335 1576 1577 336)
4(264 337 1578 1505)
4(336 1577 1578 337)
4(265 338 1579 1506)
4(337 1578 1579 338)
4(266 339 1580 1507)
4(338 1579 1580 339)
4(267 340 1581 1508)
4(339 1580 1581 340)
4(268 341 1582 1509)
4(340 1581 1582 341)
4(269 342 1583 1510)
4(341 1582 1583 342)
4(270 343 1584 1511)
4(342 1583 1584 343)
4(271 344 1585 1512)
4(343 1584 1585 344)
4(272 345 1586 1513)
4(344 1585 1586 345)
4(273 346 1587 1514)
4(345 1586 1587 346)
4(274 347 1588 1515)
4(346 1587 1588 347)
4(275 348 1589 1516)
4(347 1588 1589 348)
4(276 349 1590 1517)
4(348 1589 1590 349)
4(277 350 1591 1518)
4(349 1590 1591 350)
4(278 351 1592 1519)
4(350 1591 1592 351)
4(279 352 1593 1520)
4(351 1592 1593 352)
4(280 353 1594 1521)
4(352 1593 1594 353)
4(281 354 1595 1522)
4(353 1594 1595 354)
4(282 355 1596 1523)
4(354 1595 1596 355)
4(283 356 1597 1524)
4(355 1596 1597 356)
4(284 357 1598 1525)
4(356 1597 1598 357)
4(285 358 1599 1526)
4(357 1598 1599 358)
4(286 359 1600 1527)
4(358 1599 1600 359)
4(287 360 1601 1528)
4(359 1600 1601 360)
4(288 361 1602 1529)
4(360 1601 1602 361)
4(289 362 1603 1530)
4(361 1602 1603 362)
4(290 363 1604 1531)
4(362 1603 1604 363)
4(363 1604 1605 364)
4(293 366 1607 1534)
4(365 1606 1607 366)
4(294 367 1608 1535)
4(366 1607 1608 367)
4(295 368 1609 1536)
4(367 1608 1609 368)
4(296 369 1610 1537)
4(368 1609 1610 369)
4(297 370 1611 1538)
4(369 1610 1611 370)
4(298 371 1612 1539)
4(370 1611 1612 371)
4(299 372 1613 1540)
4(371 1612 1613 372)
4(300 373 1614 1541)
4(372 1613 1614 373)
4(301 374 1615 1542)
4(373 1614 1615 374)
4(302 375 1616 1543)
4(374 1615 1616 375)
4(303 376 1617 1544)
4(375 1616 1617 376)
4(304 377 1618 1545)
4(376 1617 1618 377)
4(305 378 1619 1546)
4(377 1618 1619 378)
4(306 379 1620 1547)
4(378 1619 1620 379)
4(307 380 1621 1548)
4(379 1620 1621 380)
4(308 381 1622 1549)
4(380 1621 1622 381)
4(309 382 1623 1550)
4(381 1622 1623 382)
4(310 383 1624 1551)
4(382 1623 1624 383)
4(311 384 1625 1552)
4(383 1624 1625 384)
4(312 385 1626 1553)
4(384 1625 1626 385)
4(313 386 1627 1554)
4(385 1626 1627 386)
4(314 387 1628 1555)
4(386 1627 1628 387)
4(315 388 1629 1556)
4(387 1628 1629 388)
4(316 389 1630 1557)
4(388 1629 1630 389)
4(317 390 1631 1558)
4(389 1630 1631 390)
4(318 391 1632 1559)
4(390 1631 1632 391)
4(319 392 1633 1560)
4(391 1632 1633 392)
4(320 393 1634 1561)
4(392 1633 1634 393)
4(321 394 1635 1562)
4(393 1634 1635 394)
4(322 395 1636 1563)
4(394 1635 1636 395)
4(323 396 1637 1564)
4(395 1636 1637 396)
4(324 397 1638 1565)
4(396 1637 1638 397)
4(325 398 1639 1566)
4(397 1638 1639 398)
4(326 399 1640 1567)
4(398 1639 1640 399)
4(327 400 1641 1568)
4(399 1640 1641 400)
4(328 401 1642 1569)
4(400 1641 1642 401)
4(329 402 1643 1570)
4(401 1642 1643 402)
4(330 403 1644 1571)
4(402 1643 1644 403)
4(331 404 1645 1572)
4(403 1644 1645 404)
4(332 405 1646 1573)
4(404 1645 1646 405)
4(333 406 1647 1574)
4(405 1646 1647 406)
4(334 407 1648 1575)
4(406 1647 1648 407)
4(335 408 1649 1576)
4(407 1648 1649 408)
4(336 409 1650 1577)
4(408 1649 1650 409)
4(337 410 1651 1578)
4(409 1650 1651 410)
4(338 411 1652 1579)
4(410 1651 1652 411)
4(339 412 1653 1580)
4(411 1652 1653 412)
4(340 413 1654 1581)
4(412 1653 1654 413)
4(341 414 1655 1582)
4(413 1654 1655 414)
4(342 415 1656 1583)
4(414 1655 1656 415)
4(343 416 1657 1584)
4(415 1656 1657 416)
4(344 417 1658 1585)
4(416 1657 1658 417)
4(345 418 1659 1586)
4(417 1658 1659 418)
4(346 419 1660 1587)
4(418 1659 1660 419)
4(347 420 1661 1588)
4(419 1660 1661 420)
4(348 421 1662 1589)
4(420 1661 1662 421)
4(349 422 1663 1590)
4(421 1662 1663 422)
4(350 423 1664 1591)
4(422 1663 1664 423)
4(351 424 1665 1592)
4(423 1664 1665 424)
4(352 425 1666 1593)
4(424 1665 1666 425)
4(353 426 1667 1594)
4(425 1666 1667 426)
4(354 427 1668 1595)
4(426 1667 1668 427)
4(355 428 1669 1596)
4(427 1668 1669 428)
4(356 429 1670 1597)
4(428 1669 1670 429)
4(357 430 1671 1598)
4(429 1670 1671 430)
4(358 431 1672 1599)
4(430 1671 1672 431)
4(359 432 1673 1600)
4(431 1672 1673 432)
4(360 433 1674 1601)
4(432 1673 1674 433)
4(361 434 1675 1602)
4(433 1674 1675 434)
4(362 435 1676 1603)
4(434 1675 1676 435)
4(363 436 1677 1604)
4(435 1676 1677 436)
4(436 1677 1678 437)
4(366 439 1680 1607)
4(438 1679 1680 439)
4(367 440 1681 1608)
4(439 1680 1681 440)
4(368 441 1682 1609)
4(440 1681 1682 441)
4(369 442 1683 1610)
4(441 1682 1683 442)
4(370 443 1684 1611)
4(442 1683 1684 443)
4(371 444 1685 1612)
4(443 1684 1685 444)
4(372 445 1686 1613)
4(444 1685 1686 445)
4(373 446 1687 1614)
4(445 1686 1687 446)
4(374 447 1688 1615)
4(446 1687 1688 447)
4(375 448 1689 1616)
4(447 1688 1689 448)
4(376 449 1690 1617)
4(448 1689 1690 449)
4(377 450 1691 1618)
4(449 1690 1691 450)
4(378 451 1692 1619)
4(450 1691 1692 451)
4(379 452 1693 1620)
4(451 1692 1693 452)
4(380 453 1694 1621)
4(452 1693 1694 453)
4(381 454 1695 1622)
4(453 1694 1695 454)
4(382 455 1696 1623)
4(454 1695 1696 455)
4(383 456 1697 1624)
4(455 1696 1697 456)
4(384 457 1698 1625)
4(456 1697 1698 457)
4(385 458 1699 1626)
4(457 1698 1699 458)
4(386 459 1700 1627)
4(458 1699 1700 459)
4(387 460 1701 1628)
4(459 1700 1701 460)
4(388 461 1702 1629)
4(460 1701 1702 461)
4(389 462 1703 1630)
4(461 1702 1703 462)
4(390 463 1704 1631)
4(462 1703 1704 463)
4(391 464 1705 1632)
4(463 1704 1705 464)
4(392 465 1706 1633)
4(464 1705 1706 465)
4(393 466 1707 1634)
4(465 1706 1707 466)
4(394 467 1708 1635)
4(466 1707 1708 467)
4(395 468 1709 1636)
4(467 1708 1709 468)
4(396 469 1710 1637)
4(468 1709 1710 469)
4(397 470 1711 1638)
4(469 1710 1711 470)
4(398 471 1712 1639)
4(470 1711 1712 471)
4(399 472 1713 1640)
4(471 1712 1713 472)
4(400 473 1714 1641)
4(472 1713 1714 473)
4(401 474 1715 1642)
4(473 1714 1715 474)
4(402 475 1716 1643)
4(474 1715 1716 475)
4(403 476 1717 1644)
4(475 1716 1717 476)
4(404 477 1718 1645)
4(476 1717 1718 477)
4(405 478 1719 1646)
4(477 1718 1719 478)
4(406 479 1720 1647)
4(478 1719 1720 479)
4(407 480 1721 1648)
4(479 1720 1721 480)
4(408 481 1722 1649)
4(480 1721 1722 481)
4(409 482 1723 1650)
4(481 1722 1723 482)
4(410 483 1724 1651)
4(482 1723 1724 483)
4(411 484 1725 1652)
4(483 1724 1725 484)
4(412 485 1726 1653)
4(484 1725 1726 485)
4(413 486 1727 1654)
4(485 1726 1727 486)
4(414 487 1728 1655)
4(486 1727 1728 487)
4(415 488 1729 1656)
4(487 1728 1729 488)
4(416 489 1730 1657)
4(488 1729 1730 489)
4(417 490 1731 1658)
4(489 1730 1731 490)
4(418 491 1732 1659)
4(490 1731 1732 491)
4(419 492 1733 1660)
4(491 1732 1733 492)
4(420 493 1734 1661)
4(492 1733 1734 493)
4(421 494 1735 1662)
4(493 1734 1735 494)
4(422 495 1736 1663)
4(494 1735 1736 495)
4(423 496 1737 1664)
4(495 1736 1737 496)
4(424 497 1738 1665)
4(496 1737 1738 497)
4(425 498 1739 1666)
4(497 1738 1739 498)
4(426 499 1740 1667)
4(498 1739 1740 499)
4(427 500 1741 1668)
4(499 1740 1741 500)
4(428 501 1742 1669)
4(500 1741 1742 501)
4(429 502 1743 1670)
4(501 1742 1743 502)
4(430 503 1744 1671)
4(502 1743 1744 503)
4(431 504 1745 1672)
4(503 1744 1745 504)
4(432 505 1746 1673)
4(504 1745 1746 505)
4(433 506 1747 1674)
4(505 1746 1747 506)
4(434 507 1748 1675)
4(506 1747 1748 507)
4(435 508 1749 1676)
4(507 1748 1749 508)
4(436 509 1750 1677)
4(508 1749 1750 509)
4(509 1750 1751 510)
4(439 512 1753 1680)
4(511 1752 1753 512)
4(440 513 1754 1681)
4(512 1753 1754 513)
4(441 514 1755 1682)
4(513 1754 1755 514)
4(442 515 1756 1683)
4(514 1755 1756 515)
4(443 516 1757 1684)
4(515 1756 1757 516)
4(444 517 1758 1685)
4(516 1757 1758 517)
4(445 518 1759 1686)
4(517 1758 1759 518)
4(446 519 1760 1687)
4(518 1759 1760 519)
4(447 520 1761 1688)
4(519 1760 1761 520)
4(448 521 1762 1689)
4(520 1761 1762 521)
4(449 522 1763 1690)
4(521 1762 1763 522)
4(450 523 1764 1691)
4(522 1763 1764 523)
4(451 524 1765 1692)
4(523 1764 1765 524)
4(452 525 1766 1693)
4(524 1765 1766 525)
4(453 526 1767 1694)
4(525 1766 1767 526)
4(454 527 1768 1695)
4(526 1767 1768 527)
4(455 528 1769 1696)
4(527 1768 1769 528)
4(456 529 1770 1697)
4(528 1769 1770 529)
4(457 530 1771 1698)
4(529 1770 1771 530)
4(458 531 1772 1699)
4(530 1771 1772 531)
4(459 532 1773 1700)
4(531 1772 1773 532)
4(460 533 1774 1701)
4(532 1773 1774 533)
4(461 534 1775 1702)
4(533 1774 1775 534)
4(462 535 1776 1703)
4(534 1775 1776 535)
4(463 536 1777 1704)
4(535 1776 1777 536)
4(464 537 1778 1705)
4(536 1777 1778 537)
4(465 538 1779 1706)
4(537 1778 1779 538)
4(466 539 1780 1707)
4(538 1779 1780 539)
4(467 540 1781 1708)
4(539 1780 1781 540)
4(468 541 1782 1709)
4(540 1781 1782 541)
4(469 542 1783 1710)
4(541 1782 1783 542)
4(470 543 1784 1711)
4(542 1783 1784 543)
4(471 544 1785 1712)
4(543 1784 1785 544)
4(472 545 1786 1713)
4(544 1785 1786 545)
4(473 546 1787 1714)
4(545 1786 1787 546)
4(474 547 1788 1715)
4(546 1787 1788 547)
4(475 548 1789 1716)
4(547 1788 1789 548)
4(476 549 1790 1717)
4(548 1789 1790 549)
4(477 550 1791 1718)
4(549 1790 1791 550)
4(478 551 1792 1719)
4(550 1791 1792 551)
4(479 552 1793 1720)
4(551 1792 1793 552)
4(480 553 1794 1721)
4(552 1793 1794 553)
4(481 554 1795 1722)
4(553 1794 1795 554)
4(482 555 1796 1723)
4(554 1795 1796 555)
4(483 556 1797 1724)
4(555 1796 1797 556)
4(484 557 1798 1725)
4(556 1797 1798 557)
4(485 558 1799 1726)
4(557 1798 1799 558)
4(486 559 1800 1727)
4(558 1799 1800 559)
4(487 560 1801 1728)
4(559 1800 1801 560)
4(488 561 1802 1729)
4(560 1801 1802 561)
4(489 562 1803 1730)
4(561 1802 1803 562)
4(490 563 1804 1731)
4(562 1803 1804 563)
4(491 564 1805 1732)
4(563 1804 1805 564)
4(492 565 1806 1733)
4(564 1805 1806 565)
4(493 566 1807 1734)
4(565 1806 1807 566)
4(494 567 1808 1735)
4(566 1807 1808 567)
4(495 568 1809 1736)
4(567 1808 1809 568)
4(496 569 1810 1737)
4(568 1809 1810 569)
4(497 570 1811 1738)
4(569 1810 1811 570)
4(498 571 1812 1739)
4(570 1811 1812 571)
4(499 572 1813 1740)
4(571 1812 1813 572)
4(500 573 1814 1741)
4(572 1813 1814 573)
4(501 574 1815 1742)
4(573 1814 1815 574)
4(502 575 1816 1743)
4(574 1815 1816 575)
4(503 576 1817 1744)
4(575 1816 1817 576)
4(504 577 1818 1745)
4(576 1817 1818 577)
4(505 578 1819 1746)
4(577 1818 1819 578)
4(506 579 1820 1747)
4(578 1819 1820 579)
4(507 580 1821 1748)
4(579 1820 1821 580)
4(508 581 1822 1749)
4(580 1821 1822 581)
4(509 582 1823 1750)
4(581 1822 1823 582)
4(582 1823 1824 583)
4(512 585 1826 1753)
4(584 1825 1826 585)
4(513 586 1827 1754)
4(585 1826 1827 586)
4(514 587 1828 1755)
4(586 1827 1828 587)
4(515 588 1829 1756)
4(587 1828 1829 588)
4(516 589 1830 1757)
4(588 1829 1830 589)
4(517 590 1831 1758)
4(589 1830 1831 590)
4(518 591 1832 1759)
4(590 1831 1832 591)
4(519 592 1833 1760)
4(591 1832 1833 592)
4(520 593 1834 1761)
4(592 1833 1834 593)
4(521 594 1835 1762)
4(593 1834 1835 594)
4(522 595 1836 1763)
4(594 1835 1836 595)
4(523 596 1837 1764)
4(595 1836 1837 596)
4(524 597 1838 1765)
4(596 1837 1838 597)
4(525 598 1839 1766)
4(597 1838 1839 598)
4(526 599 1840 1767)
4(598 1839 1840 599)
4(527 600 1841 1768)
4(599 1840 1841 600)
4(528 601 1842 1769)
4(600 1841 1842 601)
4(529 602 1843 1770)
4(601 1842 1843 602)
4(530 603 1844 1771)
4(602 1843 1844 603)
4(531 604 1845 1772)
4(603 1844 1845 604)
4(532 605 1846 1773)
4(604 1845 1846 605)
4(533 606 1847 1774)
4(605 1846 1847 606)
4(534 607 1848 1775)
4(606 1847 1848 607)
4(535 608 1849 1776)
4(607 1848 1849 608)
4(536 609 1850 1777)
4(608 1849 1850 609)
4(537 610 1851 1778)
4(609 1850 1851 610)
4(538 611 1852 1779)
4(610 1851 1852 611)
4(539 612 1853 1780)
4(611 1852 1853 612)
4(540 613 1854 1781)
4(612 1853 1854 613)
4(541 614 1855 1782)
4(613 1854 1855 614)
4(542 615 1856 1783)
4(614 1855 1856 615)
4(543 616 1857 1784)
4(615 1856 1857 616)
4(544 617 1858 1785)
4(616 1857 1858 617)
4(545 618 1859 1786)
4(617 1858 1859 618)
4(546 619 1860 1787)
4(618 1859 1860 619)
4(547 620 1861 1788)
4(619 1860 1861 620)
4(548 621 1862 1789)
4(620 1861 1862 621)
4(549 622 1863 1790)
4(621 1862 1863 622)
4(550 623 1864 1791)
4(622 1863 1864 623)
4(551 624 1865 1792)
4(623 1864 1865 624)
4(552 625 1866 1793)
4(624 1865 1866 625)
4(553 626 1867 1794)
4(625 1866 1867 626)
4(554 627 1868 1795)
4(626 1867 1868 627)
4(555 628 1869 1796)
4(627 1868 1869 628)
4(556 629 1870 1797)
4(628 1869 1870 629)
4(557 630 1871 1798)
4(629 1870 1871 630)
4(558 631 1872 1799)
4(630 1871 1872 631)
4(559 632 1873 1800)
4(631 1872 1873 632)
4(560 633 1874 1801)
4(632 1873 1874 633)
4(561 634 1875 1802)
4(633 1874 1875 634)
4(562 635 1876 1803)
4(634 1875 1876 635)
4(563 636 1877 1804)
4(635 1876 1877 636)
4(564 637 1878 1805)
4(636 1877 1878 637)
4(565 638 1879 1806)
4(637 1878 1879 638)
4(566 639 1880 1807)
4(638 1879 1880 639)
4(567 640 1881 1808)
4(639 1880 1881 640)
4(568 641 1882 1809)
4(640 1881 1882 641)
4(569 642 1883 1810)
4(641 1882 1883 642)
4(570 643 1884 1811)
4(642 1883 1884 643)
4(571 644 1885 1812)
4(643 1884 1885 644)
4(572 645 1886 1813)
4(644 1885 1886 645)
4(573 646 1887 1814)
4(645 1886 1887 646)
4(574 647 1888 1815)
4(646 1887 1888 647)
4(575 648 1889 1816)
4(647 1888 1889 648)
4(576 649 1890 1817)
4(648 1889 1890 649)
4(577 650 1891 1818)
4(649 1890 1891 650)
4(578 651 1892 1819)
4(650 1891 1892 651)
4(579 652 1893 1820)
4(651 1892 1893 652)
4(580 653 1894 1821)
4(652 1893 1894 653)
4(581 654 1895 1822)
4(653 1894 1895 654)
4(582 655 1896 1823)
4(654 1895 1896 655)
4(655 1896 1897 656)
4(585 658 1899 1826)
4(657 1898 1899 658)
4(586 659 1900 1827)
4(658 1899 1900 659)
4(587 660 1901 1828)
4(659 1900 1901 660)
4(588 661 1902 1829)
4(660 1901 1902 661)
4(589 662 1903 1830)
4(661 1902 1903 662)
4(590 663 1904 1831)
4(662 1903 1904 663)
4(591 664 1905 1832)
4(663 1904 1905 664)
4(592 665 1906 1833)
4(664 1905 1906 665)
4(593 666 1907 1834)
4(665 1906 1907 666)
4(594 667 1908 1835)
4(666 1907 1908 667)
4(595 668 1909 1836)
4(667 1908 1909 668)
4(596 669 1910 1837)
4(668 1909 1910 669)
4(597 670 1911 1838)
4(669 1910 1911 670)
4(598 671 1912 1839)
4(670 1911 1912 671)
4(599 672 1913 1840)
4(671 1912 1913 672)
4(600 673 1914 1841)
4(672 1913 1914 673)
4(601 674 1915 1842)
4(673 1914 1915 674)
4(602 675 1916 1843)
4(674 1915 1916 675)
4(603 676 1917 1844)
4(675 1916 1917 676)
4(604 677 1918 1845)
4(676 1917 1918 677)
4(605 678 1919 1846)
4(677 1918 1919 678)
4(606 679 1920 1847)
4(678 1919 1920 679)
4(607 680 1921 1848)
4(679 1920 1921 680)
4(608 681 1922 1849)
4(680 1921 1922 681)
4(609 682 1923 1850)
4(681 1922 1923 682)
4(610 683 1924 1851)
4(682 1923 1924 683)
4(611 684 1925 1852)
4(683 1924 1925 684)
4(612 685 1926 1853)
4(684 1925 1926 685)
4(613 686 1927 1854)
4(685 1926 1927 686)
4(614 687 1928 1855)
4(686 1927 1928 687)
4(615 688 1929 1856)
4(687 1928 1929 688)
4(616 689 1930 1857)
4(688 1929 1930 689)
4(617 690 1931 1858)
4(689 1930 1931 690)
4(618 691 1932 1859)
4(690 1931 1932 691)
4(619 692 1933 1860)
4(691 1932 1933 692)
4(620 693 1934 1861)
4(692 1933 1934 693)
4(621 694 1935 1862)
4(693 1934 1935 694)
4(622 695 1936 1863)
4(694 1935 1936 695)
4(623 696 1937 1864)
4(695 1936 1937 696)
4(624 697 1938 1865)
4(696 1937 1938 697)
4(625 698 1939 1866)
4(697 1938 1939 698)
4(626 699 1940 1867)
4(698 1939 1940 699)
4(627 700 1941 1868)
4(699 1940 1941 700)
4(628 701 1942 1869)
4(700 1941 1942 701)
4(629 702 1943 1870)
4(701 1942 1943 702)
4(630 703 1944 1871)
4(702 1943 1944 703)
4(631 704 1945 1872)
4(703 1944 1945 704)
4(632 705 1946 1873)
4(704 1945 1946 705)
4(633 706 1947 1874)
4(705 1946 1947 706)
4(634 707 1948 1875)
4(706 1947 1948 707)
4(635 708 1949 1876)
4(707 1948 1949 708)
4(636 709 1950 1877)
4(708 1949 1950 709)
4(637 710 1951 1878)
4(709 1950 1951 710)
4(638 711 1952 1879)
4(710 1951 1952 711)
4(639 712 1953 1880)
4(711 1952 1953 712)
4(640 713 1954 1881)
4(712 1953 1954 713)
4(641 714 1955 1882)
4(713 1954 1955 714)
4(642 715 1956 1883)
4(714 1955 1956 715)
4(643 716 1957 1884)
4(715 1956 1957 716)
4(644 717 1958 1885)
4(716 1957 1958 717)
4(645 718 1959 1886)
4(717 1958 1959 718)
4(646 719 1960 1887)
4(718 1959 1960 719)
4(647 720 1961 1888)
4(719 1960 1961 720)
4(648 721 1962 1889)
4(720 1961 1962 721)
4(649 722 1963 1890)
4(721 1962 1963 722)
4(650 723 1964 1891)
4(722 1963 1964 723)
4(651 724 1965 1892)
4(723 1964 1965 724)
4(652 725 1966 1893)
4(724 1965 1966 725)
4(653 726 1967 1894)
4(725 1966 1967 726)
4(654 727 1968 1895)
4(726 1967 1968 727)
4(655 728 1969 1896)
4(727 1968 1969 728)
4(728 1969 1970 729)
4(658 731 1972 1899)
4(730 1971 1972 731)
4(659 732 1973 1900)
4(731 1972 1973 732)
4(660 733 1974 1901)
4(732 1973 1974 733)
4(661 734 1975 1902)
4(733 1974 1975 734)
4(662 735 1976 1903)
4(734 1975 1976 735)
4(663 736 1977 1904)
4(735 1976 1977 736)
4(664 737 1978 1905)
4(736 1977 1978 737)
4(665 738 1979 1906)
4(737 1978 1979 738)
4(666 739 1980 1907)
4(738 1979 1980 739)
4(667 740 1981 1908)
4(739 1980 1981 740)
4(668 741 1982 1909)
4(740 1981 1982 741)
4(669 742 1983 1910)
4(741 1982 1983 742)
4(670 743 1984 1911)
4(742 1983 1984 743)
4(671 744 1985 1912)
4(743 1984 1985 744)
4(672 745 1986 1913)
4(744 1985 1986 745)
4(673 746 1987 1914)
4(745 1986 1987 746)
4(674 747 1988 1915)
4(746 1987 1988 747)
4(675 748 1989 1916)
4(747 1988 1989 748)
4(676 749 1990 1917)
4(748 1989 1990 749)
4(677 750 1991 1918)
4(749 1990 1991 750)
4(678 751 1992 1919)
4(750 1991 1992 751)
4(679 752 1993 1920)
4(751 1992 1993 752)
4(680 753 1994 1921)
4(752 1993 1994 753)
4(681 754 1995 1922)
4(753 1994 1995 754)
4(682 755 1996 1923)
4(754 1995 1996 755)
4(683 756 1997 1924)
4(755 1996 1997 756)
4(684 757 1998 1925)
4(756 1997 1998 757)
4(685 758 1999 1926)
4(757 1998 1999 758)
4(686 759 2000 1927)
4(758 1999 2000 759)
4(687 760 2001 1928)
4(759 2000 2001 760)
4(688 761 2002 1929)
4(760 2001 2002 761)
4(689 762 2003 1930)
4(761 2002 2003 762)
4(690 763 2004 1931)
4(762 2003 2004 763)
4(691 764 2005 1932)
4(763 2004 2005 764)
4(692 765 2006 1933)
4(764 2005 2006 765)
4(693 766 2007 1934)
4(765 2006 2007 766)
4(694 767 2008 1935)
4(766 2007 2008 767)
4(695 768 2009 1936)
4(767 2008 2009 768)
4(696 769 2010 1937)
4(768 2009 2010 769)
4(697 770 2011 1938)
4(769 2010 2011 770)
4(698 771 2012 1939)
4(770 2011 2012 771)
4(699 772 2013 1940)
4(771 2012 2013 772)
4(700 773 2014 1941)
4(772 2013 2014 773)
4(701 774 2015 1942)
4(773 2014 2015 774)
4(702 775 2016 1943)
4(774 2015 2016 775)
4(703 776 2017 1944)
4(775 2016 2017 776)
4(704 777 2018 1945)
4(776 2017 2018 777)
4(705 778 2019 1946)
4(777 2018 2019 778)
4(706 779 2020 1947)
4(778 2019 2020 779)
4(707 780 2021 1948)
4(779 2020 2021 780)
4(708 781 2022 1949)
4(780 2021 2022 781)
4(709 782 2023 1950)
4(781 2022 2023 782)
4(710 783 2024 1951)
4(782 2023 2024 783)
4(711 784 2025 1952)
4(783 2024 2025 784)
4(712 785 2026 1953)
4(784 2025 2026 785)
4(713 786 2027 1954)
4(785 2026 2027 786)
4(714 787 2028 1955)
4(786 2027 2028 787)
4(715 788 2029 1956)
4(787 2028 2029 788)
4(716 789 2030 1957)
4(788 2029 2030 789)
4(717 790 2031 1958)
4(789 2030 2031 790)
4(718 791 2032 1959)
4(790 2031 2032 791)
4(719 792 2033 1960)
4(791 2032 2033 792)
4(720 793 2034 1961)
4(792 2033 2034 793)
4(721 794 2035 1962)
4(793 2034 2035 794)
4(722 795 2036 1963)
4(794 2035 2036 795)
4(723 796 2037 1964)
4(795 2036 2037 796)
4(724 797 2038 1965)
4(796 2037 2038 797)
4(725 798 2039 1966)
4(797 2038 2039 798)
4(726 799 2040 1967)
4(798 2039 2040 799)
4(727 800 2041 1968)
4(799 2040 2041 800)
4(728 801 2042 1969)
4(800 2041 2042 801)
4(801 2042 2043 802)
4(731 804 2045 1972)
4(803 2044 2045 804)
4(732 805 2046 1973)
4(804 2045 2046 805)
4(733 806 2047 1974)
4(805 2046 2047 806)
4(734 807 2048 1975)
4(806 2047 2048 807)
4(735 808 2049 1976)
4(807 2048 2049 808)
4(736 809 2050 1977)
4(808 2049 2050 809)
4(737 810 2051 1978)
4(809 2050 2051 810)
4(738 811 2052 1979)
4(810 2051 2052 811)
4(739 812 2053 1980)
4(811 2052 2053 812)
4(740 813 2054 1981)
4(812 2053 2054 813)
4(741 814 2055 1982)
4(813 2054 2055 814)
4(742 815 2056 1983)
4(814 2055 2056 815)
4(743 816 2057 1984)
4(815 2056 2057 816)
4(744 817 2058 1985)
4(816 2057 2058 817)
4(745 818 2059 1986)
4(817 2058 2059 818)
4(746 819 2060 1987)
4(818 2059 2060 819)
4(747 820 2061 1988)
4(819 2060 2061 820)
4(748 821 2062 1989)
4(820 2061 2062 821)
4(749 822 2063 1990)
4(821 2062 2063 822)
4(750 823 2064 1991)
4(822 2063 2064 823)
4(751 824 2065 1992)
4(823 2064 2065 824)
4(752 825 2066 1993)
4(824 2065 2066 825)
4(753 826 2067 1994)
4(825 2066 2067 826)
4(754 827 2068 1995)
4(826 2067 2068 827)
4(755 828 2069 1996)
4(827 2068 2069 828)
4(756 829 2070 1997)
4(828 2069 2070 829)
4(757 830 2071 1998)
4(829 2070 2071 830)
4(758 831 2072 1999)
4(830 2071 2072 831)
4(759 832 2073 2000)
4(831 2072 2073 832)
4(760 833 2074 2001)
4(832 2073 2074 833)
4(761 834 2075 2002)
4(833 2074 2075 834)
4(762 835 2076 2003)
4(834 2075 2076 835)
4(763 836 2077 2004)
4(835 2076 2077 836)
4(764 837 2078 2005)
4(836 2077 2078 837)
4(765 838 2079 2006)
4(837 2078 2079 838)
4(766 839 2080 2007)
4(838 2079 2080 839)
4(767 840 2081 2008)
4(839 2080 2081 840)
4(768 841 2082 2009)
4(840 2081 2082 841)
4(769 842 2083 2010)
4(841 2082 2083 842)
4(770 843 2084 2011)
4(842 2083 2084 843)
4(771 844 2085 2012)
4(843 2084 2085 844)
4(772 845 2086 2013)
4(844 2085 2086 845)
4(773 846 2087 2014)
4(845 2086 2087 846)
4(774 847 2088 2015)
4(846 2087 2088 847)
4(775 848 2089 2016)
4(847 2088 2089 848)
4(776 849 2090 2017)
4(848 2089 2090 849)
4(777 850 2091 2018)
4(849 2090 2091 850)
4(778 851 2092 2019)
4(850 2091 2092 851)
4(779 852 2093 2020)
4(851 2092 2093 852)
4(780 853 2094 2021)
4(852 2093 2094 853)
4(781 854 2095 2022)
4(853 2094 2095 854)
4(782 855 2096 2023)
4(854 2095 2096 855)
4(783 856 2097 2024)
4(855 2096 2097 856)
4(784 857 2098 2025)
4(856 2097 2098 857)
4(785 858 2099 2026)
4(857 2098 2099 858)
4(786 859 2100 2027)
4(858 2099 2100 859)
4(787 860 2101 2028)
4(859 2100 2101 860)
4(788 861 2102 2029)
4(860 2101 2102 861)
4(789 862 2103 2030)
4(861 2102 2103 862)
4(790 863 2104 2031)
4(862 2103 2104 863)
4(791 864 2105 2032)
4(863 2104 2105 864)
4(792 865 2106 2033)
4(864 2105 2106 865)
4(793 866 2107 2034)
4(865 2106 2107 866)
4(794 867 2108 2035)
4(866 2107 2108 867)
4(795 868 2109 2036)
4(867 2108 2109 868)
4(796 869 2110 2037)
4(868 2109 2110 869)
4(797 870 2111 2038)
4(869 2110 2111 870)
4(798 871 2112 2039)
4(870 2111 2112 871)
4(799 872 2113 2040)
4(871 2112 2113 872)
4(800 873 2114 2041)
4(872 2113 2114 873)
4(801 874 2115 2042)
4(873 2114 2115 874)
4(874 2115 2116 875)
4(804 877 2118 2045)
4(876 2117 2118 877)
4(805 878 2119 2046)
4(877 2118 2119 878)
4(806 879 2120 2047)
4(878 2119 2120 879)
4(807 880 2121 2048)
4(879 2120 2121 880)
4(808 881 2122 2049)
4(880 2121 2122 881)
4(809 882 2123 2050)
4(881 2122 2123 882)
4(810 883 2124 2051)
4(882 2123 2124 883)
4(811 884 2125 2052)
4(883 2124 2125 884)
4(812 885 2126 2053)
4(884 2125 2126 885)
4(813 886 2127 2054)
4(885 2126 2127 886)
4(814 887 2128 2055)
4(886 2127 2128 887)
4(815 888 2129 2056)
4(887 2128 2129 888)
4(816 889 2130 2057)
4(888 2129 2130 889)
4(817 890 2131 2058)
4(889 2130 2131 890)
4(818 891 2132 2059)
4(890 2131 2132 891)
4(819 892 2133 2060)
4(891 2132 2133 892)
4(820 893 2134 2061)
4(892 2133 2134 893)
4(821 894 2135 2062)
4(893 2134 2135 894)
4(822 895 2136 2063)
4(894 2135 2136 895)
4(823 896 2137 2064)
4(895 2136 2137 896)
4(824 897 2138 2065)
4(896 2137 2138 897)
4(825 898 2139 2066)
4(897 2138 2139 898)
4(826 899 2140 2067)
4(898 2139 2140 899)
4(827 900 2141 2068)
4(899 2140 2141 900)
4(828 901 2142 2069)
4(900 2141 2142 901)
4(829 902 2143 2070)
4(901 2142 2143 902)
4(830 903 2144 2071)
4(902 2143 2144 903)
4(831 904 2145 2072)
4(903 2144 2145 904)
4(832 905 2146 2073)
4(904 2145 2146 905)
4(833 906 2147 2074)
4(905 2146 2147 906)
4(834 907 2148 2075)
4(906 2147 2148 907)
4(835 908 2149 2076)
4(907 2148 2149 908)
4(836 909 2150 2077)
4(908 2149 2150 909)
4(837 910 2151 2078)
4(909 2150 2151 910)
4(838 911 2152 2079)
4(910 2151 2152 911)
4(839 912 2153 2080)
4(911 2152 2153 912)
4(840 913 2154 2081)
4(912 2153 2154 913)
4(841 914 2155 2082)
4(913 2154 2155 914)
4(842 915 2156 2083)
4(914 2155 2156 915)
4(843 916 2157 2084)
4(915 2156 2157 916)
4(844 917 2158 2085)
4(916 2157 2158 917)
4(845 918 2159 2086)
4(917 2158 2159 918)
4(846 919 2160 2087)
4(918 2159 2160 919)
4(847 920 2161 2088)
4(919 2160 2161 920)
4(848 921 2162 2089)
4(920 2161 2162 921)
4(849 922 2163 2090)
4(921 2162 2163 922)
4(850 923 2164 2091)
4(922 2163 2164 923)
4(851 924 2165 2092)
4(923 2164 2165 924)
4(852 925 2166 2093)
4(924 2165 2166 925)
4(853 926 2167 2094)
4(925 2166 2167 926)
4(854 927 2168 2095)
4(926 2167 2168 927)
4(855 928 2169 2096)
4(927 2168 2169 928)
4(856 929 2170 2097)
4(928 2169 2170 929)
4(857 930 2171 2098)
4(929 2170 2171 930)
4(858 931 2172 2099)
4(930 2171 2172 931)
4(859 932 2173 2100)
4(931 2172 2173 932)
4(860 933 2174 2101)
4(932 2173 2174 933)
4(861 934 2175 2102)
4(933 2174 2175 934)
4(862 935 2176 2103)
4(934 2175 2176 935)
4(863 936 2177 2104)
4(935 2176 2177 936)
4(864 937 2178 2105)
4(936 2177 2178 937)
4(865 938 2179 2106)
4(937 2178 2179 938)
4(866 939 2180 2107)
4(938 2179 2180 939)
4(867 940 2181 2108)
4(939 2180 2181 940)
4(868 941 2182 2109)
4(940 2181 2182 941)
4(869 942 2183 2110)
4(941 2182 2183 942)
4(870 943 2184 2111)
4(942 2183 2184 943)
4(871 944 2185 2112)
4(943 2184 2185 944)
4(872 945 2186 2113)
4(944 2185 2186 945)
4(873 946 2187 2114)
4(945 2186 2187 946)
4(874 947 2188 2115)
4(946 2187 2188 947)
4(947 2188 2189 948)
4(877 950 2191 2118)
4(949 2190 2191 950)
4(878 951 2192 2119)
4(950 2191 2192 951)
4(879 952 2193 2120)
4(951 2192 2193 952)
4(880 953 2194 2121)
4(952 2193 2194 953)
4(881 954 2195 2122)
4(953 2194 2195 954)
4(882 955 2196 2123)
4(954 2195 2196 955)
4(883 956 2197 2124)
4(955 2196 2197 956)
4(884 957 2198 2125)
4(956 2197 2198 957)
4(885 958 2199 2126)
4(957 2198 2199 958)
4(886 959 2200 2127)
4(958 2199 2200 959)
4(887 960 2201 2128)
4(959 2200 2201 960)
4(888 961 2202 2129)
4(960 2201 2202 961)
4(889 962 2203 2130)
4(961 2202 2203 962)
4(890 963 2204 2131)
4(962 2203 2204 963)
4(891 964 2205 2132)
4(963 2204 2205 964)
4(892 965 2206 2133)
4(964 2205 2206 965)
4(893 966 2207 2134)
4(965 2206 2207 966)
4(894 967 2208 2135)
4(966 2207 2208 967)
4(895 968 2209 2136)
4(967 2208 2209 968)
4(896 969 2210 2137)
4(968 2209 2210 969)
4(897 970 2211 2138)
4(969 2210 2211 970)
4(898 971 2212 2139)
4(970 2211 2212 971)
4(899 972 2213 2140)
4(971 2212 2213 972)
4(900 973 2214 2141)
4(972 2213 2214 973)
4(901 974 2215 2142)
4(973 2214 2215 974)
4(902 975 2216 2143)
4(974 2215 2216 975)
4(903 976 2217 2144)
4(975 2216 2217 976)
4(904 977 2218 2145)
4(976 2217 2218 977)
4(905 978 2219 2146)
4(977 2218 2219 978)
4(906 979 2220 2147)
4(978 2219 2220 979)
4(907 980 2221 2148)
4(979 2220 2221 980)
4(908 981 2222 2149)
4(980 2221 2222 981)
4(909 982 2223 2150)
4(981 2222 2223 982)
4(910 983 2224 2151)
4(982 2223 2224 983)
4(911 984 2225 2152)
4(983 2224 2225 984)
4(912 985 2226 2153)
4(984 2225 2226 985)
4(913 986 2227 2154)
4(985 2226 2227 986)
4(914 987 2228 2155)
4(986 2227 2228 987)
4(915 988 2229 2156)
4(987 2228 2229 988)
4(916 989 2230 2157)
4(988 2229 2230 989)
4(917 990 2231 2158)
4(989 2230 2231 990)
4(918 991 2232 2159)
4(990 2231 2232 991)
4(919 992 2233 2160)
4(991 2232 2233 992)
4(920 993 2234 2161)
4(992 2233 2234 993)
4(921 994 2235 2162)
4(993 2234 2235 994)
4(922 995 2236 2163)
4(994 2235 2236 995)
4(923 996 2237 2164)
4(995 2236 2237 996)
4(924 997 2238 2165)
4(996 2237 2238 997)
4(925 998 2239 2166)
4(997 2238 2239 998)
4(926 999 2240 2167)
4(998 2239 2240 999)
4(927 1000 2241 2168)
4(999 2240 2241 1000)
4(928 1001 2242 2169)
4(1000 2241 2242 1001)
4(929 1002 2243 2170)
4(1001 2242 2243 1002)
4(930 1003 2244 2171)
4(1002 2243 2244 1003)
4(931 1004 2245 2172)
4(1003 2244 2245 1004)
4(932 1005 2246 2173)
4(1004 2245 2246 1005)
4(933 1006 2247 2174)
4(1005 2246 2247 1006)
4(934 1007 2248 2175)
4(1006 2247 2248 1007)
4(935 1008 2249 2176)
4(1007 2248 2249 1008)
4(936 1009 2250 2177)
4(1008 2249 2250 1009)
4(937 1010 2251 2178)
4(1009 2250 2251 1010)
4(938 1011 2252 2179)
4(1010 2251 2252 1011)
4(939 1012 2253 2180)
4(1011 2252 2253 1012)
4(940 1013 2254 2181)
4(1012 2253 2254 1013)
4(941 1014 2255 2182)
4(1013 2254 2255 1014)
4(942 1015 2256 2183)
4(1014 2255 2256 1015)
4(943 1016 2257 2184)
4(1015 2256 2257 1016)
4(944 1017 2258 2185)
4(1016 2257 2258 1017)
4(945 1018 2259 2186)
4(1017 2258 2259 1018)
4(946 1019 2260 2187)
4(1018 2259 2260 1019)
4(947 1020 2261 2188)
4(1019 2260 2261 1020)
4(1020 2261 2262 1021)
4(950 1023 2264 2191)
4(1022 2263 2264 1023)
4(951 1024 2265 2192)
4(1023 2264 2265 1024)
4(952 1025 2266 2193)
4(1024 2265 2266 1025)
4(953 1026 2267 2194)
4(1025 2266 2267 1026)
4(954 1027 2268 2195)
4(1026 2267 2268 1027)
4(955 1028 2269 2196)
4(1027 2268 2269 1028)
4(956 1029 2270 2197)
4(1028 2269 2270 1029)
4(957 1030 2271 2198)
4(1029 2270 2271 1030)
4(958 1031 2272 2199)
4(1030 2271 2272 1031)
4(959 1032 2273 2200)
4(1031 2272 2273 1032)
4(960 1033 2274 2201)
4(1032 2273 2274 1033)
4(961 1034 2275 2202)
4(1033 2274 2275 1034)
4(962 1035 2276 2203)
4(1034 2275 2276 1035)
4(963 1036 2277 2204)
4(1035 2276 2277 1036)
4(964 1037 2278 2205)
4(1036 2277 2278 1037)
4(965 1038 2279 2206)
4(1037 2278 2279 1038)
4(966 1039 2280 2207)
4(1038 2279 2280 1039)
4(967 1040 2281 2208)
4(1039 2280 2281 1040)
4(968 1041 2282 2209)
4(1040 2281 2282 1041)
4(969 1042 2283 2210)
4(1041 2282 2283 1042)
4(970 1043 2284 2211)
4(1042 2283 2284 1043)
4(971 1044 2285 2212)
4(1043 2284 2285 1044)
4(972 1045 2286 2213)
4(1044 2285 2286 1045)
4(973 1046 2287 2214)
4(1045 2286 2287 1046)
4(974 1047 2288 2215)
4(1046 2287 2288 1047)
4(975 1048 2289 2216)
4(1047 2288 2289 1048)
4(976 1049 2290 2217)
4(1048 2289 2290 1049)
4(977 1050 2291 2218)
4(1049 2290 2291 1050)
4(978 1051 2292 2219)
4(1050 2291 2292 1051)
4(979 1052 2293 2220)
4(1051 2292 2293 1052)
4(980 1053 2294 2221)
4(1052 2293 2294 1053)
4(981 1054 2295 2222)
4(1053 2294 2295 1054)
4(982 1055 2296 2223)
4(1054 2295 2296 1055)
4(983 1056 2297 2224)
4(1055 2296 2297 1056)
4(984 1057 2298 2225)
4(1056 2297 2298 1057)
4(985 1058 2299 2226)
4(1057 2298 2299 1058)
4(986 1059 2300 2227)
4(1058 2299 2300 1059)
4(987 1060 2301 2228)
4(1059 2300 2301 1060)
4(988 1061 2302 2229)
4(1060 2301 2302 1061)
4(989 1062 2303 2230)
4(1061 2302 2303 1062)
4(990 1063 2304 2231)
4(1062 2303 2304 1063)
4(991 1064 2305 2232)
4(1063 2304 2305 1064)
4(992 1065 2306 2233)
4(1064 2305 2306 1065)
4(993 1066 2307 2234)
4(1065 2306 2307 1066)
4(994 1067 2308 2235)
4(1066 2307 2308 1067)
4(995 1068 2309 2236)
4(1067 2308 2309 1068)
4(996 1069 2310 2237)
4(1068 2309 2310 1069)
4(997 1070 2311 2238)
4(1069 2310 2311 1070)
4(998 1071 2312 2239)
4(1070 2311 2312 1071)
4(999 1072 2313 2240)
4(1071 2312 2313 1072)
4(1000 1073 2314 2241)
4(1072 2313 2314 1073)
4(1001 1074 2315 2242)
4(1073 2314 2315 1074)
4(1002 1075 2316 2243)
4(1074 2315 2316 1075)
4(1003 1076 2317 2244)
4(1075 2316 2317 1076)
4(1004 1077 2318 2245)
4(1076 2317 2318 1077)
4(1005 1078 2319 2246)
4(1077 2318 2319 1078)
4(1006 1079 2320 2247)
4(1078 2319 2320 1079)
4(1007 1080 2321 2248)
4(1079 2320 2321 1080)
4(1008 1081 2322 2249)
4(1080 2321 2322 1081)
4(1009 1082 2323 2250)
4(1081 2322 2323 1082)
4(1010 1083 2324 2251)
4(1082 2323 2324 1083)
4(1011 1084 2325 2252)
4(1083 2324 2325 1084)
4(1012 1085 2326 2253)
4(1084 2325 2326 1085)
4(1013 1086 2327 2254)
4(1085 2326 2327 1086)
4(1014 1087 2328 2255)
4(1086 2327 2328 1087)
4(1015 1088 2329 2256)
4(1087 2328 2329 1088)
4(1016 1089 2330 2257)
4(1088 2329 2330 1089)
4(1017 1090 2331 2258)
4(1089 2330 2331 1090)
4(1018 1091 2332 2259)
4(1090 2331 2332 1091)
4(1019 1092 2333 2260)
4(1091 2332 2333 1092)
4(1020 1093 2334 2261)
4(1092 2333 2334 1093)
4(1093 2334 2335 1094)
4(1023 1096 2337 2264)
4(1095 2336 2337 1096)
4(1024 1097 2338 2265)
4(1096 2337 2338 1097)
4(1025 1098 2339 2266)
4(1097 2338 2339 1098)
4(1026 1099 2340 2267)
4(1098 2339 2340 1099)
4(1027 1100 2341 2268)
4(1099 2340 2341 1100)
4(1028 1101 2342 2269)
4(1100 2341 2342 1101)
4(1029 1102 2343 2270)
4(1101 2342 2343 1102)
4(1030 1103 2344 2271)
4(1102 2343 2344 1103)
4(1031 1104 2345 2272)
4(1103 2344 2345 1104)
4(1032 1105 2346 2273)
4(1104 2345 2346 1105)
4(1033 1106 2347 2274)
4(1105 2346 2347 1106)
4(1034 1107 2348 2275)
4(1106 2347 2348 1107)
4(1035 1108 2349 2276)
4(1107 2348 2349 1108)
4(1036 1109 2350 2277)
4(1108 2349 2350 1109)
4(1037 1110 2351 2278)
4(1109 2350 2351 1110)
4(1038 1111 2352 2279)
4(1110 2351 2352 1111)
4(1039 1112 2353 2280)
4(1111 2352 2353 1112)
4(1040 1113 2354 2281)
4(1112 2353 2354 1113)
4(1041 1114 2355 2282)
4(1113 2354 2355 1114)
4(1042 1115 2356 2283)
4(1114 2355 2356 1115)
4(1043 1116 2357 2284)
4(1115 2356 2357 1116)
4(1044 1117 2358 2285)
4(1116 2357 2358 1117)
4(1045 1118 2359 2286)
4(1117 2358 2359 1118)
4(1046 1119 2360 2287)
4(1118 2359 2360 1119)
4(1047 1120 2361 2288)
4(1119 2360 2361 1120)
4(1048 1121 2362 2289)
4(1120 2361 2362 1121)
4(1049 1122 2363 2290)
4(1121 2362 2363 1122)
4(1050 1123 2364 2291)
4(1122 2363 2364 1123)
4(1051 1124 2365 2292)
4(1123 2364 2365 1124)
4(1052 1125 2366 2293)
4(1124 2365 2366 1125)
4(1053 1126 2367 2294)
4(1125 2366 2367 1126)
4(1054 1127 2368 2295)
4(1126 2367 2368 1127)
4(1055 1128 2369 2296)
4(1127 2368 2369 1128)
4(1056 1129 2370 2297)
4(1128 2369 2370 1129)
4(1057 1130 2371 2298)
4(1129 2370 2371 1130)
4(1058 1131 2372 2299)
4(1130 2371 2372 1131)
4(1059 1132 2373 2300)
4(1131 2372 2373 1132)
4(1060 1133 2374 2301)
4(1132 2373 2374 1133)
4(1061 1134 2375 2302)
4(1133 2374 2375 1134)
4(1062 1135 2376 2303)
4(1134 2375 2376 1135)
4(1063 1136 2377 2304)
4(1135 2376 2377 1136)
4(1064 1137 2378 2305)
4(1136 2377 2378 1137)
4(1065 1138 2379 2306)
4(1137 2378 2379 1138)
4(1066 1139 2380 2307)
4(1138 2379 2380 1139)
4(1067 1140 2381 2308)
4(1139 2380 2381 1140)
4(1068 1141 2382 2309)
4(1140 2381 2382 1141)
4(1069 1142 2383 2310)
4(1141 2382 2383 1142)
4(1070 1143 2384 2311)
4(1142 2383 2384 1143)
4(1071 1144 2385 2312)
4(1143 2384 2385 1144)
4(1072 1145 2386 2313)
4(1144 2385 2386 1145)
4(1073 1146 2387 2314)
4(1145 2386 2387 1146)
4(1074 1147 2388 2315)
4(1146 2387 2388 1147)
4(1075 1148 2389 2316)
4(1147 2388 2389 1148)
4(1076 1149 2390 2317)
4(1148 2389 2390 1149)
4(1077 1150 2391 2318)
4(1149 2390 2391 1150)
4(1078 1151 2392 2319)
4(1150 2391 2392 1151)
4(1079 1152 2393 2320)
4(1151 2392 2393 1152)
4(1080 1153 2394 2321)
4(1152 2393 2394 1153)
4(1081 1154 2395 2322)
4(1153 2394 2395 1154)
4(1082 1155 2396 2323)
4(1154 2395 2396 1155)
4(1083 1156 2397 2324)
4(1155 2396 2397 1156)
4(1084 1157 2398 2325)
4(1156 2397 2398 1157)
4(1085 1158 2399 2326)
4(1157 2398 2399 1158)
4(1086 1159 2400 2327)
4(1158 2399 2400 1159)
4(1087 1160 2401 2328)
4(1159 2400 2401 1160)
4(1088 1161 2402 2329)
4(1160 2401 2402 1161)
4(1089 1162 2403 2330)
4(1161 2402 2403 1162)
4(1090 1163 2404 2331)
4(1162 2403 2404 1163)
4(1091 1164 2405 2332)
4(1163 2404 2405 1164)
4(1092 1165 2406 2333)
4(1164 2405 2406 1165)
4(1093 1166 2407 2334)
4(1165 2406 2407 1166)
4(1166 2407 2408 1167)
4(1096 1169 2410 2337)
4(1097 1170 2411 2338)
4(1098 1171 2412 2339)
4(1099 1172 2413 2340)
4(1100 1173 2414 2341)
4(1101 1174 2415 2342)
4(1102 1175 2416 2343)
4(1103 1176 2417 2344)
4(1104 1177 2418 2345)
4(1105 1178 2419 2346)
4(1106 1179 2420 2347)
4(1107 1180 2421 2348)
4(1108 1181 2422 2349)
4(1109 1182 2423 2350)
4(1110 1183 2424 2351)
4(1111 1184 2425 2352)
4(1112 1185 2426 2353)
4(1113 1186 2427 2354)
4(1114 1187 2428 2355)
4(1115 1188 2429 2356)
4(1116 1189 2430 2357)
4(1117 1190 2431 2358)
4(1118 1191 2432 2359)
4(1119 1192 2433 2360)
4(1120 1193 2434 2361)
4(1121 1194 2435 2362)
4(1122 1195 2436 2363)
4(1123 1196 2437 2364)
4(1124 1197 2438 2365)
4(1125 1198 2439 2366)
4(1126 1199 2440 2367)
4(1127 1200 2441 2368)
4(1128 1201 2442 2369)
4(1129 1202 2443 2370)
4(1130 1203 2444 2371)
4(1131 1204 2445 2372)
4(1132 1205 2446 2373)
4(1133 1206 2447 2374)
4(1134 1207 2448 2375)
4(1135 1208 2449 2376)
4(1136 1209 2450 2377)
4(1137 1210 2451 2378)
4(1138 1211 2452 2379)
4(1139 1212 2453 2380)
4(1140 1213 2454 2381)
4(1141 1214 2455 2382)
4(1142 1215 2456 2383)
4(1143 1216 2457 2384)
4(1144 1217 2458 2385)
4(1145 1218 2459 2386)
4(1146 1219 2460 2387)
4(1147 1220 2461 2388)
4(1148 1221 2462 2389)
4(1149 1222 2463 2390)
4(1150 1223 2464 2391)
4(1151 1224 2465 2392)
4(1152 1225 2466 2393)
4(1153 1226 2467 2394)
4(1154 1227 2468 2395)
4(1155 1228 2469 2396)
4(1156 1229 2470 2397)
4(1157 1230 2471 2398)
4(1158 1231 2472 2399)
4(1159 1232 2473 2400)
4(1160 1233 2474 2401)
4(1161 1234 2475 2402)
4(1162 1235 2476 2403)
4(1163 1236 2477 2404)
4(1164 1237 2478 2405)
4(1165 1238 2479 2406)
4(1166 1239 2480 2407)
4(0 1241 1314 73)
4(73 1314 1387 146)
4(146 1387 1460 219)
4(219 1460 1533 292)
4(292 1533 1606 365)
4(365 1606 1679 438)
4(438 1679 1752 511)
4(511 1752 1825 584)
4(584 1825 1898 657)
4(657 1898 1971 730)
4(730 1971 2044 803)
4(803 2044 2117 876)
4(876 2117 2190 949)
4(949 2190 2263 1022)
4(1022 2263 2336 1095)
4(1095 2336 2409 1168)
4(72 145 1386 1313)
4(145 218 1459 1386)
4(218 291 1532 1459)
4(291 364 1605 1532)
4(364 437 1678 1605)
4(437 510 1751 1678)
4(510 583 1824 1751)
4(583 656 1897 1824)
4(656 729 1970 1897)
4(729 802 2043 1970)
4(802 875 2116 2043)
4(875 948 2189 2116)
4(948 1021 2262 2189)
4(1021 1094 2335 2262)
4(1094 1167 2408 2335)
4(1167 1240 2481 2408)
4(0 1 1242 1241)
4(1 2 1243 1242)
4(2 3 1244 1243)
4(3 4 1245 1244)
4(4 5 1246 1245)
4(5 6 1247 1246)
4(6 7 1248 1247)
4(7 8 1249 1248)
4(8 9 1250 1249)
4(9 10 1251 1250)
4(10 11 1252 1251)
4(11 12 1253 1252)
4(12 13 1254 1253)
4(13 14 1255 1254)
4(14 15 1256 1255)
4(15 16 1257 1256)
4(16 17 1258 1257)
4(17 18 1259 1258)
4(18 19 1260 1259)
4(19 20 1261 1260)
4(20 21 1262 1261)
4(21 22 1263 1262)
4(22 23 1264 1263)
4(23 24 1265 1264)
4(24 25 1266 1265)
4(25 26 1267 1266)
4(26 27 1268 1267)
4(27 28 1269 1268)
4(28 29 1270 1269)
4(29 30 1271 1270)
4(30 31 1272 1271)
4(31 32 1273 1272)
4(32 33 1274 1273)
4(33 34 1275 1274)
4(34 35 1276 1275)
4(35 36 1277 1276)
4(36 37 1278 1277)
4(37 38 1279 1278)
4(38 39 1280 1279)
4(39 40 1281 1280)
4(40 41 1282 1281)
4(41 42 1283 1282)
4(42 43 1284 1283)
4(43 44 1285 1284)
4(44 45 1286 1285)
4(45 46 1287 1286)
4(46 47 1288 1287)
4(47 48 1289 1288)
4(48 49 1290 1289)
4(49 50 1291 1290)
4(50 51 1292 1291)
4(51 52 1293 1292)
4(52 53 1294 1293)
4(53 54 1295 1294)
4(54 55 1296 1295)
4(55 56 1297 1296)
4(56 57 1298 1297)
4(57 58 1299 1298)
4(58 59 1300 1299)
4(59 60 1301 1300)
4(60 61 1302 1301)
4(61 62 1303 1302)
4(62 63 1304 1303)
4(63 64 1305 1304)
4(64 65 1306 1305)
4(65 66 1307 1306)
4(66 67 1308 1307)
4(67 68 1309 1308)
4(68 69 1310 1309)
4(69 70 1311 1310)
4(70 71 1312 1311)
4(71 72 1313 1312)
4(1168 2409 2410 1169)
4(1169 2410 2411 1170)
4(1170 2411 2412 1171)
4(1171 2412 2413 1172)
4(1172 2413 2414 1173)
4(1173 2414 2415 1174)
4(1174 2415 2416 1175)
4(1175 2416 2417 1176)
4(1176 2417 2418 1177)
4(1177 2418 2419 1178)
4(1178 2419 2420 1179)
4(1179 2420 2421 1180)
4(1180 2421 2422 1181)
4(1181 2422 2423 1182)
4(1182 2423 2424 1183)
4(1183 2424 2425 1184)
4(1184 2425 2426 1185)
4(1185 2426 2427 1186)
4(1186 2427 2428 1187)
4(1187 2428 2429 1188)
4(1188 2429 2430 1189)
4(1189 2430 2431 1190)
4(1190 2431 2432 1191)
4(1191 2432 2433 1192)
4(1192 2433 2434 1193)
4(1193 2434 2435 1194)
4(1194 2435 2436 1195)
4(1195 2436 2437 1196)
4(1196 2437 2438 1197)
4(1197 2438 2439 1198)
4(1198 2439 2440 1199)
4(1199 2440 2441 1200)
4(1200 2441 2442 1201)
4(1201 2442 2443 1202)
4(1202 2443 2444 1203)
4(1203 2444 2445 1204)
4(1204 2445 2446 1205)
4(1205 2446 2447 1206)
4(1206 2447 2448 1207)
4(1207 2448 2449 1208)
4(1208 2449 2450 1209)
4(1209 2450 2451 1210)
4(1210 2451 2452 1211)
4(1211 2452 2453 1212)
4(1212 2453 2454 1213)
4(1213 2454 2455 1214)
4(1214 2455 2456 1215)
4(1215 2456 2457 1216)
4(1216 2457 2458 1217)
4(1217 2458 2459 1218)
4(1218 2459 2460 1219)
4(1219 2460 2461 1220)
4(1220 2461 2462 1221)
4(1221 2462 2463 1222)
4(1222 2463 2464 1223)
4(1223 2464 2465 1224)
4(1224 2465 2466 1225)
4(1225 2466 2467 1226)
4(1226 2467 2468 1227)
4(1227 2468 2469 1228)
4(1228 2469 2470 1229)
4(1229 2470 2471 1230)
4(1230 2471 2472 1231)
4(1231 2472 2473 1232)
4(1232 2473 2474 1233)
4(1233 2474 2475 1234)
4(1234 2475 2476 1235)
4(1235 2476 2477 1236)
4(1236 2477 2478 1237)
4(1237 2478 2479 1238)
4(1238 2479 2480 1239)
4(1239 2480 2481 1240)
4(0 73 74 1)
4(73 146 147 74)
4(146 219 220 147)
4(219 292 293 220)
4(292 365 366 293)
4(365 438 439 366)
4(438 511 512 439)
4(511 584 585 512)
4(584 657 658 585)
4(657 730 731 658)
4(730 803 804 731)
4(803 876 877 804)
4(876 949 950 877)
4(949 1022 1023 950)
4(1022 1095 1096 1023)
4(1095 1168 1169 1096)
4(1 74 75 2)
4(74 147 148 75)
4(147 220 221 148)
4(220 293 294 221)
4(293 366 367 294)
4(366 439 440 367)
4(439 512 513 440)
4(512 585 586 513)
4(585 658 659 586)
4(658 731 732 659)
4(731 804 805 732)
4(804 877 878 805)
4(877 950 951 878)
4(950 1023 1024 951)
4(1023 1096 1097 1024)
4(1096 1169 1170 1097)
4(2 75 76 3)
4(75 148 149 76)
4(148 221 222 149)
4(221 294 295 222)
4(294 367 368 295)
4(367 440 441 368)
4(440 513 514 441)
4(513 586 587 514)
4(586 659 660 587)
4(659 732 733 660)
4(732 805 806 733)
4(805 878 879 806)
4(878 951 952 879)
4(951 1024 1025 952)
4(1024 1097 1098 1025)
4(1097 1170 1171 1098)
4(3 76 77 4)
4(76 149 150 77)
4(149 222 223 150)
4(222 295 296 223)
4(295 368 369 296)
4(368 441 442 369)
4(441 514 515 442)
4(514 587 588 515)
4(587 660 661 588)
4(660 733 734 661)
4(733 806 807 734)
4(806 879 880 807)
4(879 952 953 880)
4(952 1025 1026 953)
4(1025 1098 1099 1026)
4(1098 1171 1172 1099)
4(4 77 78 5)
4(77 150 151 78)
4(150 223 224 151)
4(223 296 297 224)
4(296 369 370 297)
4(369 442 443 370)
4(442 515 516 443)
4(515 588 589 516)
4(588 661 662 589)
4(661 734 735 662)
4(734 807 808 735)
4(807 880 881 808)
4(880 953 954 881)
4(953 1026 1027 954)
4(1026 1099 1100 1027)
4(1099 1172 1173 1100)
4(5 78 79 6)
4(78 151 152 79)
4(151 224 225 152)
4(224 297 298 225)
4(297 370 371 298)
4(370 443 444 371)
4(443 516 517 444)
4(516 589 590 517)
4(589 662 663 590)
4(662 735 736 663)
4(735 808 809 736)
4(808 881 882 809)
4(881 954 955 882)
4(954 1027 1028 955)
4(1027 1100 1101 1028)
4(1100 1173 1174 1101)
4(6 79 80 7)
4(79 152 153 80)
4(152 225 226 153)
4(225 298 299 226)
4(298 371 372 299)
4(371 444 445 372)
4(444 517 518 445)
4(517 590 591 518)
4(590 663 664 591)
4(663 736 737 664)
4(736 809 810 737)
4(809 882 883 810)
4(882 955 956 883)
4(955 1028 1029 956)
4(1028 1101 1102 1029)
4(1101 1174 1175 1102)
4(7 80 81 8)
4(80 153 154 81)
4(153 226 227 154)
4(226 299 300 227)
4(299 372 373 300)
4(372 445 446 373)
4(445 518 519 446)
4(518 591 592 519)
4(591 664 665 592)
4(664 737 738 665)
4(737 810 811 738)
4(810 883 884 811)
4(883 956 957 884)
4(956 1029 1030 957)
4(1029 1102 1103 1030)
4(1102 1175 1176 1103)
4(8 81 82 9)
4(81 154 155 82)
4(154 227 228 155)
4(227 300 301 228)
4(300 373 374 301)
4(373 446 447 374)
4(446 519 520 447)
4(519 592 593 520)
4(592 665 666 593)
4(665 738 739 666)
4(738 811 812 739)
4(811 884 885 812)
4(884 957 958 885)
4(957 1030 1031 958)
4(1030 1103 1104 1031)
4(1103 1176 1177 1104)
4(9 82 83 10)
4(82 155 156 83)
4(155 228 229 156)
4(228 301 302 229)
4(301 374 375 302)
4(374 447 448 375)
4(447 520 521 448)
4(520 593 594 521)
4(593 666 667 594)
4(666 739 740 667)
4(739 812 813 740)
4(812 885 886 813)
4(885 958 959 886)
4(958 1031 1032 959)
4(1031 1104 1105 1032)
4(1104 1177 1178 1105)
4(10 83 84 11)
4(83 156 157 84)
4(156 229 230 157)
4(229 302 303 230)
4(302 375 376 303)
4(375 448 449 376)
4(448 521 522 449)
4(521 594 595 522)
4(594 667 668 595)
4(667 740 741 668)
4(740 813 814 741)
4(813 886 887 814)
4(886 959 960 887)
4(959 1032 1033 960)
4(1032 1105 1106 1033)
4(1105 1178 1179 1106)
4(11 84 85 12)
4(84 157 158 85)
4(157 230 231 158)
4(230 303 304 231)
4(303 376 377 304)
4(376 449 450 377)
4(449 522 523 450)
4(522 595 596 523)
4(595 668 669 596)
4(668 741 742 669)
4(741 814 815 742)
4(814 887 888 815)
4(887 960 961 888)
4(960 1033 1034 961)
4(1033 1106 1107 1034)
4(1106 1179 1180 1107)
4(12 85 86 13)
4(85 158 159 86)
4(158 231 232 159)
4(231 304 305 232)
4(304 377 378 305)
4(377 450 451 378)
4(450 523 524 451)
4(523 596 597 524)
4(596 669 670 597)
4(669 742 743 670)
4(742 815 816 743)
4(815 888 889 816)
4(888 961 962 889)
4(961 1034 1035 962)
4(1034 1107 1108 1035)
4(1107 1180 1181 1108)
4(13 86 87 14)
4(86 159 160 87)
4(159 232 233 160)
4(232 305 306 233)
4(305 378 379 306)
4(378 451 452 379)
4(451 524 525 452)
4(524 597 598 525)
4(597 670 671 598)
4(670 743 744 671)
4(743 816 817 744)
4(816 889 890 817)
4(889 962 963 890)
4(962 1035 1036 963)
4(1035 1108 1109 1036)
4(1108 1181 1182 1109)
4(14 87 88 15)
4(87 160 161 88)
4(160 233 234 161)
4(233 306 307 234)
4(306 379 380 307)
4(379 452 453 380)
4(452 525 526 453)
4(525 598 599 526)
4(598 671 672 599)
4(671 744 745 672)
4(744 817 818 745)
4(817 890 891 818)
4(890 963 964 891)
4(963 1036 1037 964)
4(1036 1109 1110 1037)
4(1109 1182 1183 1110)
4(15 88 89 16)
4(88 161 162 89)
4(161 234 235 162)
4(234 307 308 235)
4(307 380 381 308)
4(380 453 454 381)
4(453 526 527 454)
4(526 599 600 527)
4(599 672 673 600)
4(672 745 746 673)
4(745 818 819 746)
4(818 891 892 819)
4(891 964 965 892)
4(964 1037 1038 965)
4(1037 1110 1111 1038)
4(1110 1183 1184 1111)
4(16 89 90 17)
4(89 162 163 90)
4(162 235 236 163)
4(235 308 309 236)
4(308 381 382 309)
4(381 454 455 382)
4(454 527 528 455)
4(527 600 601 528)
4(600 673 674 601)
4(673 746 747 674)
4(746 819 820 747)
4(819 892 893 820)
4(892 965 966 893)
4(965 1038 1039 966)
4(1038 1111 1112 1039)
4(1111 1184 1185 1112)
4(17 90 91 18)
4(90 163 164 91)
4(163 236 237 164)
4(236 309 310 237)
4(309 382 383 310)
4(382 455 456 383)
4(455 528 529 456)
4(528 601 602 529)
4(601 674 675 602)
4(674 747 748 675)
4(747 820 821 748)
4(820 893 894 821)
4(893 966 967 894)
4(966 1039 1040 967)
4(1039 1112 1113 1040)
4(1112 1185 1186 1113)
4(18 91 92 19)
4(91 164 165 92)
4(164 237 238 165)
4(237 310 311 238)
4(310 383 384 311)
4(383 456 457 384)
4(456 529 530 457)
4(529 602 603 530)
4(602 675 676 603)
4(675 748 749 676)
4(748 821 822 749)
4(821 894 895 822)
4(894 967 968 895)
4(967 1040 1041 968)
4(1040 1113 1114 1041)
4(1113 1186 1187 1114)
4(19 92 93 20)
4(92 165 166 93)
4(165 238 239 166)
4(238 311 312 239)
4(311 384 385 312)
4(384 457 458 385)
4(457 530 531 458)
4(530 603 604 531)
4(603 676 677 604)
4(676 749 750 677)
4(749 822 823 750)
4(822 895 896 823)
4(895 968 969 896)
4(968 1041 1042 969)
4(1041 1114 1115 1042)
4(1114 1187 1188 1115)
4(20 93 94 21)
4(93 166 167 94)
4(166 239 240 167)
4(239 312 313 240)
4(312 385 386 313)
4(385 458 459 386)
4(458 531 532 459)
4(531 604 605 532)
4(604 677 678 605)
4(677 750 751 678)
4(750 823 824 751)
4(823 896 897 824)
4(896 969 970 897)
4(969 1042 1043 970)
4(1042 1115 1116 1043)
4(1115 1188 1189 1116)
4(21 94 95 22)
4(94 167 168 95)
4(167 240 241 168)
4(240 313 314 241)
4(313 386 387 314)
4(386 459 460 387)
4(459 532 533 460)
4(532 605 606 533)
4(605 678 679 606)
4(678 751 752 679)
4(751 824 825 752)
4(824 897 898 825)
4(897 970 971 898)
4(970 1043 1044 971)
4(1043 1116 1117 1044)
4(1116 1189 1190 1117)
4(22 95 96 23)
4(95 168 169 96)
4(168 241 242 169)
4(241 314 315 242)
4(314 387 388 315)
4(387 460 461 388)
4(460 533 534 461)
4(533 606 607 534)
4(606 679 680 607)
4(679 752 753 680)
4(752 825 826 753)
4(825 898 899 826)
4(898 971 972 899)
4(971 1044 1045 972)
4(1044 1117 1118 1045)
4(1117 1190 1191 1118)
4(23 96 97 24)
4(96 169 170 97)
4(169 242 243 170)
4(242 315 316 243)
4(315 388 389 316)
4(388 461 462 389)
4(461 534 535 462)
4(534 607 608 535)
4(607 680 681 608)
4(680 753 754 681)
4(753 826 827 754)
4(826 899 900 827)
4(899 972 973 900)
4(972 1045 1046 973)
4(1045 1118 1119 1046)
4(1118 1191 1192 1119)
4(24 97 98 25)
4(97 170 171 98)
4(170 243 244 171)
4(243 316 317 244)
4(316 389 390 317)
4(389 462 463 390)
4(462 535 536 463)
4(535 608 609 536)
4(608 681 682 609)
4(681 754 755 682)
4(754 827 828 755)
4(827 900 901 828)
4(900 973 974 901)
4(973 1046 1047 974)
4(1046 1119 1120 1047)
4(1119 1192 1193 1120)
4(25 98 99 26)
4(98 171 172 99)
4(171 244 245 172)
4(244 317 318 245)
4(317 390 391 318)
4(390 463 464 391)
4(463 536 537 464)
4(536 609 610 537)
4(609 682 683 610)
4(682 755 756 683)
4(755 828 829 756)
4(828 901 902 829)
4(901 974 975 902)
4(974 1047 1048 975)
4(1047 1120 1121 1048)
4(1120 1193 1194 1121)
4(26 99 100 27)
4(99 172 173 100)
4(172 245 246 173)
4(245 318 319 246)
4(318 391 392 319)
4(391 464 465 392)
4(464 537 538 465)
4(537 610 611 538)
4(610 683 684 611)
4(683 756 757 684)
4(756 829 830 757)
4(829 902 903 830)
4(902 975 976 903)
4(975 1048 1049 976)
4(1048 1121 1122 1049)
4(1121 1194 1195 1122)
4(27 100 101 28)
4(100 173 174 101)
4(173 246 247 174)
4(246 319 320 247)
4(319 392 393 320)
4(392 465 466 393)
4(465 538 539 466)
4(538 611 612 539)
4(611 684 685 612)
4(684 757 758 685)
4(757 830 831 758)
4(830 903 904 831)
4(903 976 977 904)
4(976 1049 1050 977)
4(1049 1122 1123 1050)
4(1122 1195 1196 1123)
4(28 101 102 29)
4(101 174 175 102)
4(174 247 248 175)
4(247 320 321 248)
4(320 393 394 321)
4(393 466 467 394)
4(466 539 540 467)
4(539 612 613 540)
4(612 685 686 613)
4(685 758 759 686)
4(758 831 832 759)
4(831 904 905 832)
4(904 977 978 905)
4(977 1050 1051 978)
4(1050 1123 1124 1051)
4(1123 1196 1197 1124)
4(29 102 103 30)
4(102 175 176 103)
4(175 248 249 176)
4(248 321 322 249)
4(321 394 395 322)
4(394 467 468 395)
4(467 540 541 468)
4(540 613 614 541)
4(613 686 687 614)
4(686 759 760 687)
4(759 832 833 760)
4(832 905 906 833)
4(905 978 979 906)
4(978 1051 1052 979)
4(1051 1124 1125 1052)
4(1124 1197 1198 1125)
4(30 103 104 31)
4(103 176 177 104)
4(176 249 250 177)
4(249 322 323 250)
4(322 395 396 323)
4(395 468 469 396)
4(468 541 542 469)
4(541 614 615 542)
4(614 687 688 615)
4(687 760 761 688)
4(760 833 834 761)
4(833 906 907 834)
4(906 979 980 907)
4(979 1052 1053 980)
4(1052 1125 1126 1053)
4(1125 1198 1199 1126)
4(31 104 105 32)
4(104 177 178 105)
4(177 250 251 178)
4(250 323 324 251)
4(323 396 397 324)
4(396 469 470 397)
4(469 542 543 470)
4(542 615 616 543)
4(615 688 689 616)
4(688 761 762 689)
4(761 834 835 762)
4(834 907 908 835)
4(907 980 981 908)
4(980 1053 1054 981)
4(1053 1126 1127 1054)
4(1126 1199 1200 1127)
4(32 105 106 33)
4(105 178 179 106)
4(178 251 252 179)
4(251 324 325 252)
4(324 397 398 325)
4(397 470 471 398)
4(470 543 544 471)
4(543 616 617 544)
4(616 689 690 617)
4(689 762 763 690)
4(762 835 836 763)
4(835 908 909 836)
4(908 981 982 909)
4(981 1054 1055 982)
4(1054 1127 1128 1055)
4(1127 1200 1201 1128)
4(33 106 107 34)
4(106 179 180 107)
4(179 252 253 180)
4(252 325 326 253)
4(325 398 399 326)
4(398 471 472 399)
4(471 544 545 472)
4(544 617 618 545)
4(617 690 691 618)
4(690 763 764 691)
4(763 836 837 764)
4(836 909 910 837)
4(909 982 983 910)
4(982 1055 1056 983)
4(1055 1128 1129 1056)
4(1128 1201 1202 1129)
4(34 107 108 35)
4(107 180 181 108)
4(180 253 254 181)
4(253 326 327 254)
4(326 399 400 327)
4(399 472 473 400)
4(472 545 546 473)
4(545 618 619 546)
4(618 691 692 619)
4(691 764 765 692)
4(764 837 838 765)
4(837 910 911 838)
4(910 983 984 911)
4(983 1056 1057 984)
4(1056 1129 1130 1057)
4(1129 1202 1203 1130)
4(35 108 109 36)
4(108 181 182 109)
4(181 254 255 182)
4(254 327 328 255)
4(327 400 401 328)
4(400 473 474 401)
4(473 546 547 474)
4(546 619 620 547)
4(619 692 693 620)
4(692 765 766 693)
4(765 838 839 766)
4(838 911 912 839)
4(911 984 985 912)
4(984 1057 1058 985)
4(1057 1130 1131 1058)
4(1130 1203 1204 1131)
4(36 109 110 37)
4(109 182 183 110)
4(182 255 256 183)
4(255 328 329 256)
4(328 401 402 329)
4(401 474 475 402)
4(474 547 548 475)
4(547 620 621 548)
4(620 693 694 621)
4(693 766 767 694)
4(766 839 840 767)
4(839 912 913 840)
4(912 985 986 913)
4(985 1058 1059 986)
4(1058 1131 1132 1059)
4(1131 1204 1205 1132)
4(37 110 111 38)
4(110 183 184 111)
4(183 256 257 184)
4(256 329 330 257)
4(329 402 403 330)
4(402 475 476 403)
4(475 548 549 476)
4(548 621 622 549)
4(621 694 695 622)
4(694 767 768 695)
4(767 840 841 768)
4(840 913 914 841)
4(913 986 987 914)
4(986 1059 1060 987)
4(1059 1132 1133 1060)
4(1132 1205 1206 1133)
4(38 111 112 39)
4(111 184 185 112)
4(184 257 258 185)
4(257 330 331 258)
4(330 403 404 331)
4(403 476 477 404)
4(476 549 550 477)
4(549 622 623 550)
4(622 695 696 623)
4(695 768 769 696)
4(768 841 842 769)
4(841 914 915 842)
4(914 987 988 915)
4(987 1060 1061 988)
4(1060 1133 1134 1061)
4(1133 1206 1207 1134)
4(39 112 113 40)
4(112 185 186 113)
4(185 258 259 186)
4(258 331 332 259)
4(331 404 405 332)
4(404 477 478 405)
4(477 550 551 478)
4(550 623 624 551)
4(623 696 697 624)
4(696 769 770 697)
4(769 842 843 770)
4(842 915 916 843)
4(915 988 989 916)
4(988 1061 1062 989)
4(1061 1134 1135 1062)
4(1134 1207 1208 1135)
4(40 113 114 41)
4(113 186 187 114)
4(186 259 260 187)
4(259 332 333 260)
4(332 405 406 333)
4(405 478 479 406)
4(478 551 552 479)
4(551 624 625 552)
4(624 697 698 625)
4(697 770 771 698)
4(770 843 844 771)
4(843 916 917 844)
4(916 989 990 917)
4(989 1062 1063 990)
4(1062 1135 1136 1063)
4(1135 1208 1209 1136)
4(41 114 115 42)
4(114 187 188 115)
4(187 260 261 188)
4(260 333 334 261)
4(333 406 407 334)
4(406 479 480 407)
4(479 552 553 480)
4(552 625 626 553)
4(625 698 699 626)
4(698 771 772 699)
4(771 844 845 772)
4(844 917 918 845)
4(917 990 991 918)
4(990 1063 1064 991)
4(1063 1136 1137 1064)
4(1136 1209 1210 1137)
4(42 115 116 43)
4(115 188 189 116)
4(188 261 262 189)
4(261 334 335 262)
4(334 407 408 335)
4(407 480 481 408)
4(480 553 554 481)
4(553 626 627 554)
4(626 699 700 627)
4(699 772 773 700)
4(772 845 846 773)
4(845 918 919 846)
4(918 991 992 919)
4(991 1064 1065 992)
4(1064 1137 1138 1065)
4(1137 1210 1211 1138)
4(43 116 117 44)
4(116 189 190 117)
4(189 262 263 190)
4(262 335 336 263)
4(335 408 409 336)
4(408 481 482 409)
4(481 554 555 482)
4(554 627 628 555)
4(627 700 701 628)
4(700 773 774 701)
4(773 846 847 774)
4(846 919 920 847)
4(919 992 993 920)
4(992 1065 1066 993)
4(1065 1138 1139 1066)
4(1138 1211 1212 1139)
4(44 117 118 45)
4(117 190 191 118)
4(190 263 264 191)
4(263 336 337 264)
4(336 409 410 337)
4(409 482 483 410)
4(482 555 556 483)
4(555 628 629 556)
4(628 701 702 629)
4(701 774 775 702)
4(774 847 848 775)
4(847 920 921 848)
4(920 993 994 921)
4(993 1066 1067 994)
4(1066 1139 1140 1067)
4(1139 1212 1213 1140)
4(45 118 119 46)
4(118 191 192 119)
4(191 264 265 192)
4(264 337 338 265)
4(337 410 411 338)
4(410 483 484 411)
4(483 556 557 484)
4(556 629 630 557)
4(629 702 703 630)
4(702 775 776 703)
4(775 848 849 776)
4(848 921 922 849)
4(921 994 995 922)
4(994 1067 1068 995)
4(1067 1140 1141 1068)
4(1140 1213 1214 1141)
4(46 119 120 47)
4(119 192 193 120)
4(192 265 266 193)
4(265 338 339 266)
4(338 411 412 339)
4(411 484 485 412)
4(484 557 558 485)
4(557 630 631 558)
4(630 703 704 631)
4(703 776 777 704)
4(776 849 850 777)
4(849 922 923 850)
4(922 995 996 923)
4(995 1068 1069 996)
4(1068 1141 1142 1069)
4(1141 1214 1215 1142)
4(47 120 121 48)
4(120 193 194 121)
4(193 266 267 194)
4(266 339 340 267)
4(339 412 413 340)
4(412 485 486 413)
4(485 558 559 486)
4(558 631 632 559)
4(631 704 705 632)
4(704 777 778 705)
4(777 850 851 778)
4(850 923 924 851)
4(923 996 997 924)
4(996 1069 1070 997)
4(1069 1142 1143 1070)
4(1142 1215 1216 1143)
4(48 121 122 49)
4(121 194 195 122)
4(194 267 268 195)
4(267 340 341 268)
4(340 413 414 341)
4(413 486 487 414)
4(486 559 560 487)
4(559 632 633 560)
4(632 705 706 633)
4(705 778 779 706)
4(778 851 852 779)
4(851 924 925 852)
4(924 997 998 925)
4(997 1070 1071 998)
4(1070 1143 1144 1071)
4(1143 1216 1217 1144)
4(49 122 123 50)
4(122 195 196 123)
4(195 268 269 196)
4(268 341 342 269)
4(341 414 415 342)
4(414 487 488 415)
4(487 560 561 488)
4(560 633 634 561)
4(633 706 707 634)
4(706 779 780 707)
4(779 852 853 780)
4(852 925 926 853)
4(925 998 999 926)
4(998 1071 1072 999)
4(1071 1144 1145 1072)
4(1144 1217 1218 1145)
4(50 123 124 51)
4(123 196 197 124)
4(196 269 270 197)
4(269 342 343 270)
4(342 415 416 343)
4(415 488 489 416)
4(488 561 562 489)
4(561 634 635 562)
4(634 707 708 635)
4(707 780 781 708)
4(780 853 854 781)
4(853 926 927 854)
4(926 999 1000 927)
4(999 1072 1073 1000)
4(1072 1145 1146 1073)
4(1145 1218 1219 1146)
4(51 124 125 52)
4(124 197 198 125)
4(197 270 271 198)
4(270 343 344 271)
4(343 416 417 344)
4(416 489 490 417)
4(489 562 563 490)
4(562 635 636 563)
4(635 708 709 636)
4(708 781 782 709)
4(781 854 855 782)
4(854 927 928 855)
4(927 1000 1001 928)
4(1000 1073 1074 1001)
4(1073 1146 1147 1074)
4(1146 1219 1220 1147)
4(52 125 126 53)
4(125 198 199 126)
4(198 271 272 199)
4(271 344 345 272)
4(344 417 418 345)
4(417 490 491 418)
4(490 563 564 491)
4(563 636 637 564)
4(636 709 710 637)
4(709 782 783 710)
4(782 855 856 783)
4(855 928 929 856)
4(928 1001 1002 929)
4(1001 1074 1075 1002)
4(1074 1147 1148 1075)
4(1147 1220 1221 1148)
4(53 126 127 54)
4(126 199 200 127)
4(199 272 273 200)
4(272 345 346 273)
4(345 418 419 346)
4(418 491 492 419)
4(491 564 565 492)
4(564 637 638 565)
4(637 710 711 638)
4(710 783 784 711)
4(783 856 857 784)
4(856 929 930 857)
4(929 1002 1003 930)
4(1002 1075 1076 1003)
4(1075 1148 1149 1076)
4(1148 1221 1222 1149)
4(54 127 128 55)
4(127 200 201 128)
4(200 273 274 201)
4(273 346 347 274)
4(346 419 420 347)
4(419 492 493 420)
4(492 565 566 493)
4(565 638 639 566)
4(638 711 712 639)
4(711 784 785 712)
4(784 857 858 785)
4(857 930 931 858)
4(930 1003 1004 931)
4(1003 1076 1077 1004)
4(1076 1149 1150 1077)
4(1149 1222 1223 1150)
4(55 128 129 56)
4(128 201 202 129)
4(201 274 275 202)
4(274 347 348 275)
4(347 420 421 348)
4(420 493 494 421)
4(493 566 567 494)
4(566 639 640 567)
4(639 712 713 640)
4(712 785 786 713)
4(785 858 859 786)
4(858 931 932 859)
4(931 1004 1005 932)
4(1004 1077 1078 1005)
4(1077 1150 1151 1078)
4(1150 1223 1224 1151)
4(56 129 130 57)
4(129 202 203 130)
4(202 275 276 203)
4(275 348 349 276)
4(348 421 422 349)
4(421 494 495 422)
4(494 567 568 495)
4(567 640 641 568)
4(640 713 714 641)
4(713 786 787 714)
4(786 859 860 787)
4(859 932 933 860)
4(932 1005 1006 933)
4(1005 1078 1079 1006)
4(1078 1151 1152 1079)
4(1151 1224 1225 1152)
4(57 130 131 58)
4(130 203 204 131)
4(203 276 277 204)
4(276 349 350 277)
4(349 422 423 350)
4(422 495 496 423)
4(495 568 569 496)
4(568 641 642 569)
4(641 714 715 642)
4(714 787 788 715)
4(787 860 861 788)
4(860 933 934 861)
4(933 1006 1007 934)
4(1006 1079 1080 1007)
4(1079 1152 1153 1080)
4(1152 1225 1226 1153)
4(58 131 132 59)
4(131 204 205 132)
4(204 277 278 205)
4(277 350 351 278)
4(350 423 424 351)
4(423 496 497 424)
4(496 569 570 497)
4(569 642 643 570)
4(642 715 716 643)
4(715 788 789 716)
4(788 861 862 789)
4(861 934 935 862)
4(934 1007 1008 935)
4(1007 1080 1081 1008)
4(1080 1153 1154 1081)
4(1153 1226 1227 1154)
4(59 132 133 60)
4(132 205 206 133)
4(205 278 279 206)
4(278 351 352 279)
4(351 424 425 352)
4(424 497 498 425)
4(497 570 571 498)
4(570 643 644 571)
4(643 716 717 644)
4(716 789 790 717)
4(789 862 863 790)
4(862 935 936 863)
4(935 1008 1009 936)
4(1008 1081 1082 1009)
4(1081 1154 1155 1082)
4(1154 1227 1228 1155)
4(60 133 134 61)
4(133 206 207 134)
4(206 279 280 207)
4(279 352 353 280)
4(352 425 426 353)
4(425 498 499 426)
4(498 571 572 499)
4(571 644 645 572)
4(644 717 718 645)
4(717 790 791 718)
4(790 863 864 791)
4(863 936 937 864)
4(936 1009 1010 937)
4(1009 1082 1083 1010)
4(1082 1155 1156 1083)
4(1155 1228 1229 1156)
4(61 134 135 62)
4(134 207 208 135)
4(207 280 281 208)
4(280 353 354 281)
4(353 426 427 354)
4(426 499 500 427)
4(499 572 573 500)
4(572 645 646 573)
4(645 718 719 646)
4(718 791 792 719)
4(791 864 865 792)
4(864 937 938 865)
4(937 1010 1011 938)
4(1010 1083 1084 1011)
4(1083 1156 1157 1084)
4(1156 1229 1230 1157)
4(62 135 136 63)
4(135 208 209 136)
4(208 281 282 209)
4(281 354 355 282)
4(354 427 428 355)
4(427 500 501 428)
4(500 573 574 501)
4(573 646 647 574)
4(646 719 720 647)
4(719 792 793 720)
4(792 865 866 793)
4(865 938 939 866)
4(938 1011 1012 939)
4(1011 1084 1085 1012)
4(1084 1157 1158 1085)
4(1157 1230 1231 1158)
4(63 136 137 64)
4(136 209 210 137)
4(209 282 283 210)
4(282 355 356 283)
4(355 428 429 356)
4(428 501 502 429)
4(501 574 575 502)
4(574 647 648 575)
4(647 720 721 648)
4(720 793 794 721)
4(793 866 867 794)
4(866 939 940 867)
4(939 1012 1013 940)
4(1012 1085 1086 1013)
4(1085 1158 1159 1086)
4(1158 1231 1232 1159)
4(64 137 138 65)
4(137 210 211 138)
4(210 283 284 211)
4(283 356 357 284)
4(356 429 430 357)
4(429 502 503 430)
4(502 575 576 503)
4(575 648 649 576)
4(648 721 722 649)
4(721 794 795 722)
4(794 867 868 795)
4(867 940 941 868)
4(940 1013 1014 941)
4(1013 1086 1087 1014)
4(1086 1159 1160 1087)
4(1159 1232 1233 1160)
4(65 138 139 66)
4(138 211 212 139)
4(211 284 285 212)
4(284 357 358 285)
4(357 430 431 358)
4(430 503 504 431)
4(503 576 577 504)
4(576 649 650 577)
4(649 722 723 650)
4(722 795 796 723)
4(795 868 869 796)
4(868 941 942 869)
4(941 1014 1015 942)
4(1014 1087 1088 1015)
4(1087 1160 1161 1088)
4(1160 1233 1234 1161)
4(66 139 140 67)
4(139 212 213 140)
4(212 285 286 213)
4(285 358 359 286)
4(358 431 432 359)
4(431 504 505 432)
4(504 577 578 505)
4(577 650 651 578)
4(650 723 724 651)
4(723 796 797 724)
4(796 869 870 797)
4(869 942 943 870)
4(942 1015 1016 943)
4(1015 1088 1089 1016)
4(1088 1161 1162 1089)
4(1161 1234 1235 1162)
4(67 140 141 68)
4(140 213 214 141)
4(213 286 287 214)
4(286 359 360 287)
4(359 432 433 360)
4(432 505 506 433)
4(505 578 579 506)
4(578 651 652 579)
4(651 724 725 652)
4(724 797 798 725)
4(797 870 871 798)
4(870 943 944 871)
4(943 1016 1017 944)
4(1016 1089 1090 1017)
4(1089 1162 1163 1090)
4(1162 1235 1236 1163)
4(68 141 142 69)
4(141 214 215 142)
4(214 287 288 215)
4(287 360 361 288)
4(360 433 434 361)
4(433 506 507 434)
4(506 579 580 507)
4(579 652 653 580)
4(652 725 726 653)
4(725 798 799 726)
4(798 871 872 799)
4(871 944 945 872)
4(944 1017 1018 945)
4(1017 1090 1091 1018)
4(1090 1163 1164 1091)
4(1163 1236 1237 1164)
4(69 142 143 70)
4(142 215 216 143)
4(215 288 289 216)
4(288 361 362 289)
4(361 434 435 362)
4(434 507 508 435)
4(507 580 581 508)
4(580 653 654 581)
4(653 726 727 654)
4(726 799 800 727)
4(799 872 873 800)
4(872 945 946 873)
4(945 1018 1019 946)
4(1018 1091 1092 1019)
4(1091 1164 1165 1092)
4(1164 1237 1238 1165)
4(70 143 144 71)
4(143 216 217 144)
4(216 289 290 217)
4(289 362 363 290)
4(362 435 436 363)
4(435 508 509 436)
4(508 581 582 509)
4(581 654 655 582)
4(654 727 728 655)
4(727 800 801 728)
4(800 873 874 801)
4(873 946 947 874)
4(946 1019 1020 947)
4(1019 1092 1093 1020)
4(1092 1165 1166 1093)
4(1165 1238 1239 1166)
4(71 144 145 72)
4(144 217 218 145)
4(217 290 291 218)
4(290 363 364 291)
4(363 436 437 364)
4(436 509 510 437)
4(509 582 583 510)
4(582 655 656 583)
4(655 728 729 656)
4(728 801 802 729)
4(801 874 875 802)
4(874 947 948 875)
4(947 1020 1021 948)
4(1020 1093 1094 1021)
4(1093 1166 1167 1094)
4(1166 1239 1240 1167)
4(1241 1242 1315 1314)
4(1314 1315 1388 1387)
4(1387 1388 1461 1460)
4(1460 1461 1534 1533)
4(1533 1534 1607 1606)
4(1606 1607 1680 1679)
4(1679 1680 1753 1752)
4(1752 1753 1826 1825)
4(1825 1826 1899 1898)
4(1898 1899 1972 1971)
4(1971 1972 2045 2044)
4(2044 2045 2118 2117)
4(2117 2118 2191 2190)
4(2190 2191 2264 2263)
4(2263 2264 2337 2336)
4(2336 2337 2410 2409)
4(1242 1243 1316 1315)
4(1315 1316 1389 1388)
4(1388 1389 1462 1461)
4(1461 1462 1535 1534)
4(1534 1535 1608 1607)
4(1607 1608 1681 1680)
4(1680 1681 1754 1753)
4(1753 1754 1827 1826)
4(1826 1827 1900 1899)
4(1899 1900 1973 1972)
4(1972 1973 2046 2045)
4(2045 2046 2119 2118)
4(2118 2119 2192 2191)
4(2191 2192 2265 2264)
4(2264 2265 2338 2337)
4(2337 2338 2411 2410)
4(1243 1244 1317 1316)
4(1316 1317 1390 1389)
4(1389 1390 1463 1462)
4(1462 1463 1536 1535)
4(1535 1536 1609 1608)
4(1608 1609 1682 1681)
4(1681 1682 1755 1754)
4(1754 1755 1828 1827)
4(1827 1828 1901 1900)
4(1900 1901 1974 1973)
4(1973 1974 2047 2046)
4(2046 2047 2120 2119)
4(2119 2120 2193 2192)
4(2192 2193 2266 2265)
4(2265 2266 2339 2338)
4(2338 2339 2412 2411)
4(1244 1245 1318 1317)
4(1317 1318 1391 1390)
4(1390 1391 1464 1463)
4(1463 1464 1537 1536)
4(1536 1537 1610 1609)
4(1609 1610 1683 1682)
4(1682 1683 1756 1755)
4(1755 1756 1829 1828)
4(1828 1829 1902 1901)
4(1901 1902 1975 1974)
4(1974 1975 2048 2047)
4(2047 2048 2121 2120)
4(2120 2121 2194 2193)
4(2193 2194 2267 2266)
4(2266 2267 2340 2339)
4(2339 2340 2413 2412)
4(1245 1246 1319 1318)
4(1318 1319 1392 1391)
4(1391 1392 1465 1464)
4(1464 1465 1538 1537)
4(1537 1538 1611 1610)
4(1610 1611 1684 1683)
4(1683 1684 1757 1756)
4(1756 1757 1830 1829)
4(1829 1830 1903 1902)
4(1902 1903 1976 1975)
4(1975 1976 2049 2048)
4(2048 2049 2122 2121)
4(2121 2122 2195 2194)
4(2194 2195 2268 2267)
4(2267 2268 2341 2340)
4(2340 2341 2414 2413)
4(1246 1247 1320 1319)
4(1319 1320 1393 1392)
4(1392 1393 1466 1465)
4(1465 1466 1539 1538)
4(1538 1539 1612 1611)
4(1611 1612 1685 1684)
4(1684 1685 1758 1757)
4(1757 1758 1831 1830)
4(1830 1831 1904 1903)
4(1903 1904 1977 1976)
4(1976 1977 2050 2049)
4(2049 2050 2123 2122)
4(2122 2123 2196 2195)
4(2195 2196 2269 2268)
4(2268 2269 2342 2341)
4(2341 2342 2415 2414)
4(1247 1248 1321 1320)
4(1320 1321 1394 1393)
4(1393 1394 1467 1466)
4(1466 1467 1540 1539)
4(1539 1540 1613 1612)
4(1612 1613 1686 1685)
4(1685 1686 1759 1758)
4(1758 1759 1832 1831)
4(1831 1832 1905 1904)
4(1904 1905 1978 1977)
4(1977 1978 2051 2050)
4(2050 2051 2124 2123)
4(2123 2124 2197 2196)
4(2196 2197 2270 2269)
4(2269 2270 2343 2342)
4(2342 2343 2416 2415)
4(1248 1249 1322 1321)
4(1321 1322 1395 1394)
4(1394 1395 1468 1467)
4(1467 1468 1541 1540)
4(1540 1541 1614 1613)
4(1613 1614 1687 1686)
4(1686 1687 1760 1759)
4(1759 1760 1833 1832)
4(1832 1833 1906 1905)
4(1905 1906 1979 1978)
4(1978 1979 2052 2051)
4(2051 2052 2125 2124)
4(2124 2125 2198 2197)
4(2197 2198 2271 2270)
4(2270 2271 2344 2343)
4(2343 2344 2417 2416)
4(1249 1250 1323 1322)
4(1322 1323 1396 1395)
4(1395 1396 1469 1468)
4(1468 1469 1542 1541)
4(1541 1542 1615 1614)
4(1614 1615 1688 1687)
4(1687 1688 1761 1760)
4(1760 1761 1834 1833)
4(1833 1834 1907 1906)
4(1906 1907 1980 1979)
4(1979 1980 2053 2052)
4(2052 2053 2126 2125)
4(2125 2126 2199 2198)
4(2198 2199 2272 2271)
4(2271 2272 2345 2344)
4(2344 2345 2418 2417)
4(1250 1251 1324 1323)
4(1323 1324 1397 1396)
4(1396 1397 1470 1469)
4(1469 1470 1543 1542)
4(1542 1543 1616 1615)
4(1615 1616 1689 1688)
4(1688 1689 1762 1761)
4(1761 1762 1835 1834)
4(1834 1835 1908 1907)
4(1907 1908 1981 1980)
4(1980 1981 2054 2053)
4(2053 2054 2127 2126)
4(2126 2127 2200 2199)
4(2199 2200 2273 2272)
4(2272 2273 2346 2345)
4(2345 2346 2419 2418)
4(1251 1252 1325 1324)
4(1324 1325 1398 1397)
4(1397 1398 1471 1470)
4(1470 1471 1544 1543)
4(1543 1544 1617 1616)
4(1616 1617 1690 1689)
4(1689 1690 1763 1762)
4(1762 1763 1836 1835)
4(1835 1836 1909 1908)
4(1908 1909 1982 1981)
4(1981 1982 2055 2054)
4(2054 2055 2128 2127)
4(2127 2128 2201 2200)
4(2200 2201 2274 2273)
4(2273 2274 2347 2346)
4(2346 2347 2420 2419)
4(1252 1253 1326 1325)
4(1325 1326 1399 1398)
4(1398 1399 1472 1471)
4(1471 1472 1545 1544)
4(1544 1545 1618 1617)
4(1617 1618 1691 1690)
4(1690 1691 1764 1763)
4(1763 1764 1837 1836)
4(1836 1837 1910 1909)
4(1909 1910 1983 1982)
4(1982 1983 2056 2055)
4(2055 2056 2129 2128)
4(2128 2129 2202 2201)
4(2201 2202 2275 2274)
4(2274 2275 2348 2347)
4(2347 2348 2421 2420)
4(1253 1254 1327 1326)
4(1326 1327 1400 1399)
4(1399 1400 1473 1472)
4(1472 1473 1546 1545)
4(1545 1546 1619 1618)
4(1618 1619 1692 1691)
4(1691 1692 1765 1764)
4(1764 1765 1838 1837)
4(1837 1838 1911 1910)
4(1910 1911 1984 1983)
4(1983 1984 2057 2056)
4(2056 2057 2130 2129)
4(2129 2130 2203 2202)
4(2202 2203 2276 2275)
4(2275 2276 2349 2348)
4(2348 2349 2422 2421)
4(1254 1255 1328 1327)
4(1327 1328 1401 1400)
4(1400 1401 1474 1473)
4(1473 1474 1547 1546)
4(1546 1547 1620 1619)
4(1619 1620 1693 1692)
4(1692 1693 1766 1765)
4(1765 1766 1839 1838)
4(1838 1839 1912 1911)
4(1911 1912 1985 1984)
4(1984 1985 2058 2057)
4(2057 2058 2131 2130)
4(2130 2131 2204 2203)
4(2203 2204 2277 2276)
4(2276 2277 2350 2349)
4(2349 2350 2423 2422)
4(1255 1256 1329 1328)
4(1328 1329 1402 1401)
4(1401 1402 1475 1474)
4(1474 1475 1548 1547)
4(1547 1548 1621 1620)
4(1620 1621 1694 1693)
4(1693 1694 1767 1766)
4(1766 1767 1840 1839)
4(1839 1840 1913 1912)
4(1912 1913 1986 1985)
4(1985 1986 2059 2058)
4(2058 2059 2132 2131)
4(2131 2132 2205 2204)
4(2204 2205 2278 2277)
4(2277 2278 2351 2350)
4(2350 2351 2424 2423)
4(1256 1257 1330 1329)
4(1329 1330 1403 1402)
4(1402 1403 1476 1475)
4(1475 1476 1549 1548)
4(1548 1549 1622 1621)
4(1621 1622 1695 1694)
4(1694 1695 1768 1767)
4(1767 1768 1841 1840)
4(1840 1841 1914 1913)
4(1913 1914 1987 1986)
4(1986 1987 2060 2059)
4(2059 2060 2133 2132)
4(2132 2133 2206 2205)
4(2205 2206 2279 2278)
4(2278 2279 2352 2351)
4(2351 2352 2425 2424)
4(1257 1258 1331 1330)
4(1330 1331 1404 1403)
4(1403 1404 1477 1476)
4(1476 1477 1550 1549)
4(1549 1550 1623 1622)
4(1622 1623 1696 1695)
4(1695 1696 1769 1768)
4(1768 1769 1842 1841)
4(1841 1842 1915 1914)
4(1914 1915 1988 1987)
4(1987 1988 2061 2060)
4(2060 2061 2134 2133)
4(2133 2134 2207 2206)
4(2206 2207 2280 2279)
4(2279 2280 2353 2352)
4(2352 2353 2426 2425)
4(1258 1259 1332 1331)
4(1331 1332 1405 1404)
4(1404 1405 1478 1477)
4(1477 1478 1551 1550)
4(1550 1551 1624 1623)
4(1623 1624 1697 1696)
4(1696 1697 1770 1769)
4(1769 1770 1843 1842)
4(1842 1843 1916 1915)
4(1915 1916 1989 1988)
4(1988 1989 2062 2061)
4(2061 2062 2135 2134)
4(2134 2135 2208 2207)
4(2207 2208 2281 2280)
4(2280 2281 2354 2353)
4(2353 2354 2427 2426)
4(1259 1260 1333 1332)
4(1332 1333 1406 1405)
4(1405 1406 1479 1478)
4(1478 1479 1552 1551)
4(1551 1552 1625 1624)
4(1624 1625 1698 1697)
4(1697 1698 1771 1770)
4(1770 1771 1844 1843)
4(1843 1844 1917 1916)
4(1916 1917 1990 1989)
4(1989 1990 2063 2062)
4(2062 2063 2136 2135)
4(2135 2136 2209 2208)
4(2208 2209 2282 2281)
4(2281 2282 2355 2354)
4(2354 2355 2428 2427)
4(1260 1261 1334 1333)
4(1333 1334 1407 1406)
4(1406 1407 1480 1479)
4(1479 1480 1553 1552)
4(1552 1553 1626 1625)
4(1625 1626 1699 1698)
4(1698 1699 1772 1771)
4(1771 1772 1845 1844)
4(1844 1845 1918 1917)
4(1917 1918 1991 1990)
4(1990 1991 2064 2063)
4(2063 2064 2137 2136)
4(2136 2137 2210 2209)
4(2209 2210 2283 2282)
4(2282 2283 2356 2355)
4(2355 2356 2429 2428)
4(1261 1262 1335 1334)
4(1334 1335 1408 1407)
4(1407 1408 1481 1480)
4(1480 1481 1554 1553)
4(1553 1554 1627 1626)
4(1626 1627 1700 1699)
4(1699 1700 1773 1772)
4(1772 1773 1846 1845)
4(1845 1846 1919 1918)
4(1918 1919 1992 1991)
4(1991 1992 2065 2064)
4(2064 2065 2138 2137)
4(2137 2138 2211 2210)
4(2210 2211 2284 2283)
4(2283 2284 2357 2356)
4(2356 2357 2430 2429)
4(1262 1263 1336 1335)
4(1335 1336 1409 1408)
4(1408 1409 1482 1481)
4(1481 1482 1555 1554)
4(1554 1555 1628 1627)
4(1627 1628 1701 1700)
4(1700 1701 1774 1773)
4(1773 1774 1847 1846)
4(1846 1847 1920 1919)
4(1919 1920 1993 1992)
4(1992 1993 2066 2065)
4(2065 2066 2139 2138)
4(2138 2139 2212 2211)
4(2211 2212 2285 2284)
4(2284 2285 2358 2357)
4(2357 2358 2431 2430)
4(1263 1264 1337 1336)
4(1336 1337 1410 1409)
4(1409 1410 1483 1482)
4(1482 1483 1556 1555)
4(1555 1556 1629 1628)
4(1628 1629 1702 1701)
4(1701 1702 1775 1774)
4(1774 1775 1848 1847)
4(1847 1848 1921 1920)
4(1920 1921 1994 1993)
4(1993 1994 2067 2066)
4(2066 2067 2140 2139)
4(2139 2140 2213 2212)
4(2212 2213 2286 2285)
4(2285 2286 2359 2358)
4(2358 2359 2432 2431)
4(1264 1265 1338 1337)
4(1337 1338 1411 1410)
4(1410 1411 1484 1483)
4(1483 1484 1557 1556)
4(1556 1557 1630 1629)
4(1629 1630 1703 1702)
4(1702 1703 1776 1775)
4(1775 1776 1849 1848)
4(1848 1849 1922 1921)
4(1921 1922 1995 1994)
4(1994 1995 2068 2067)
4(2067 2068 2141 2140)
4(2140 2141 2214 2213)
4(2213 2214 2287 2286)
4(2286 2287 2360 2359)
4(2359 2360 2433 2432)
4(1265 1266 1339 1338)
4(1338 1339 1412 1411)
4(1411 1412 1485 1484)
4(1484 1485 1558 1557)
4(1557 1558 1631 1630)
4(1630 1631 1704 1703)
4(1703 1704 1777 1776)
4(1776 1777 1850 1849)
4(1849 1850 1923 1922)
4(1922 1923 1996 1995)
4(1995 1996 2069 2068)
4(2068 2069 2142 2141)
4(2141 2142 2215 2214)
4(2214 2215 2288 2287)
4(2287 2288 2361 2360)
4(2360 2361 2434 2433)
4(1266 1267 1340 1339)
4(1339 1340 1413 1412)
4(1412 1413 1486 1485)
4(1485 1486 1559 1558)
4(1558 1559 1632 1631)
4(1631 1632 1705 1704)
4(1704 1705 1778 1777)
4(1777 1778 1851 1850)
4(1850 1851 1924 1923)
4(1923 1924 1997 1996)
4(1996 1997 2070 2069)
4(2069 2070 2143 2142)
4(2142 2143 2216 2215)
4(2215 2216 2289 2288)
4(2288 2289 2362 2361)
4(2361 2362 2435 2434)
4(1267 1268 1341 1340)
4(1340 1341 1414 1413)
4(1413 1414 1487 1486)
4(1486 1487 1560 1559)
4(1559 1560 1633 1632)
4(1632 1633 1706 1705)
4(1705 1706 1779 1778)
4(1778 1779 1852 1851)
4(1851 1852 1925 1924)
4(1924 1925 1998 1997)
4(1997 1998 2071 2070)
4(2070 2071 2144 2143)
4(2143 2144 2217 2216)
4(2216 2217 2290 2289)
4(2289 2290 2363 2362)
4(2362 2363 2436 2435)
4(1268 1269 1342 1341)
4(1341 1342 1415 1414)
4(1414 1415 1488 1487)
4(1487 1488 1561 1560)
4(1560 1561 1634 1633)
4(1633 1634 1707 1706)
4(1706 1707 1780 1779)
4(1779 1780 1853 1852)
4(1852 1853 1926 1925)
4(1925 1926 1999 1998)
4(1998 1999 2072 2071)
4(2071 2072 2145 2144)
4(2144 2145 2218 2217)
4(2217 2218 2291 2290)
4(2290 2291 2364 2363)
4(2363 2364 2437 2436)
4(1269 1270 1343 1342)
4(1342 1343 1416 1415)
4(1415 1416 1489 1488)
4(1488 1489 1562 1561)
4(1561 1562 1635 1634)
4(1634 1635 1708 1707)
4(1707 1708 1781 1780)
4(1780 1781 1854 1853)
4(1853 1854 1927 1926)
4(1926 1927 2000 1999)
4(1999 2000 2073 2072)
4(2072 2073 2146 2145)
4(2145 2146 2219 2218)
4(2218 2219 2292 2291)
4(2291 2292 2365 2364)
4(2364 2365 2438 2437)
4(1270 1271 1344 1343)
4(1343 1344 1417 1416)
4(1416 1417 1490 1489)
4(1489 1490 1563 1562)
4(1562 1563 1636 1635)
4(1635 1636 1709 1708)
4(1708 1709 1782 1781)
4(1781 1782 1855 1854)
4(1854 1855 1928 1927)
4(1927 1928 2001 2000)
4(2000 2001 2074 2073)
4(2073 2074 2147 2146)
4(2146 2147 2220 2219)
4(2219 2220 2293 2292)
4(2292 2293 2366 2365)
4(2365 2366 2439 2438)
4(1271 1272 1345 1344)
4(1344 1345 1418 1417)
4(1417 1418 1491 1490)
4(1490 1491 1564 1563)
4(1563 1564 1637 1636)
4(1636 1637 1710 1709)
4(1709 1710 1783 1782)
4(1782 1783 1856 1855)
4(1855 1856 1929 1928)
4(1928 1929 2002 2001)
4(2001 2002 2075 2074)
4(2074 2075 2148 2147)
4(2147 2148 2221 2220)
4(2220 2221 2294 2293)
4(2293 2294 2367 2366)
4(2366 2367 2440 2439)
4(1272 1273 1346 1345)
4(1345 1346 1419 1418)
4(1418 1419 1492 1491)
4(1491 1492 1565 1564)
4(1564 1565 1638 1637)
4(1637 1638 1711 1710)
4(1710 1711 1784 1783)
4(1783 1784 1857 1856)
4(1856 1857 1930 1929)
4(1929 1930 2003 2002)
4(2002 2003 2076 2075)
4(2075 2076 2149 2148)
4(2148 2149 2222 2221)
4(2221 2222 2295 2294)
4(2294 2295 2368 2367)
4(2367 2368 2441 2440)
4(1273 1274 1347 1346)
4(1346 1347 1420 1419)
4(1419 1420 1493 1492)
4(1492 1493 1566 1565)
4(1565 1566 1639 1638)
4(1638 1639 1712 1711)
4(1711 1712 1785 1784)
4(1784 1785 1858 1857)
4(1857 1858 1931 1930)
4(1930 1931 2004 2003)
4(2003 2004 2077 2076)
4(2076 2077 2150 2149)
4(2149 2150 2223 2222)
4(2222 2223 2296 2295)
4(2295 2296 2369 2368)
4(2368 2369 2442 2441)
4(1274 1275 1348 1347)
4(1347 1348 1421 1420)
4(1420 1421 1494 1493)
4(1493 1494 1567 1566)
4(1566 1567 1640 1639)
4(1639 1640 1713 1712)
4(1712 1713 1786 1785)
4(1785 1786 1859 1858)
4(1858 1859 1932 1931)
4(1931 1932 2005 2004)
4(2004 2005 2078 2077)
4(2077 2078 2151 2150)
4(2150 2151 2224 2223)
4(2223 2224 2297 2296)
4(2296 2297 2370 2369)
4(2369 2370 2443 2442)
4(1275 1276 1349 1348)
4(1348 1349 1422 1421)
4(1421 1422 1495 1494)
4(1494 1495 1568 1567)
4(1567 1568 1641 1640)
4(1640 1641 1714 1713)
4(1713 1714 1787 1786)
4(1786 1787 1860 1859)
4(1859 1860 1933 1932)
4(1932 1933 2006 2005)
4(2005 2006 2079 2078)
4(2078 2079 2152 2151)
4(2151 2152 2225 2224)
4(2224 2225 2298 2297)
4(2297 2298 2371 2370)
4(2370 2371 2444 2443)
4(1276 1277 1350 1349)
4(1349 1350 1423 1422)
4(1422 1423 1496 1495)
4(1495 1496 1569 1568)
4(1568 1569 1642 1641)
4(1641 1642 1715 1714)
4(1714 1715 1788 1787)
4(1787 1788 1861 1860)
4(1860 1861 1934 1933)
4(1933 1934 2007 2006)
4(2006 2007 2080 2079)
4(2079 2080 2153 2152)
4(2152 2153 2226 2225)
4(2225 2226 2299 2298)
4(2298 2299 2372 2371)
4(2371 2372 2445 2444)
4(1277 1278 1351 1350)
4(1350 1351 1424 1423)
4(1423 1424 1497 1496)
4(1496 1497 1570 1569)
4(1569 1570 1643 1642)
4(1642 1643 1716 1715)
4(1715 1716 1789 1788)
4(1788 1789 1862 1861)
4(1861 1862 1935 1934)
4(1934 1935 2008 2007)
4(2007 2008 2081 2080)
4(2080 2081 2154 2153)
4(2153 2154 2227 2226)
4(2226 2227 2300 2299)
4(2299 2300 2373 2372)
4(2372 2373 2446 2445)
4(1278 1279 1352 1351)
4(1351 1352 1425 1424)
4(1424 1425 1498 1497)
4(1497 1498 1571 1570)
4(1570 1571 1644 1643)
4(1643 1644 1717 1716)
4(1716 1717 1790 1789)
4(1789 1790 1863 1862)
4(1862 1863 1936 1935)
4(1935 1936 2009 2008)
4(2008 2009 2082 2081)
4(2081 2082 2155 2154)
4(2154 2155 2228 2227)
4(2227 2228 2301 2300)
4(2300 2301 2374 2373)
4(2373 2374 2447 2446)
4(1279 1280 1353 1352)
4(1352 1353 1426 1425)
4(1425 1426 1499 1498)
4(1498 1499 1572 1571)
4(1571 1572 1645 1644)
4(1644 1645 1718 1717)
4(1717 1718 1791 1790)
4(1790 1791 1864 1863)
4(1863 1864 1937 1936)
4(1936 1937 2010 2009)
4(2009 2010 2083 2082)
4(2082 2083 2156 2155)
4(2155 2156 2229 2228)
4(2228 2229 2302 2301)
4(2301 2302 2375 2374)
4(2374 2375 2448 2447)
4(1280 1281 1354 1353)
4(1353 1354 1427 1426)
4(1426 1427 1500 1499)
4(1499 1500 1573 1572)
4(1572 1573 1646 1645)
4(1645 1646 1719 1718)
4(1718 1719 1792 1791)
4(1791 1792 1865 1864)
4(1864 1865 1938 1937)
4(1937 1938 2011 2010)
4(2010 2011 2084 2083)
4(2083 2084 2157 2156)
4(2156 2157 2230 2229)
4(2229 2230 2303 2302)
4(2302 2303 2376 2375)
4(2375 2376 2449 2448)
4(1281 1282 1355 1354)
4(1354 1355 1428 1427)
4(1427 1428 1501 1500)
4(1500 1501 1574 1573)
4(1573 1574 1647 1646)
4(1646 1647 1720 1719)
4(1719 1720 1793 1792)
4(1792 1793 1866 1865)
4(1865 1866 1939 1938)
4(1938 1939 2012 2011)
4(2011 2012 2085 2084)
4(2084 2085 2158 2157)
4(2157 2158 2231 2230)
4(2230 2231 2304 2303)
4(2303 2304 2377 2376)
4(2376 2377 2450 2449)
4(1282 1283 1356 1355)
4(1355 1356 1429 1428)
4(1428 1429 1502 1501)
4(1501 1502 1575 1574)
4(1574 1575 1648 1647)
4(1647 1648 1721 1720)
4(1720 1721 1794 1793)
4(1793 1794 1867 1866)
4(1866 1867 1940 1939)
4(1939 1940 2013 2012)
4(2012 2013 2086 2085)
4(2085 2086 2159 2158)
4(2158 2159 2232 2231)
4(2231 2232 2305 2304)
4(2304 2305 2378 2377)
4(2377 2378 2451 2450)
4(1283 1284 1357 1356)
4(1356 1357 1430 1429)
4(1429 1430 1503 1502)
4(1502 1503 1576 1575)
4(1575 1576 1649 1648)
4(1648 1649 1722 1721)
4(1721 1722 1795 1794)
4(1794 1795 1868 1867)
4(1867 1868 1941 1940)
4(1940 1941 2014 2013)
4(2013 2014 2087 2086)
4(2086 2087 2160 2159)
4(2159 2160 2233 2232)
4(2232 2233 2306 2305)
4(2305 2306 2379 2378)
4(2378 2379 2452 2451)
4(1284 1285 1358 1357)
4(1357 1358 1431 1430)
4(1430 1431 1504 1503)
4(1503 1504 1577 1576)
4(1576 1577 1650 1649)
4(1649 1650 1723 1722)
4(1722 1723 1796 1795)
4(1795 1796 1869 1868)
4(1868 1869 1942 1941)
4(1941 1942 2015 2014)
4(2014 2015 2088 2087)
4(2087 2088 2161 2160)
4(2160 2161 2234 2233)
4(2233 2234 2307 2306)
4(2306 2307 2380 2379)
4(2379 2380 2453 2452)
4(1285 1286 1359 1358)
4(1358 1359 1432 1431)
4(1431 1432 1505 1504)
4(1504 1505 1578 1577)
4(1577 1578 1651 1650)
4(1650 1651 1724 1723)
4(1723 1724 1797 1796)
4(1796 1797 1870 1869)
4(1869 1870 1943 1942)
4(1942 1943 2016 2015)
4(2015 2016 2089 2088)
4(2088 2089 2162 2161)
4(2161 2162 2235 2234)
4(2234 2235 2308 2307)
4(2307 2308 2381 2380)
4(2380 2381 2454 2453)
4(1286 1287 1360 1359)
4(1359 1360 1433 1432)
4(1432 1433 1506 1505)
4(1505 1506 1579 1578)
4(1578 1579 1652 1651)
4(1651 1652 1725 1724)
4(1724 1725 1798 1797)
4(1797 1798 1871 1870)
4(1870 1871 1944 1943)
4(1943 1944 2017 2016)
4(2016 2017 2090 2089)
4(2089 2090 2163 2162)
4(2162 2163 2236 2235)
4(2235 2236 2309 2308)
4(2308 2309 2382 2381)
4(2381 2382 2455 2454)
4(1287 1288 1361 1360)
4(1360 1361 1434 1433)
4(1433 1434 1507 1506)
4(1506 1507 1580 1579)
4(1579 1580 1653 1652)
4(1652 1653 1726 1725)
4(1725 1726 1799 1798)
4(1798 1799 1872 1871)
4(1871 1872 1945 1944)
4(1944 1945 2018 2017)
4(2017 2018 2091 2090)
4(2090 2091 2164 2163)
4(2163 2164 2237 2236)
4(2236 2237 2310 2309)
4(2309 2310 2383 2382)
4(2382 2383 2456 2455)
4(1288 1289 1362 1361)
4(1361 1362 1435 1434)
4(1434 1435 1508 1507)
4(1507 1508 1581 1580)
4(1580 1581 1654 1653)
4(1653 1654 1727 1726)
4(1726 1727 1800 1799)
4(1799 1800 1873 1872)
4(1872 1873 1946 1945)
4(1945 1946 2019 2018)
4(2018 2019 2092 2091)
4(2091 2092 2165 2164)
4(2164 2165 2238 2237)
4(2237 2238 2311 2310)
4(2310 2311 2384 2383)
4(2383 2384 2457 2456)
4(1289 1290 1363 1362)
4(1362 1363 1436 1435)
4(1435 1436 1509 1508)
4(1508 1509 1582 1581)
4(1581 1582 1655 1654)
4(1654 1655 1728 1727)
4(1727 1728 1801 1800)
4(1800 1801 1874 1873)
4(1873 1874 1947 1946)
4(1946 1947 2020 2019)
4(2019 2020 2093 2092)
4(2092 2093 2166 2165)
4(2165 2166 2239 2238)
4(2238 2239 2312 2311)
4(2311 2312 2385 2384)
4(2384 2385 2458 2457)
4(1290 1291 1364 1363)
4(1363 1364 1437 1436)
4(1436 1437 1510 1509)
4(1509 1510 1583 1582)
4(1582 1583 1656 1655)
4(1655 1656 1729 1728)
4(1728 1729 1802 1801)
4(1801 1802 1875 1874)
4(1874 1875 1948 1947)
4(1947 1948 2021 2020)
4(2020 2021 2094 2093)
4(2093 2094 2167 2166)
4(2166 2167 2240 2239)
4(2239 2240 2313 2312)
4(2312 2313 2386 2385)
4(2385 2386 2459 2458)
4(1291 1292 1365 1364)
4(1364 1365 1438 1437)
4(1437 1438 1511 1510)
4(1510 1511 1584 1583)
4(1583 1584 1657 1656)
4(1656 1657 1730 1729)
4(1729 1730 1803 1802)
4(1802 1803 1876 1875)
4(1875 1876 1949 1948)
4(1948 1949 2022 2021)
4(2021 2022 2095 2094)
4(2094 2095 2168 2167)
4(2167 2168 2241 2240)
4(2240 2241 2314 2313)
4(2313 2314 2387 2386)
4(2386 2387 2460 2459)
4(1292 1293 1366 1365)
4(1365 1366 1439 1438)
4(1438 1439 1512 1511)
4(1511 1512 1585 1584)
4(1584 1585 1658 1657)
4(1657 1658 1731 1730)
4(1730 1731 1804 1803)
4(1803 1804 1877 1876)
4(1876 1877 1950 1949)
4(1949 1950 2023 2022)
4(2022 2023 2096 2095)
4(2095 2096 2169 2168)
4(2168 2169 2242 2241)
4(2241 2242 2315 2314)
4(2314 2315 2388 2387)
4(2387 2388 2461 2460)
4(1293 1294 1367 1366)
4(1366 1367 1440 1439)
4(1439 1440 1513 1512)
4(1512 1513 1586 1585)
4(1585 1586 1659 1658)
4(1658 1659 1732 1731)
4(1731 1732 1805 1804)
4(1804 1805 1878 1877)
4(1877 1878 1951 1950)
4(1950 1951 2024 2023)
4(2023 2024 2097 2096)
4(2096 2097 2170 2169)
4(2169 2170 2243 2242)
4(2242 2243 2316 2315)
4(2315 2316 2389 2388)
4(2388 2389 2462 2461)
4(1294 1295 1368 1367)
4(1367 1368 1441 1440)
4(1440 1441 1514 1513)
4(1513 1514 1587 1586)
4(1586 1587 1660 1659)
4(1659 1660 1733 1732)
4(1732 1733 1806 1805)
4(1805 1806 1879 1878)
4(1878 1879 1952 1951)
4(1951 1952 2025 2024)
4(2024 2025 2098 2097)
4(2097 2098 2171 2170)
4(2170 2171 2244 2243)
4(2243 2244 2317 2316)
4(2316 2317 2390 2389)
4(2389 2390 2463 2462)
4(1295 1296 1369 1368)
4(1368 1369 1442 1441)
4(1441 1442 1515 1514)
4(1514 1515 1588 1587)
4(1587 1588 1661 1660)
4(1660 1661 1734 1733)
4(1733 1734 1807 1806)
4(1806 1807 1880 1879)
4(1879 1880 1953 1952)
4(1952 1953 2026 2025)
4(2025 2026 2099 2098)
4(2098 2099 2172 2171)
4(2171 2172 2245 2244)
4(2244 2245 2318 2317)
4(2317 2318 2391 2390)
4(2390 2391 2464 2463)
4(1296 1297 1370 1369)
4(1369 1370 1443 1442)
4(1442 1443 1516 1515)
4(1515 1516 1589 1588)
4(1588 1589 1662 1661)
4(1661 1662 1735 1734)
4(1734 1735 1808 1807)
4(1807 1808 1881 1880)
4(1880 1881 1954 1953)
4(1953 1954 2027 2026)
4(2026 2027 2100 2099)
4(2099 2100 2173 2172)
4(2172 2173 2246 2245)
4(2245 2246 2319 2318)
4(2318 2319 2392 2391)
4(2391 2392 2465 2464)
4(1297 1298 1371 1370)
4(1370 1371 1444 1443)
4(1443 1444 1517 1516)
4(1516 1517 1590 1589)
4(1589 1590 1663 1662)
4(1662 1663 1736 1735)
4(1735 1736 1809 1808)
4(1808 1809 1882 1881)
4(1881 1882 1955 1954)
4(1954 1955 2028 2027)
4(2027 2028 2101 2100)
4(2100 2101 2174 2173)
4(2173 2174 2247 2246)
4(2246 2247 2320 2319)
4(2319 2320 2393 2392)
4(2392 2393 2466 2465)
4(1298 1299 1372 1371)
4(1371 1372 1445 1444)
4(1444 1445 1518 1517)
4(1517 1518 1591 1590)
4(1590 1591 1664 1663)
4(1663 1664 1737 1736)
4(1736 1737 1810 1809)
4(1809 1810 1883 1882)
4(1882 1883 1956 1955)
4(1955 1956 2029 2028)
4(2028 2029 2102 2101)
4(2101 2102 2175 2174)
4(2174 2175 2248 2247)
4(2247 2248 2321 2320)
4(2320 2321 2394 2393)
4(2393 2394 2467 2466)
4(1299 1300 1373 1372)
4(1372 1373 1446 1445)
4(1445 1446 1519 1518)
4(1518 1519 1592 1591)
4(1591 1592 1665 1664)
4(1664 1665 1738 1737)
4(1737 1738 1811 1810)
4(1810 1811 1884 1883)
4(1883 1884 1957 1956)
4(1956 1957 2030 2029)
4(2029 2030 2103 2102)
4(2102 2103 2176 2175)
4(2175 2176 2249 2248)
4(2248 2249 2322 2321)
4(2321 2322 2395 2394)
4(2394 2395 2468 2467)
4(1300 1301 1374 1373)
4(1373 1374 1447 1446)
4(1446 1447 1520 1519)
4(1519 1520 1593 1592)
4(1592 1593 1666 1665)
4(1665 1666 1739 1738)
4(1738 1739 1812 1811)
4(1811 1812 1885 1884)
4(1884 1885 1958 1957)
4(1957 1958 2031 2030)
4(2030 2031 2104 2103)
4(2103 2104 2177 2176)
4(2176 2177 2250 2249)
4(2249 2250 2323 2322)
4(2322 2323 2396 2395)
4(2395 2396 2469 2468)
4(1301 1302 1375 1374)
4(1374 1375 1448 1447)
4(1447 1448 1521 1520)
4(1520 1521 1594 1593)
4(1593 1594 1667 1666)
4(1666 1667 1740 1739)
4(1739 1740 1813 1812)
4(1812 1813 1886 1885)
4(1885 1886 1959 1958)
4(1958 1959 2032 2031)
4(2031 2032 2105 2104)
4(2104 2105 2178 2177)
4(2177 2178 2251 2250)
4(2250 2251 2324 2323)
4(2323 2324 2397 2396)
4(2396 2397 2470 2469)
4(1302 1303 1376 1375)
4(1375 1376 1449 1448)
4(1448 1449 1522 1521)
4(1521 1522 1595 1594)
4(1594 1595 1668 1667)
4(1667 1668 1741 1740)
4(1740 1741 1814 1813)
4(1813 1814 1887 1886)
4(1886 1887 1960 1959)
4(1959 1960 2033 2032)
4(2032 2033 2106 2105)
4(2105 2106 2179 2178)
4(2178 2179 2252 2251)
4(2251 2252 2325 2324)
4(2324 2325 2398 2397)
4(2397 2398 2471 2470)
4(1303 1304 1377 1376)
4(1376 1377 1450 1449)
4(1449 1450 1523 1522)
4(1522 1523 1596 1595)
4(1595 1596 1669 1668)
4(1668 1669 1742 1741)
4(1741 1742 1815 1814)
4(1814 1815 1888 1887)
4(1887 1888 1961 1960)
4(1960 1961 2034 2033)
4(2033 2034 2107 2106)
4(2106 2107 2180 2179)
4(2179 2180 2253 2252)
4(2252 2253 2326 2325)
4(2325 2326 2399 2398)
4(2398 2399 2472 2471)
4(1304 1305 1378 1377)
4(1377 1378 1451 1450)
4(1450 1451 1524 1523)
4(1523 1524 1597 1596)
4(1596 1597 1670 1669)
4(1669 1670 1743 1742)
4(1742 1743 1816 1815)
4(1815 1816 1889 1888)
4(1888 1889 1962 1961)
4(1961 1962 2035 2034)
4(2034 2035 2108 2107)
4(2107 2108 2181 2180)
4(2180 2181 2254 2253)
4(2253 2254 2327 2326)
4(2326 2327 2400 2399)
4(2399 2400 2473 2472)
4(1305 1306 1379 1378)
4(1378 1379 1452 1451)
4(1451 1452 1525 1524)
4(1524 1525 1598 1597)
4(1597 1598 1671 1670)
4(1670 1671 1744 1743)
4(1743 1744 1817 1816)
4(1816 1817 1890 1889)
4(1889 1890 1963 1962)
4(1962 1963 2036 2035)
4(2035 2036 2109 2108)
4(2108 2109 2182 2181)
4(2181 2182 2255 2254)
4(2254 2255 2328 2327)
4(2327 2328 2401 2400)
4(2400 2401 2474 2473)
4(1306 1307 1380 1379)
4(1379 1380 1453 1452)
4(1452 1453 1526 1525)
4(1525 1526 1599 1598)
4(1598 1599 1672 1671)
4(1671 1672 1745 1744)
4(1744 1745 1818 1817)
4(1817 1818 1891 1890)
4(1890 1891 1964 1963)
4(1963 1964 2037 2036)
4(2036 2037 2110 2109)
4(2109 2110 2183 2182)
4(2182 2183 2256 2255)
4(2255 2256 2329 2328)
4(2328 2329 2402 2401)
4(2401 2402 2475 2474)
4(1307 1308 1381 1380)
4(1380 1381 1454 1453)
4(1453 1454 1527 1526)
4(1526 1527 1600 1599)
4(1599 1600 1673 1672)
4(1672 1673 1746 1745)
4(1745 1746 1819 1818)
4(1818 1819 1892 1891)
4(1891 1892 1965 1964)
4(1964 1965 2038 2037)
4(2037 2038 2111 2110)
4(2110 2111 2184 2183)
4(2183 2184 2257 2256)
4(2256 2257 2330 2329)
4(2329 2330 2403 2402)
4(2402 2403 2476 2475)
4(1308 1309 1382 1381)
4(1381 1382 1455 1454)
4(1454 1455 1528 1527)
4(1527 1528 1601 1600)
4(1600 1601 1674 1673)
4(1673 1674 1747 1746)
4(1746 1747 1820 1819)
4(1819 1820 1893 1892)
4(1892 1893 1966 1965)
4(1965 1966 2039 2038)
4(2038 2039 2112 2111)
4(2111 2112 2185 2184)
4(2184 2185 2258 2257)
4(2257 2258 2331 2330)
4(2330 2331 2404 2403)
4(2403 2404 2477 2476)
4(1309 1310 1383 1382)
4(1382 1383 1456 1455)
4(1455 1456 1529 1528)
4(1528 1529 1602 1601)
4(1601 1602 1675 1674)
4(1674 1675 1748 1747)
4(1747 1748 1821 1820)
4(1820 1821 1894 1893)
4(1893 1894 1967 1966)
4(1966 1967 2040 2039)
4(2039 2040 2113 2112)
4(2112 2113 2186 2185)
4(2185 2186 2259 2258)
4(2258 2259 2332 2331)
4(2331 2332 2405 2404)
4(2404 2405 2478 2477)
4(1310 1311 1384 1383)
4(1383 1384 1457 1456)
4(1456 1457 1530 1529)
4(1529 1530 1603 1602)
4(1602 1603 1676 1675)
4(1675 1676 1749 1748)
4(1748 1749 1822 1821)
4(1821 1822 1895 1894)
4(1894 1895 1968 1967)
4(1967 1968 2041 2040)
4(2040 2041 2114 2113)
4(2113 2114 2187 2186)
4(2186 2187 2260 2259)
4(2259 2260 2333 2332)
4(2332 2333 2406 2405)
4(2405 2406 2479 2478)
4(1311 1312 1385 1384)
4(1384 1385 1458 1457)
4(1457 1458 1531 1530)
4(1530 1531 1604 1603)
4(1603 1604 1677 1676)
4(1676 1677 1750 1749)
4(1749 1750 1823 1822)
4(1822 1823 1896 1895)
4(1895 1896 1969 1968)
4(1968 1969 2042 2041)
4(2041 2042 2115 2114)
4(2114 2115 2188 2187)
4(2187 2188 2261 2260)
4(2260 2261 2334 2333)
4(2333 2334 2407 2406)
4(2406 2407 2480 2479)
4(1312 1313 1386 1385)
4(1385 1386 1459 1458)
4(1458 1459 1532 1531)
4(1531 1532 1605 1604)
4(1604 1605 1678 1677)
4(1677 1678 1751 1750)
4(1750 1751 1824 1823)
4(1823 1824 1897 1896)
4(1896 1897 1970 1969)
4(1969 1970 2043 2042)
4(2042 2043 2116 2115)
4(2115 2116 2189 2188)
4(2188 2189 2262 2261)
4(2261 2262 2335 2334)
4(2334 2335 2408 2407)
4(2407 2408 2481 2480)
)


// ************************************************************************* //
