# evidence_mode: REAL; initial linear-solver residuals from logs/simpleFoam.stdout.log; no convergence verdict
iteration,p_initial_residual,Ux_initial_residual,Uy_initial_residual
1.0,1.0,0.999999999986,1.0
2.0,0.0382746399303,0.243319279702,0.615805552556
3.0,0.0814707674919,0.151791787175,0.215323795945
4.0,0.0886041521001,0.0781029687629,0.0824340844191
5.0,0.367235825353,0.0384555916127,0.365917915519
6.0,0.328899203209,0.0369619751015,0.342030027383
7.0,0.227297427206,0.0268650525924,0.154528473395
8.0,0.0618714493401,0.0352789152561,0.19151557619
9.0,0.0802195837386,0.0307669322011,0.0502679807597
10.0,0.0886195954465,0.0203287376019,0.0987412511661
11.0,0.221010247074,0.0149571298256,0.152943381269
12.0,0.197732704082,0.0137407735047,0.0466547075367
13.0,0.057808490047,0.0154769699332,0.0679430671014
14.0,0.0487880668819,0.0162525327254,0.0550349891866
15.0,0.0497359204786,0.013909422408,0.0128248920555
16.0,0.0447996197196,0.0112464649205,0.0606453107352
17.0,0.0679443277783,0.0100599432258,0.0493636649692
18.0,0.0445627371383,0.00998907787091,0.0171414876604
19.0,0.0216023942639,0.0102661277376,0.0229419910115
20.0,0.0263874042881,0.00985438335417,0.00720342258547
21.0,0.020910164124,0.00886941925247,0.0203798621377
22.0,0.0182733727392,0.00805298528532,0.0295104123332
23.0,0.0210415213517,0.00768852016408,0.0168268969816
24.0,0.0123346751809,0.00760002642669,0.00868497405959
25.0,0.0105201045372,0.00743731590382,0.00544642686186
26.0,0.0106288984716,0.00707110940743,0.00752533921489
27.0,0.00710359650249,0.00664861113155,0.0156823627266
28.0,0.0078947179364,0.00632769136413,0.0149904480057
29.0,0.00655019970199,0.00612772618911,0.00918899826021
30.0,0.00382953037407,0.00596921390852,0.00613167648413
31.0,0.00464762148522,0.0057721789053,0.00578928505162
32.0,0.00358088735955,0.00554503295292,0.00954117911346
33.0,0.0026083628675,0.00532750471758,0.0113193030774
34.0,0.00294662278733,0.00514843134227,0.00976106339834
35.0,0.00195014130127,0.00499991902817,0.00747684848776
36.0,0.00165751108464,0.00485542401783,0.00665096668906
37.0,0.00175888327699,0.00470458376111,0.00768690622287
38.0,0.00118337093323,0.00455513915069,0.00897496773535
39.0,0.00119566638776,0.00441564896384,0.00903154899188
40.0,0.00101344830982,0.00428982089733,0.00814799665801
41.0,0.000687651385688,0.00417256948758,0.00741082722308
42.0,0.000766643243696,0.00405747811645,0.00742171847584
43.0,0.000648633787944,0.00394358547946,0.00794752636739
44.0,0.000493999728739,0.00383841748066,0.0082499112805
45.0,0.000535822657808,0.00373882097571,0.00805797051335
46.0,0.00040835872989,0.0036444820746,0.00767971949054
47.0,0.000355034449791,0.0035536625958,0.00749284770433
48.0,0.000356457489328,0.00346451561281,0.00759553928971
49.0,0.000284033230981,0.0033771633678,0.00777304339602
50.0,0.00028204608894,0.00329302544449,0.00778947042411
51.0,0.0002636163316,0.00321314380234,0.00765320298711
52.0,0.000212892000327,0.00313871289913,0.00751240575885
53.0,0.000218027157093,0.00306662663069,0.00747709392265
54.0,0.000197465242007,0.00299669924653,0.00753041621256
55.0,0.00018199250247,0.00292896260082,0.00756561288381
56.0,0.000181261492334,0.00286346195743,0.00752989550153
57.0,0.00016226715078,0.00280011500605,0.00745855662238
58.0,0.000155656213143,0.00273874119597,0.00740840415805
59.0,0.00015168543594,0.00267918611655,0.00740273939312
60.0,0.000141400848375,0.00262138215122,0.00741453328619
61.0,0.000139250336397,0.00256560346219,0.00740656122831
62.0,0.00013321060299,0.00251315587606,0.00737492683684
63.0,0.000126701010556,0.0024621727506,0.00733964763279
64.0,0.000124006490844,0.00241227271656,0.00731901024374
65.0,0.000119399519893,0.00236341266893,0.00731327118678
66.0,0.000116143299301,0.00231587067653,0.00730735641162
67.0,0.000113779958668,0.00226962565368,0.00729178013278
68.0,0.000109681623127,0.00222462784203,0.00727035575545
69.0,0.000106996489485,0.00218082877398,0.00725133181686
70.0,0.000104424597422,0.00213818380265,0.00723914566104
71.0,0.000101706606145,0.00209665169518,0.00723070308244
72.0,9.96928097853e-05,0.00205619456365,0.00722025906039
73.0,9.72229308911e-05,0.00201677570209,0.00720648229825
74.0,9.48314688412e-05,0.00197841007954,0.00719204758135
75.0,9.28016249602e-05,0.00194200875796,0.00717980664771
76.0,9.07582669508e-05,0.00190650489333,0.00717018935843
77.0,8.89379195468e-05,0.00187184955982,0.00716116615436
78.0,8.7087768929e-05,0.00183800773655,0.00715107890982
79.0,8.51843521049e-05,0.00180495230408,0.00714025291225
80.0,8.34097021309e-05,0.00177265837547,0.00712987812265
81.0,8.17431132386e-05,0.00174110358087,0.00712071903545
82.0,8.01533566587e-05,0.00171026544724,0.00711245717761
83.0,7.86051800367e-05,0.00168012153926,0.00710421697673
84.0,7.70596563086e-05,0.00165064978486,0.00709569318065
85.0,7.55668106799e-05,0.00162182932064,0.00708721944115
86.0,7.41400785319e-05,0.00159363980152,0.0070792233407
87.0,7.27698942448e-05,0.00156594096724,0.00707181516299
88.0,7.14329168506e-05,0.00153871362637,0.00706472088481
89.0,7.01173056251e-05,0.001512066994,0.00705766221974
90.0,6.88379586164e-05,0.0014859976252,0.00705063614698
91.0,6.75933103276e-05,0.00146048910801,0.00704380571104
92.0,6.6382240485e-05,0.0014355255549,0.00703728986277
93.0,6.51974091925e-05,0.00141109512291,0.00703105240514
94.0,6.40357090454e-05,0.00138758056809,0.0070249636719
95.0,6.29024376243e-05,0.00136460893959,0.00701895763702
96.0,6.17977740002e-05,0.00134210150133,0.00701306750132
97.0,6.07218472007e-05,0.00132004671779,0.00700735604075
98.0,5.96706595676e-05,0.00129843131766,0.00700184576864
99.0,5.86419753909e-05,0.00127724105992,0.00699649614136
100.0,5.76367807829e-05,0.00125646501861,0.00699125992023
101.0,5.66561590843e-05,0.00123609266188,0.0069861271341
102.0,5.56989868224e-05,0.00121611385099,0.00698111710591
103.0,5.47627887179e-05,0.00119651853083,0.00697624966668
104.0,5.38515334096e-05,0.00117729717278,0.00697151934332
105.0,5.29579210868e-05,0.00115844086568,0.00696690579176
106.0,5.20841874187e-05,0.00113994077175,0.00696239201102
107.0,5.12296442485e-05,0.00112178827201,0.00695797786758
108.0,5.03929670757e-05,0.0011039750348,0.00695367099769
109.0,4.95724767487e-05,0.00108649284079,0.00694947302813
110.0,4.87681592183e-05,0.00106933372232,0.00694538132231
111.0,4.7980164941e-05,0.00105249024842,0.00694138134528
112.0,4.72087021784e-05,0.00103595521369,0.00693746713821
113.0,4.6453532945e-05,0.0010197214843,0.00693364150688
114.0,4.57127518971e-05,0.00100378194301,0.00692990814869
115.0,4.49856478197e-05,0.000988129824817,0.00692626080322
116.0,4.42722773139e-05,0.000972758861176,0.00692269463308
117.0,4.35728979703e-05,0.000957662750095,0.00691920361918
118.0,4.28868753105e-05,0.000942835113377,0.00691578603288
119.0,4.22139023027e-05,0.000928270069833,0.00691244639053
120.0,4.15535865666e-05,0.000913961837502,0.00690918255662
121.0,4.09062838003e-05,0.00089990471665,0.00690598952964
122.0,4.02709416625e-05,0.000886093179118,0.00690286464564
123.0,3.96471002464e-05,0.000872521716313,0.00689980814138
124.0,3.9034722258e-05,0.00085917174068,0.00689681452684
125.0,3.84333556011e-05,0.000846014129436,0.00689388567541
126.0,3.78426769939e-05,0.000833059511675,0.0068910216514
127.0,3.7262449256e-05,0.000820329242487,0.00688822091612
128.0,3.66925736043e-05,0.000807818502147,0.00688547919369
129.0,3.61330236471e-05,0.000795522665969,0.00688279321503
130.0,3.55837975434e-05,0.000783437236491,0.00688016282458
131.0,3.50449103349e-05,0.000771558438615,0.00687759181915
132.0,3.45158767161e-05,0.000759940440682,0.00687507032946
133.0,3.39960797696e-05,0.000748552703527,0.00687260185669
134.0,3.34853526549e-05,0.000737354380383,0.00687018542958
135.0,3.29835465643e-05,0.000726341289649,0.00686781512424
136.0,3.24902599708e-05,0.000715509635831,0.00686550096347
137.0,3.2005279276e-05,0.000704855768994,0.00686323370602
138.0,3.15283704889e-05,0.000694376516943,0.00686101447682
139.0,3.10595767406e-05,0.000684068170141,0.00685883927128
140.0,3.05986540175e-05,0.000673927540252,0.00685671627749
141.0,3.01452274104e-05,0.000663951487059,0.00685463643388
142.0,2.96991955551e-05,0.000654136943027,0.00685259619659
143.0,2.92604335716e-05,0.000644480745021,0.00685060387489
144.0,2.88289513509e-05,0.000634979600952,0.00684865290542
145.0,2.84046629234e-05,0.000625630646996,0.00684674965198
146.0,2.79872083412e-05,0.000616431055236,0.00684488117066
147.0,2.7577641942e-05,0.000607378063128,0.00684305410522
148.0,2.71749182684e-05,0.000598468971426,0.00684127002043
149.0,2.67785222636e-05,0.000589701142262,0.00683952646632
150.0,2.63883955342e-05,0.000581071997429,0.00683781887559
151.0,2.60044423846e-05,0.000572579016754,0.00683615372939
152.0,2.56264651702e-05,0.000564219736487,0.00683452322015
153.0,2.52543693172e-05,0.000555991747656,0.00683293477698
154.0,2.48881289307e-05,0.000547892694482,0.00683138594178
155.0,2.4527525486e-05,0.00053992027288,0.0068298749752
156.0,2.41733729391e-05,0.000532072229055,0.00682839623404
157.0,2.38247616073e-05,0.000524346358142,0.00682696043662
158.0,2.34818356881e-05,0.000516740502864,0.00682555415035
159.0,2.31442289201e-05,0.000509252552225,0.00682418390939
160.0,2.28117797064e-05,0.000501880430921,0.00682285303131
161.0,2.24844642599e-05,0.000494622090027,0.00682155862195
162.0,2.2162144658e-05,0.000487475560952,0.00682029824587
163.0,2.18447065017e-05,0.000480438934114,0.00681907948907
164.0,2.15320577696e-05,0.000473510311803,0.00681789800517
165.0,2.12241371182e-05,0.000466687835677,0.00681675440117
166.0,2.09208564168e-05,0.000459969685733,0.00681564200067
167.0,2.06221548345e-05,0.000453354079318,0.00681456235933
168.0,2.03280561076e-05,0.000446839270172,0.00681351423889
169.0,2.00383525281e-05,0.000440423547502,0.0068125032435
170.0,1.97529633791e-05,0.000434105235079,0.00681152958207
171.0,1.94718227792e-05,0.000427882690366,0.00681059037346
172.0,1.9194848984e-05,0.00042175430367,0.00680968625432
173.0,1.89219829804e-05,0.000415718490951,0.00680881655479
174.0,1.8653170253e-05,0.000409773682978,0.00680798731555
175.0,1.83883766253e-05,0.00040391837208,0.00680719507335
176.0,1.81274872887e-05,0.00039815110207,0.00680644137744
177.0,1.78704285878e-05,0.000392470410331,0.00680572046662
178.0,1.76171770003e-05,0.000386874866132,0.006805031717
179.0,1.73676610137e-05,0.000381363069427,0.00680436335144
180.0,1.71217895278e-05,0.000375933645655,0.00680371642718
181.0,1.68795001681e-05,0.000370585245435,0.0068030853791
182.0,1.66407516675e-05,0.000365316546324,0.00680247513281
183.0,1.6405495824e-05,0.00036012625103,0.00680187966278
184.0,1.61737103236e-05,0.000355013082675,0.00680129455915
185.0,1.59452942319e-05,0.000349975772358,0.00680072085061
186.0,1.57202003778e-05,0.00034501309987,0.00680015455696
187.0,1.5498385919e-05,0.000340123883675,0.00679960052638
188.0,1.52798366863e-05,0.000335306943446,0.00679905471452
189.0,1.50644657949e-05,0.000330561120685,0.00679851879767
190.0,1.48528211853e-05,0.000325885278235,0.00679798553619
191.0,1.4644275391e-05,0.000321278299798,0.00679745399244
192.0,1.44388920809e-05,0.00031673908947,0.0067969230975
193.0,1.42364577564e-05,0.000312266555431,0.00679639185846
194.0,1.40369316912e-05,0.000307859636853,0.00679585778535
195.0,1.38402634697e-05,0.0003035173128,0.00679532971141
196.0,1.3646411831e-05,0.000299238570109,0.00679480276476
197.0,1.34553308512e-05,0.000295022408248,0.00679427401892
198.0,1.3266981899e-05,0.000290867844548,0.00679374302736
199.0,1.30813274462e-05,0.000286773913818,0.00679321212166
200.0,1.28983220201e-05,0.000282739651198,0.0067926789667
201.0,1.27179557643e-05,0.000278764124333,0.00679214636876
202.0,1.25401700447e-05,0.000274846435469,0.00679161583022
203.0,1.23649118249e-05,0.000270985687813,0.00679107759636
204.0,1.2192140681e-05,0.000267180998101,0.00679053289312
205.0,1.20218200665e-05,0.000263431487395,0.00678998266949
206.0,1.18539168194e-05,0.000259736297482,0.00678942658047
207.0,1.16884052155e-05,0.000256094601867,0.00678887173759
208.0,1.15252511471e-05,0.000252505583205,0.00678832043888
209.0,1.13644025482e-05,0.000248968423082,0.0067877611242
210.0,1.1205821716e-05,0.000245482319444,0.00678719233852
211.0,1.10494865045e-05,0.000242046499616,0.00678661439907
212.0,1.08953781976e-05,0.000238660194241,0.00678602712388
213.0,1.07434399472e-05,0.000235322640875,0.00678543943189
214.0,1.05936410029e-05,0.000232033100804,0.00678485342467
215.0,1.04459526978e-05,0.000228790841002,0.00678425895092
216.0,1.03003499496e-05,0.000225595138075,0.00678365303355
217.0,1.01567969474e-05,0.000222445275469,0.0067830345855
218.0,1.00152607834e-05,0.000219339663359,0.00678240407315
219.0,9.87571008664e-06,0.000216276190763,0.00678177682756
220.0,9.73811662908e-06,0.000213255184865,0.00678113984319
221.0,9.60245289784e-06,0.000210277538603,0.00678049372749
222.0,9.46869040994e-06,0.00020734259605,0.00677983709517
223.0,9.33680346124e-06,0.000204449712162,0.00677916716754
224.0,9.20676245747e-06,0.000201598252619,0.00677849779981
225.0,9.07864319293e-06,0.000198787593594,0.00677782085201
226.0,8.95245768354e-06,0.000196017123414,0.00677713120527
227.0,8.82816654883e-06,0.000193286234256,0.00677643149138
228.0,8.7057451356e-06,0.000190594334066,0.00677571907112
229.0,8.58509031316e-06,0.000187940841059,0.00677500084101
230.0,8.46608867875e-06,0.000185325181424,0.00677427588424
231.0,8.3487020274e-06,0.000182746789192,0.00677353981107
232.0,8.23295019268e-06,0.000180205107546,0.00677278967013
233.0,8.11884383403e-06,0.000177699589701,0.00677203065643
234.0,8.00635172915e-06,0.000175229698477,0.00677125992903
235.0,7.89542420097e-06,0.000172794905218,0.00677047079717
236.0,7.7860226978e-06,0.000170394689156,0.00676966778192
237.0,7.6781714808e-06,0.000168028537529,0.00676884876658
238.0,7.57187246699e-06,0.000165695945968,0.00676802050791
239.0,7.46706161613e-06,0.000163396418531,0.00676718779713
240.0,7.36371089655e-06,0.000161129467349,0.00676634033428
241.0,7.2617949388e-06,0.000158894612182,0.00676547806643
242.0,7.16129148633e-06,0.000156691380158,0.00676460281927
243.0,7.06218152972e-06,0.000154519305901,0.00676372080858
244.0,6.96444913534e-06,0.000152377931487,0.00676282256696
245.0,6.86807532437e-06,0.000150266806307,0.00676190976604
246.0,6.7730374117e-06,0.000148185486874,0.00676098703277
247.0,6.67931548126e-06,0.000146133536606,0.00676004950405
248.0,6.58689053237e-06,0.000144110525711,0.00675910039646
249.0,6.49574687684e-06,0.000142116031139,0.00675813822537
250.0,6.40586705032e-06,0.000140149636493,0.00675715950398
251.0,6.31724076331e-06,0.000138210931897,0.00675616372093
252.0,6.22984354961e-06,0.000136299513844,0.00675516008537
253.0,6.14365462414e-06,0.000134414985072,0.00675414330046
254.0,6.05865867968e-06,0.000132556954471,0.00675310675318
255.0,5.97483927601e-06,0.000130725037688,0.00675205554325
256.0,5.89217964961e-06,0.000128918855694,0.0067509890711
257.0,5.81066263315e-06,0.000127138034454,0.00674990724433
258.0,5.73027277517e-06,0.000125382206484,0.00674880866985
259.0,5.65099610717e-06,0.000123651009941,0.00674770128534
260.0,5.5728179734e-06,0.000121944088538,0.00674657257461
261.0,5.49572290358e-06,0.000120261091451,0.00674541979212
262.0,5.41969766177e-06,0.000118601673228,0.00674425827615
263.0,5.34472757164e-06,0.000116965493691,0.00674308375691
264.0,5.27097091035e-06,0.000115352217849,0.00674188912377
265.0,5.19825837726e-06,0.000113761515807,0.00674067053015
266.0,5.12658987727e-06,0.000112193062689,0.00673943676894
267.0,5.05591003615e-06,0.000110646538548,0.00673818891699
268.0,4.98620781665e-06,0.000109121628291,0.00673691976046
269.0,4.91747419556e-06,0.00010761802159,0.00673562911295
270.0,4.84969270111e-06,0.000106135412806,0.00673432320719
271.0,4.78284698219e-06,0.000104673500911,0.00673299539292
272.0,4.71692446768e-06,0.000103231989415,0.00673164971536
273.0,4.65191018236e-06,0.000101810586288,0.00673028430034
274.0,4.58779164949e-06,0.000100409003889,0.00672889877533
275.0,4.52455774226e-06,9.90269588925e-05,0.00672748727974
276.0,4.46220171919e-06,9.76641722176e-05,0.00672605296936
277.0,4.40070799034e-06,9.63203689602e-05,0.00672460635437
278.0,4.34006170875e-06,9.4995278325e-05,0.00672313864595
279.0,4.28025095991e-06,9.3688633559e-05,0.00672164270025
280.0,4.22126742986e-06,9.2400171885e-05,0.00672011974746
281.0,4.16309841215e-06,9.11296344378e-05,0.00671857939668
282.0,4.10573037132e-06,8.98767662017e-05,0.0067170231501
283.0,4.04915245767e-06,8.86413159478e-05,0.00671544364827
284.0,3.99335944906e-06,8.74230361745e-05,0.00671383816367
285.0,3.93833439542e-06,8.6221683047e-05,0.00671221503282
286.0,3.88406650982e-06,8.50370163381e-05,0.0067105708237
287.0,3.8305453459e-06,8.38687993717e-05,0.00670890154534
288.0,3.77776076735e-06,8.27167989658e-05,0.00670720468669
289.0,3.72570200331e-06,8.1580785378e-05,0.00670548847303
290.0,3.67435928354e-06,8.04605322498e-05,0.0067037486432
291.0,3.62372270815e-06,7.93558165533e-05,0.00670198358614
292.0,3.57378232108e-06,7.82664185388e-05,0.00670019158561
293.0,3.52452856173e-06,7.71921216836e-05,0.00669837239554
294.0,3.47595227241e-06,7.61327126407e-05,0.00669652058848
295.0,3.4280441036e-06,7.50879811897e-05,0.0066946347657
296.0,3.38079582964e-06,7.40577201864e-05,0.00669271910965
297.0,3.33420046765e-06,7.30417255167e-05,0.00669078057566
298.0,3.28825051339e-06,7.20397960473e-05,0.00668881394178
299.0,3.24293505293e-06,7.10517335806e-05,0.00668682210936
300.0,3.19824381312e-06,7.00773428085e-05,0.00668479771417
301.0,3.15416675309e-06,6.91164312684e-05,0.0066827455043
302.0,3.11069772937e-06,6.81688092979e-05,0.00668067259703
303.0,3.06782698777e-06,6.72342899922e-05,0.00667856003418
304.0,3.02554520257e-06,6.63126891612e-05,0.00667641608024
305.0,2.98393259861e-06,6.54038252877e-05,0.00667423419
306.0,2.94290850074e-06,6.45075194868e-05,0.00667202047993
307.0,2.90246690244e-06,6.36235954651e-05,0.00666978724231
308.0,2.86258019976e-06,6.27518794803e-05,0.00666751602013
309.0,2.82324079211e-06,6.18922003034e-05,0.00666520871633
310.0,2.78444112879e-06,6.10443891788e-05,0.00666287440242
311.0,2.74617378808e-06,6.02082797877e-05,0.00666050765203
312.0,2.70843159181e-06,5.93837082111e-05,0.00665810758819
313.0,2.67120826273e-06,5.85705128923e-05,0.00665567957206
314.0,2.63450098832e-06,5.77685346008e-05,0.00665321105778
315.0,2.59829965346e-06,5.69776163983e-05,0.00665070379848
316.0,2.5625953578e-06,5.61976036036e-05,0.00664817382811
317.0,2.52738237309e-06,5.54283437576e-05,0.00664560513852
318.0,2.49265586796e-06,5.46696865905e-05,0.0066429953935
319.0,2.45840608558e-06,5.39214839881e-05,0.00664035678266
320.0,2.42462614033e-06,5.31835899601e-05,0.00663767865715
321.0,2.39131015866e-06,5.24558606079e-05,0.00663496171452
322.0,2.35845105239e-06,5.17381540928e-05,0.0066322099738
323.0,2.32604252835e-06,5.1030330605e-05,0.00662942252196
324.0,2.29407857769e-06,5.03322523342e-05,0.00662659343519
325.0,2.26255315398e-06,4.96437834385e-05,0.00662372184425
326.0,2.23146014513e-06,4.89647900156e-05,0.00662081853089
327.0,2.20079362962e-06,4.82951400734e-05,0.00661787353776
328.0,2.17054767104e-06,4.76347035021e-05,0.00661488431555
329.0,2.14071661885e-06,4.69833520456e-05,0.00661185623953
330.0,2.11129482049e-06,4.63409592746e-05,0.00660878818454
331.0,2.08227655052e-06,4.57074005585e-05,0.00660567746839
332.0,2.05365643824e-06,4.50825530393e-05,0.00660251944707
333.0,2.02543007293e-06,4.44662956053e-05,0.00659932247438
334.0,1.99759179343e-06,4.38585088654e-05,0.00659607954365
335.0,1.97013781899e-06,4.32590751236e-05,0.0065927899081
336.0,1.943060109e-06,4.26678783528e-05,0.00658945497724
337.0,1.91635348717e-06,4.20848041721e-05,0.00658608471648
338.0,1.89001306141e-06,4.15097398213e-05,0.00658267365177
339.0,1.86403373706e-06,4.09425741371e-05,0.00657922081143
340.0,1.83841089215e-06,4.038319753e-05,0.00657572540659
341.0,1.81313935568e-06,3.98315019614e-05,0.00657219199123
342.0,1.78821421122e-06,3.92873809196e-05,0.0065686148048
343.0,1.76363083446e-06,3.87507293985e-05,0.00656499304364
344.0,1.73938449812e-06,3.82214438759e-05,0.00656132863751
345.0,1.71547054311e-06,3.76994222902e-05,0.00655762482817
346.0,1.69188449711e-06,3.71845640207e-05,0.00655387118273
347.0,1.66862173277e-06,3.66767698655e-05,0.00655007483102
348.0,1.64568667992e-06,3.61759420213e-05,0.00654622638123
349.0,1.62310254134e-06,3.56819840625e-05,0.00654233817739
350.0,1.60083774614e-06,3.5194800922e-05,0.00653839148236
351.0,1.57888274069e-06,3.47142988706e-05,0.0065343977968
352.0,1.55722847147e-06,3.42403854981e-05,0.00653034750558
353.0,1.53587097279e-06,3.37729696937e-05,0.00652625163236
354.0,1.51480615094e-06,3.33119616268e-05,0.00652210078245
355.0,1.49402994759e-06,3.28572727297e-05,0.00651788806534
356.0,1.47353836838e-06,3.24088156786e-05,0.00651361083558
357.0,1.45332741486e-06,3.19665043751e-05,0.00650926870527
358.0,1.43339320546e-06,3.15302539291e-05,0.00650488094478
359.0,1.4137320231e-06,3.10999806414e-05,0.00650043040628
360.0,1.39434010248e-06,3.06756019861e-05,0.00649592151894
361.0,1.37521497969e-06,3.02570365934e-05,0.00649135821758
362.0,1.35635435415e-06,2.9844204234e-05,0.00648673515432
363.0,1.33775382276e-06,2.94370258018e-05,0.00648205745932
364.0,1.31940938068e-06,2.90354232979e-05,0.00647731879797
365.0,1.30131702124e-06,2.86393198148e-05,0.00647251556895
366.0,1.2834730926e-06,2.82486395209e-05,0.00646765539393
367.0,1.26587456835e-06,2.78633076445e-05,0.00646273643993
368.0,1.24851719212e-06,2.74832504587e-05,0.00645775205816
369.0,1.23139762946e-06,2.71083952665e-05,0.00645270753203
370.0,1.21451291917e-06,2.67386703872e-05,0.00644759941237
371.0,1.19785980786e-06,2.63740051396e-05,0.00644242270631
372.0,1.18143519446e-06,2.60143298297e-05,0.00643718612404
373.0,1.16523566612e-06,2.5659575735e-05,0.00643188706029
374.0,1.14925779602e-06,2.53096750917e-05,0.00642650752958
375.0,1.13349855908e-06,2.49645610807e-05,0.00642104941659
376.0,1.11795492427e-06,2.46241678145e-05,0.00641552435888
377.0,1.1026242797e-06,2.42884303229e-05,0.00640992705669
378.0,1.08750388449e-06,2.39572845405e-05,0.00640425983199
379.0,1.0725906982e-06,2.36306672945e-05,0.00639852971161
380.0,1.05788168176e-06,2.33085162906e-05,0.00639272561073
381.0,1.04337423111e-06,2.29907701014e-05,0.00638684684408
382.0,1.02906581609e-06,2.26773681541e-05,0.00638089827673
383.0,1.01495416265e-06,2.23682507183e-05,0.00637488023683
384.0,1.00103570266e-06,2.20633588934e-05,0.00636878650767
385.0,9.87307943204e-07,2.17626345977e-05,0.00636261736957
386.0,9.73768986391e-07,2.14660205558e-05,0.00635637757985
387.0,9.60415316205e-07,2.11734602886e-05,0.00635006082946
388.0,9.47245070581e-07,2.08848981007e-05,0.00634366580104
389.0,9.3425547203e-07,2.06002790698e-05,0.0063371930714
390.0,9.21443544434e-07,2.03195490363e-05,0.00633064898019
391.0,9.08806834979e-07,2.0042654591e-05,0.00632403092041
392.0,8.96343253939e-07,1.97695430656e-05,0.00631733900968
393.0,8.84050783023e-07,1.95001625222e-05,0.00631057194591
394.0,8.71926751178e-07,1.9234461743e-05,0.0063037342151
395.0,8.59986269162e-07,1.89723902197e-05,0.00629681870541
396.0,8.48215316752e-07,1.87138981439e-05,0.00628982600224
397.0,8.36609629781e-07,1.84589363975e-05,0.00628275658222
398.0,8.25162515416e-07,1.82074565417e-05,0.00627561123716
399.0,8.13872033963e-07,1.79594108087e-05,0.0062683861165
400.0,8.02735839332e-07,1.77147520924e-05,0.00626108348927
401.0,7.91751836059e-07,1.74734339373e-05,0.00625369698979
402.0,7.80918238019e-07,1.72354105318e-05,0.00624623457
403.0,7.70233415856e-07,1.70006366968e-05,0.00623868688022
404.0,7.59695030785e-07,1.67690678789e-05,0.00623106051479
405.0,7.49300957275e-07,1.65406601399e-05,0.00622334515954
406.0,7.39048951914e-07,1.63153701493e-05,0.00621554524432
407.0,7.28937129567e-07,1.60931551753e-05,0.00620765323387
408.0,7.189636618e-07,1.58739730763e-05,0.00619967595595
409.0,7.09127218686e-07,1.56577822923e-05,0.00619160831509
410.0,6.99425806013e-07,1.54445418385e-05,0.00618345122642
411.0,6.89857201231e-07,1.52342112952e-05,0.00617520617726
412.0,6.80419337386e-07,1.50267508002e-05,0.00616686503198
413.0,6.71110350013e-07,1.48221210416e-05,0.00615843581381
414.0,6.61928519466e-07,1.46202832501e-05,0.00614990776695
415.0,6.52872085964e-07,1.44211991916e-05,0.00614128297565
416.0,6.4393956344e-07,1.4224831159e-05,0.00613256787047
417.0,6.35129057113e-07,1.4031141965e-05,0.00612375298433
418.0,6.26438861854e-07,1.38400949349e-05,0.00611484302179
419.0,6.17867356373e-07,1.36516539002e-05,0.00610583578605
420.0,6.09412964589e-07,1.34657831905e-05,0.00609672553304
421.0,6.01074295941e-07,1.32824476267e-05,0.0060875208492
422.0,5.92849577278e-07,1.31016125147e-05,0.00607821665284
423.0,5.84737155602e-07,1.29232436381e-05,0.0060688083943
424.0,5.76735669054e-07,1.27473072518e-05,0.00605930165057
425.0,5.68843787442e-07,1.25737700754e-05,0.00604969259618
426.0,5.61059828249e-07,1.24025992863e-05,0.00603997798099
427.0,5.53382163988e-07,1.22337625143e-05,0.00603016273098
428.0,5.45809356585e-07,1.20672278346e-05,0.006020245226
429.0,5.38339981502e-07,1.19029637612e-05,0.00601022000632
430.0,5.30972620079e-07,1.17409392415e-05,0.00600008827429
431.0,5.23705953114e-07,1.15811236507e-05,0.00598985319596
432.0,5.16538562619e-07,1.14234867844e-05,0.00597950794214
433.0,5.09469053608e-07,1.12679988536e-05,0.00596905379148
434.0,5.02496097331e-07,1.11146304793e-05,0.00595849498615
435.0,4.95618373255e-07,1.09633526864e-05,0.00594782732665
436.0,4.88834596719e-07,1.08141368974e-05,0.00593704793347
437.0,4.82143473995e-07,1.06669549286e-05,0.00592615602454
438.0,4.75543748524e-07,1.05217789826e-05,0.00591515701268
439.0,4.69034156927e-07,1.03785816444e-05,0.00590403636745
440.0,4.62613465819e-07,1.02373358758e-05,0.00589279074238
441.0,4.56280479376e-07,1.00980150095e-05,0.00588141830137
442.0,4.50034058519e-07,9.96059274474e-06,0.00586992033885
443.0,4.43872980419e-07,9.82504314162e-06,0.00585830248364
444.0,4.37804688485e-07,9.6913406166e-06,0.00584656842267
445.0,4.31821557659e-07,9.55945993791e-06,0.00583472277938
446.0,4.25921920442e-07,9.42937621917e-06,0.00582276713706
447.0,4.20102880274e-07,9.30106491604e-06,0.00581070057037
448.0,4.14363381518e-07,9.17450182045e-06,0.00579852215556
449.0,4.08702269853e-07,9.04966305764e-06,0.00578623370055
450.0,4.03118393741e-07,8.92652507937e-06,0.00577383496367
451.0,3.97610703573e-07,8.80506466091e-06,0.00576132170157
452.0,3.92178184981e-07,8.68525889589e-06,0.00574869474464
453.0,3.86819766555e-07,8.56708519183e-06,0.0057359550453
454.0,3.81534449388e-07,8.45052126656e-06,0.00572310206982
455.0,3.76321239053e-07,8.33554514339e-06,0.00571013511571
456.0,3.71179161167e-07,8.22213514668e-06,0.00569705130882
457.0,3.66107449103e-07,8.11026989798e-06,0.00568385071461
458.0,3.61105229077e-07,7.99992831157e-06,0.00567053781749
459.0,3.56171535828e-07,7.89108959111e-06,0.00565710692748
460.0,3.51305200644e-07,7.78373322553e-06,0.00564355932478
461.0,3.46505333891e-07,7.67783898428e-06,0.00562989272902
462.0,3.417709144e-07,7.57338691402e-06,0.00561610901348
463.0,3.37101056988e-07,7.47035733439e-06,0.00560220924796
464.0,3.32494899015e-07,7.36873083574e-06,0.00558818836302
465.0,3.27951642732e-07,7.26848827366e-06,0.00557405146873
466.0,3.23470394835e-07,7.16961076556e-06,0.00555979081314
467.0,3.19050298244e-07,7.07207968742e-06,0.0055454148572
468.0,3.14690502126e-07,6.97587667081e-06,0.00553091775312
469.0,3.10390176536e-07,6.8809835987e-06,0.00551629856662
470.0,3.06148577058e-07,6.78738260167e-06,0.00550156095875
471.0,3.01964866287e-07,6.69505605504e-06,0.00548669804376
472.0,2.97838217014e-07,6.60398657561e-06,0.00547171582794
473.0,2.93767887597e-07,6.51415701769e-06,0.00545661316697
474.0,2.89753150564e-07,6.42555047063e-06,0.00544138489973
475.0,2.85793188583e-07,6.33815025495e-06,0.00542603568207
476.0,2.81887284282e-07,6.25193992423e-06,0.00541056008804
477.0,2.7803467667e-07,6.16690325354e-06,0.00539495682689
478.0,2.7423465664e-07,6.0830242322e-06,0.00537923493821
479.0,2.70486550957e-07,6.00028707516e-06,0.00536338774997
480.0,2.66789611879e-07,5.91867621254e-06,0.0053474132743
481.0,2.631431662e-07,5.83817628826e-06,0.0053313173685
482.0,2.5954649327e-07,5.7587721561e-06,0.00531509781445
483.0,2.55998887521e-07,5.68044887647e-06,0.00529875273502
484.0,2.52499677871e-07,5.60319171431e-06,0.00528228147992
485.0,2.49048210578e-07,5.52698613632e-06,0.00526568002641
486.0,2.45643857557e-07,5.45181781128e-06,0.00524894769711
487.0,2.42285962134e-07,5.37767260083e-06,0.00523209152744
488.0,2.38973898572e-07,5.30453655451e-06,0.0052151166717
489.0,2.3570701881e-07,5.23239591732e-06,0.00519801872674
490.0,2.3248476405e-07,5.16123712213e-06,0.00518079641492
491.0,2.29306607622e-07,5.09104678767e-06,0.00516345330822
492.0,2.26171847547e-07,5.021811715e-06,0.00514599141789
493.0,2.23079944623e-07,4.95351888539e-06,0.00512840679429
494.0,2.20030273284e-07,4.88615545845e-06,0.00511070082636
495.0,2.17024842936e-07,4.81970876917e-06,0.0050928779406
496.0,2.14062356172e-07,4.75416632519e-06,0.00507493437153
497.0,2.11141226293e-07,4.68951580524e-06,0.0050568712257
498.0,2.0826002645e-07,4.62574505635e-06,0.00503868837875
499.0,2.05418112985e-07,4.56284209095e-06,0.00502039026206
500.0,2.02614953338e-07,4.50079508565e-06,0.00500197577765
501.0,1.99850001363e-07,4.43959237856e-06,0.00498344430036
502.0,1.9712278478e-07,4.37922246719e-06,0.00496479717123
503.0,1.9443277356e-07,4.31967400577e-06,0.00494604105639
504.0,1.91779494045e-07,4.26093580356e-06,0.00492717393422
505.0,1.89162317607e-07,4.20299682215e-06,0.00490819318388
506.0,1.86580846501e-07,4.14584617499e-06,0.00488910184557
507.0,1.84034642779e-07,4.08947312331e-06,0.00486990433608
508.0,1.81523201375e-07,4.03386707502e-06,0.00485059918608
509.0,1.79045988707e-07,3.97901758269e-06,0.00483118701595
510.0,1.76602655553e-07,3.9249143414e-06,0.00481166949135
511.0,1.74192695079e-07,3.87154718702e-06,0.00479204744312
512.0,1.71815664728e-07,3.81890609419e-06,0.00477232134247
513.0,1.69471079668e-07,3.76698117444e-06,0.00475249307965
514.0,1.67158448526e-07,3.71576267386e-06,0.00473256172516
515.0,1.6487733918e-07,3.66524097191e-06,0.00471252856287
516.0,1.62627307351e-07,3.61540657906e-06,0.00469239626059
517.0,1.60405102807e-07,3.56625015581e-06,0.00467216585778
518.0,1.58214744857e-07,3.51776242325e-06,0.00465183574492
519.0,1.56056623247e-07,3.4699342903e-06,0.00463140862446
520.0,1.53928658347e-07,3.42275679651e-06,0.00461088392444
521.0,1.51828549464e-07,3.37622108776e-06,0.00459026821611
522.0,1.49755747032e-07,3.33031841458e-06,0.00456955605252
523.0,1.4771106796e-07,3.28504014572e-06,0.00454875230754
524.0,1.45695113218e-07,3.24037777881e-06,0.00452785584054
525.0,1.43707312846e-07,3.19632293561e-06,0.00450686855768
526.0,1.41746545323e-07,3.15286735005e-06,0.0044857950238
527.0,1.39812028955e-07,3.11000286315e-06,0.00446463032526
528.0,1.37903540032e-07,3.06772142269e-06,0.0044433805895
529.0,1.36021223705e-07,3.02601508923e-06,0.00442204615858
530.0,1.34164924873e-07,2.98487603378e-06,0.00440062610048
531.0,1.32334071764e-07,2.9442965373e-06,0.00437912600017
532.0,1.30528056412e-07,2.90426898236e-06,0.0043575439178
533.0,1.28746469389e-07,2.86478585466e-06,0.00433588107397
534.0,1.26989099173e-07,2.82583974152e-06,0.00431414260009
535.0,1.25255798814e-07,2.78742333264e-06,0.00429232624059
536.0,1.23546274922e-07,2.74952941813e-06,0.00427043281065
537.0,1.2186010679e-07,2.7121508867e-06,0.00424846844312
538.0,1.20196869215e-07,2.67528072376e-06,0.00422643178191
539.0,1.18556248007e-07,2.63891200905e-06,0.00420431682576
540.0,1.16937992618e-07,2.603037917e-06,0.00418212518449
541.0,1.1534184155e-07,2.56765171552e-06,0.00415986145021
542.0,1.13767468758e-07,2.53274676446e-06,0.00413752928762
543.0,1.12214543948e-07,2.49831651453e-06,0.00411513272505
544.0,1.10682800167e-07,2.46435450469e-06,0.00409267619072
545.0,1.09171952406e-07,2.43085436215e-06,0.00407015792293
546.0,1.07681707724e-07,2.3978098012e-06,0.00404758007082
547.0,1.06211801618e-07,2.36521462191e-06,0.00402494759148
548.0,1.04762208247e-07,2.33306270906e-06,0.00400226047413
549.0,1.03333734108e-07,2.30134802983e-06,0.00397951955365
550.0,1.01925225035e-07,2.27006463453e-06,0.00395672763356
551.0,1.00536126885e-07,2.23920665395e-06,0.00393388909331
552.0,9.91659411957e-08,2.2087682994e-06,0.00391100293627
553.0,9.78144091307e-08,2.17874386045e-06,0.00388807088744
554.0,9.64812846943e-08,2.14912770488e-06,0.00386509634864
555.0,9.51663439338e-08,2.119914277e-06,0.00384208291981
556.0,9.38693118463e-08,2.09109809719e-06,0.00381903076256
557.0,9.25899423245e-08,2.06267376001e-06,0.0037959411859
558.0,9.132798458e-08,2.03463593362e-06,0.0037728177836
559.0,9.0083213911e-08,2.00697935899e-06,0.00374966428603
560.0,8.88554020297e-08,1.97969884934e-06,0.00372648045604
561.0,8.76443274166e-08,1.95278928752e-06,0.00370326934696
562.0,8.64497545284e-08,1.92624562634e-06,0.00368003366474
563.0,8.5271470919e-08,1.90006288775e-06,0.00365677886959
564.0,8.41092609406e-08,1.87423616135e-06,0.00363350610361
565.0,8.29628900855e-08,1.84876060357e-06,0.0036102166408
566.0,8.18321199898e-08,1.82363143668e-06,0.0035869117963
567.0,8.07167565213e-08,1.79884394815e-06,0.0035635959445
568.0,7.96165912278e-08,1.77439348956e-06,0.00354026955916
569.0,7.85314217982e-08,1.75027547595e-06,0.00351693340586
570.0,7.74610416033e-08,1.72648538446e-06,0.0034935918514
571.0,7.64052346573e-08,1.70301875422e-06,0.00347024523193
572.0,7.53637916584e-08,1.67987118511e-06,0.00344689282776
573.0,7.43365407821e-08,1.65703833654e-06,0.00342353356232
574.0,7.33232774472e-08,1.6345159268e-06,0.00340017553386
575.0,7.23238025717e-08,1.61229973405e-06,0.00337682116918
576.0,7.13379386771e-08,1.59038559178e-06,0.00335347369649
577.0,7.03654907378e-08,1.56876939136e-06,0.00333013463596
578.0,6.94062864252e-08,1.54744708015e-06,0.00330680625182
579.0,6.84601407322e-08,1.52641466086e-06,0.00328348984234
580.0,6.75268788217e-08,1.50566818974e-06,0.00326018759355
581.0,6.66063149808e-08,1.48520377732e-06,0.00323690221535
582.0,6.56982883254e-08,1.46501758719e-06,0.00321363601984
583.0,6.48026197624e-08,1.44510583517e-06,0.00319039081564
584.0,6.39191587705e-08,1.42546478777e-06,0.00316716814253
585.0,6.3047740636e-08,1.40609076353e-06,0.00314396974137
586.0,6.21881977009e-08,1.38698013062e-06,0.00312079869931
587.0,6.13403524705e-08,1.36812930622e-06,0.00309765704427
588.0,6.05040562336e-08,1.34953475674e-06,0.00307454585231
589.0,5.96791534442e-08,1.33119299667e-06,0.00305146773572
590.0,5.8865489259e-08,1.3131005879e-06,0.00302842444391
591.0,5.80629023588e-08,1.29525413889e-06,0.00300541808014
592.0,5.72712340401e-08,1.27765030452e-06,0.00298245077965
593.0,5.64903440225e-08,1.26028578532e-06,0.00295952410399
594.0,5.5720087462e-08,1.24315732651e-06,0.00293664048033
595.0,5.49603220341e-08,1.22626171752e-06,0.00291380206134
596.0,5.42108966396e-08,1.2095957914e-06,0.00289100994635
597.0,5.3471676707e-08,1.19315642477e-06,0.00286826593045
598.0,5.27425213769e-08,1.17694053648e-06,0.00284557280599
599.0,5.20232899702e-08,1.1609450874e-06,0.00282293233309
600.0,5.13138576772e-08,1.14516707959e-06,0.0028003455814
601.0,5.06140814605e-08,1.12960355574e-06,0.00277781519842
602.0,4.99238333406e-08,1.11425159922e-06,0.00275534324027
603.0,4.92429959772e-08,1.09910833304e-06,0.00273292952824
604.0,4.85717560947e-08,1.08417091937e-06,0.00271057536266
605.0,4.79101435466e-08,1.06943655846e-06,0.00268828303121
606.0,4.72576464845e-08,1.05490248927e-06,0.00266605543882
607.0,4.66141116617e-08,1.04056598806e-06,0.00264389374947
608.0,4.59793323797e-08,1.02642436839e-06,0.00262180074064
609.0,4.53531931083e-08,1.01247497999e-06,0.00259977838862
610.0,4.47355746135e-08,9.98715208943e-07,0.00257782795627
611.0,4.4126348451e-08,9.85142476685e-07,0.00255595089343
612.0,4.35254102047e-08,9.71754240171e-07,0.00253414882732
613.0,4.29326551073e-08,9.58547990291e-07,0.00251242344018
614.0,4.23479568152e-08,9.45521252813e-07,0.00249077594907
615.0,4.17712185584e-08,9.32671586628e-07,0.00246920811164
616.0,4.12023371689e-08,9.19996583797e-07,0.00244772214197
617.0,4.06411987169e-08,9.07493869634e-07,0.00242631988957
618.0,4.00876845475e-08,8.95161101407e-07,0.0024050021572
619.0,3.95417108013e-08,8.82995968221e-07,0.00238377063604
620.0,3.90031916209e-08,8.70996190823e-07,0.00236262727312
621.0,3.84720128076e-08,8.59159520906e-07,0.0023415735993
622.0,3.79480638479e-08,8.4748374058e-07,0.0023206106452
623.0,3.7431239738e-08,8.35966662566e-07,0.00229973991958
624.0,3.6921455623e-08,8.24606128769e-07,0.00227896293933
625.0,3.64186023032e-08,8.13400010485e-07,0.0022582826634
626.0,3.59225930202e-08,8.02346208601e-07,0.00223770034627
627.0,3.5433329928e-08,7.9144265239e-07,0.00221721643063
628.0,3.49507250218e-08,7.80687298724e-07,0.00219683178432
629.0,3.44746794519e-08,7.70078132425e-07,0.00217654806748
630.0,3.40051128028e-08,7.59613165869e-07,0.00215636561
631.0,3.35419301972e-08,7.4929043909e-07,0.0021362862027
632.0,3.30850500416e-08,7.39108018018e-07,0.00211631001181
633.0,3.26343869059e-08,7.29063994829e-07,0.00209643881758
634.0,3.21898574198e-08,7.1915648815e-07,0.00207667286676
635.0,3.17513730928e-08,7.09383641683e-07,0.00205701399782
636.0,3.13188556866e-08,6.99743624693e-07,0.00203746214539
637.0,3.08922390773e-08,6.90234631367e-07,0.00201801853475
638.0,3.04714194462e-08,6.80854880716e-07,0.00199868400475
639.0,3.00563277676e-08,6.71602615443e-07,0.00197945918267
640.0,2.96468841111e-08,6.62476102151e-07,0.00196034588494
641.0,2.92430146176e-08,6.53473631217e-07,0.00194134279839
642.0,2.88446360916e-08,6.4459351634e-07,0.00192245313175
643.0,2.84516776749e-08,6.35834094552e-07,0.00190367566428
644.0,2.80640673902e-08,6.27193724434e-07,0.00188501197106
645.0,2.76817328468e-08,6.18670787852e-07,0.00186646302692
646.0,2.73046056947e-08,6.10263688137e-07,0.00184802816918
647.0,2.69326006965e-08,6.01970850643e-07,0.00182970965952
648.0,2.65656586397e-08,5.93790722049e-07,0.00181150684993
649.0,2.62037138905e-08,5.85721769765e-07,0.0017934198681
650.0,2.58466981031e-08,5.77762483064e-07,0.00177545087734
651.0,2.54945361005e-08,5.69911370927e-07,0.0017575991638
652.0,2.51471689343e-08,5.62166962543e-07,0.0017398652548
653.0,2.48045281768e-08,5.54527807321e-07,0.00172225042276
654.0,2.44665574868e-08,5.46992474587e-07,0.00170475412349
655.0,2.41331859957e-08,5.39559553035e-07,0.00168737682861
656.0,2.38043501573e-08,5.32227650696e-07,0.00167011968895
657.0,2.34799939869e-08,5.2499539398e-07,0.00165298239769
658.0,2.31600522122e-08,5.17861428283e-07,0.00163596492507
659.0,2.28444711386e-08,5.10824417476e-07,0.00161906844646
660.0,2.25331812198e-08,5.03883043988e-07,0.00160229293863
661.0,2.22262085038e-08,4.97036007553e-07,0.001585638024
662.0,2.19235079389e-08,4.90282025587e-07,0.00156910470952
663.0,2.16250913389e-08,4.8361983324e-07,0.00155269296981
664.0,2.13307711672e-08,4.77048182955e-07,0.00153640251526
665.0,2.10404985959e-08,4.70565843697e-07,0.00152023356812
666.0,2.07541738018e-08,4.64171601747e-07,0.00150418658666
667.0,2.04717470666e-08,4.5786425926e-07,0.0014882617481
668.0,2.01931683581e-08,4.51642635465e-07,0.00147245857382
669.0,1.99183822101e-08,4.4550556467e-07,0.00145677753087
670.0,1.96473308835e-08,4.39451897612e-07,0.00144121866951
671.0,1.93799691359e-08,4.33480501077e-07,0.00142578183731
672.0,1.9116232541e-08,4.27590256184e-07,0.00141046668373
673.0,1.88560847282e-08,4.21780060196e-07,0.00139527376684
674.0,1.85994814146e-08,4.16048824834e-07,0.00138020281552
675.0,1.83463752625e-08,4.10395476885e-07,0.00136525364567
676.0,1.80967065082e-08,4.04818957745e-07,0.0013504261605
677.0,1.785042798e-08,3.99318222964e-07,0.00133572049385
678.0,1.76075133432e-08,3.93892242558e-07,0.00132113642952
679.0,1.73678959578e-08,3.88540000349e-07,0.00130667391542
680.0,1.71315417241e-08,3.83260494218e-07,0.00129233245085
681.0,1.68983993235e-08,3.78052735248e-07,0.00127811234507
682.0,1.66684248975e-08,3.72915748362e-07,0.00126401296977
683.0,1.64415748901e-08,3.67848571674e-07,0.00125003433716
684.0,1.62178154509e-08,3.62850256153e-07,0.00123617613419
685.0,1.59970992696e-08,3.5791986585e-07,0.00122243787987
686.0,1.57793865836e-08,3.53056477768e-07,0.00120881956914
687.0,1.55646294754e-08,3.48259180882e-07,0.00119532078038
688.0,1.53527903771e-08,3.43527077245e-07,0.00118194102256
689.0,1.5143837448e-08,3.38859280341e-07,0.00116868022606
690.0,1.49377279615e-08,3.34254916442e-07,0.00115553897093
691.0,1.4734418025e-08,3.29713122975e-07,0.00114251669358
692.0,1.45338755489e-08,3.25233050013e-07,0.00112961236974
693.0,1.43360593608e-08,3.20813858455e-07,0.00111682588749
694.0,1.41409342399e-08,3.16454720885e-07,0.00110415619192
695.0,1.3948468283e-08,3.12154820779e-07,0.00109160354601
696.0,1.37586332669e-08,3.07913353079e-07,0.00107916686163
697.0,1.35713671503e-08,3.03729523915e-07,0.00106684608595
698.0,1.33866469446e-08,2.99602549818e-07,0.00105464037852
699.0,1.32044428095e-08,2.95531657778e-07,0.00104254916599
700.0,1.30247248536e-08,2.91516085811e-07,0.00103057241122
701.0,1.28474504626e-08,2.87555081777e-07,0.00101870899446
702.0,1.26725805813e-08,2.83647904311e-07,0.00100695879445
703.0,1.25000888518e-08,2.79793821873e-07,0.00099532115296
704.0,1.23299461206e-08,2.75992112478e-07,0.000983795126653
705.0,1.21621246695e-08,2.72242064722e-07,0.000972381043438
706.0,1.19965830362e-08,2.68542976151e-07,0.000961077421671
707.0,1.18332925906e-08,2.64894154329e-07,0.00094988420014
708.0,1.16722145371e-08,2.61294916061e-07,0.00093880068033
709.0,1.15133338099e-08,2.5774458731e-07,0.000927825957163
710.0,1.13566114048e-08,2.54242503853e-07,0.000916959828034
711.0,1.12020225671e-08,2.50788009467e-07,0.00090620140752
712.0,1.10495385318e-08,2.47380457257e-07,0.000895550145486
713.0,1.08991192886e-08,2.44019209678e-07,0.000885005437505
714.0,1.07507485921e-08,2.40703637468e-07,0.000874566500903
715.0,1.06043981761e-08,2.3743311966e-07,0.000864232839969
716.0,1.0460037676e-08,2.34207043875e-07,0.000854003724556
717.0,1.03176452906e-08,2.31024805919e-07,0.000843878561346
718.0,1.0177186534e-08,2.27885810284e-07,0.000833856709056
719.0,1.00386306529e-08,2.24789469488e-07,0.000823937331338
720.0,9.90201114123e-09,2.21735203635e-07,0.000814119986807
721.0,9.76728489027e-09,2.18722440937e-07,0.00080440390082
722.0,9.6343899918e-09,2.15750617081e-07,0.000794788391705
723.0,9.50332467887e-09,2.12819175684e-07,0.000785272737356
724.0,9.37408872847e-09,2.09927568335e-07,0.000775856354187
725.0,9.24662464767e-09,2.07075253727e-07,0.000766538552844
726.0,9.12090273595e-09,2.04261697694e-07,0.000757318401357
727.0,8.99689009412e-09,2.01486373061e-07,0.000748195459001
728.0,8.87456167237e-09,1.98748760519e-07,0.000739169136745
729.0,8.75389160347e-09,1.96048348e-07,0.000730238481586
730.0,8.63486207757e-09,1.93384629544e-07,0.000721402728645
731.0,8.51745275436e-09,1.90757106428e-07,0.000712661391192
732.0,8.40164339147e-09,1.88165286879e-07,0.000704013845607
733.0,8.28739645365e-09,1.85608685613e-07,0.000695459110921
734.0,8.17471117226e-09,1.83086824172e-07,0.000686996469174
735.0,8.06355065722e-09,1.80599230457e-07,0.000678625535092
736.0,7.9539026974e-09,1.78145438414e-07,0.000670345443329
737.0,7.84575390657e-09,1.75724988908e-07,0.000662155307528
738.0,7.73906946947e-09,1.7333742881e-07,0.000654054550111
739.0,7.63383706534e-09,1.70982311476e-07,0.000646042532076
740.0,7.53002937807e-09,1.68659195752e-07,0.0006381186148
741.0,7.42763131785e-09,1.66367646393e-07,0.000630281789267
742.0,7.32663336828e-09,1.6410723464e-07,0.000622531501259
743.0,7.22700346222e-09,1.61877537642e-07,0.000614867095043
744.0,7.12872807441e-09,1.59678137773e-07,0.000607287926306
745.0,7.03178967709e-09,1.57508623484e-07,0.000599793055661
746.0,6.93616626713e-09,1.55368588449e-07,0.000592381797235
747.0,6.84185678854e-09,1.53257631933e-07,0.000585053526641
748.0,6.7488324638e-09,1.51175358862e-07,0.000577807622653
749.0,6.6570681849e-09,1.49121379595e-07,0.000570643242285
750.0,6.56654710808e-09,1.47095309682e-07,0.000563559612526
751.0,6.47725913391e-09,1.45096769817e-07,0.000556556042109
752.0,6.3891821337e-09,1.4312538555e-07,0.000549631888823
753.0,6.30230965731e-09,1.4118078812e-07,0.000542786460487
754.0,6.21661028951e-09,1.39262613662e-07,0.000536018988576
755.0,6.13208073055e-09,1.37370502545e-07,0.000529328643534
756.0,6.0487010183e-09,1.35504101192e-07,0.000522714909851
757.0,5.96645213518e-09,1.33663060087e-07,0.000516176921105
758.0,5.88530965458e-09,1.31847034516e-07,0.000509714605531
759.0,5.80527966165e-09,1.30055684532e-07,0.000503327099723
760.0,5.72633632593e-09,1.28288674765e-07,0.000497013659625
761.0,5.65017138365e-09,1.26545676887e-07,0.000490779163614
762.0,5.57829694693e-09,1.24826382865e-07,0.000484609684676
763.0,5.50077179536e-09,1.23130426946e-07,0.000478512404605
764.0,5.42908918615e-09,1.21457480601e-07,0.000472485915571
765.0,5.35822018102e-09,1.19807272469e-07,0.000466528882904
766.0,5.28549617241e-09,1.18179527697e-07,0.000460645026607
767.0,5.21356072658e-09,1.16573923049e-07,0.000454831052623
768.0,5.14215606866e-09,1.14990113874e-07,0.000449084644133
769.0,5.07267486471e-09,1.13427789158e-07,0.000443404490399
770.0,5.00487269792e-09,1.11886684282e-07,0.000437789752469
771.0,4.93728202644e-09,1.10366542214e-07,0.000432242442844
772.0,4.86990889418e-09,1.08867078352e-07,0.000426762316872
773.0,4.80317650193e-09,1.07387987132e-07,0.000421347383062
774.0,4.73773830744e-09,1.05928973302e-07,0.000415995993072
775.0,4.67368957808e-09,1.04489770658e-07,0.000410707227377
776.0,4.61052421008e-09,1.03070128911e-07,0.000405481322978
777.0,4.54786549229e-09,1.01669790476e-07,0.000400318549469
778.0,4.48576063587e-09,1.00288484245e-07,0.000395218168808
779.0,4.42457375603e-09,9.89259392032e-08,0.000390178627947
780.0,4.3645125316e-09,9.75818991907e-08,0.000385198891471
781.0,4.30539262433e-09,9.62561199935e-08,0.000380278796766
782.0,4.24698404569e-09,9.4948359551e-08,0.000375417990818
783.0,4.18919649431e-09,9.36583728225e-08,0.000370616012267
784.0,4.13214308949e-09,9.23859128203e-08,0.00036587215563
785.0,4.07595264658e-09,9.11307380931e-08,0.000361185402368
786.0,4.02062555367e-09,8.98926154889e-08,0.000356555116808
787.0,3.96607993055e-09,8.86713164832e-08,0.000351980973963
788.0,3.91221199701e-09,8.74666139701e-08,0.000347462488402
789.0,3.85902227156e-09,8.62782808078e-08,0.000342998923083
790.0,3.80656824949e-09,8.51060925547e-08,0.000338589768148
791.0,3.77916911791e-09,8.39496911456e-08,0.000334246251281
792.0,3.71388587302e-09,8.28093064993e-08,0.000329929977044
793.0,3.66925699034e-09,8.1684203071e-08,0.000325681659342
794.0,3.60518652262e-09,8.05745661068e-08,0.000321483256185
795.0,3.56446235669e-09,7.94797358721e-08,0.00031734148023
796.0,3.53841905731e-09,7.83998369119e-08,0.000313251002411
797.0,3.49866951941e-09,7.73347220024e-08,0.00030919827271
798.0,3.44076487591e-09,7.62841440236e-08,0.000305198824591
799.0,3.3830580291e-09,7.52478112835e-08,0.000301254521613
800.0,3.33535655723e-09,7.42254796173e-08,0.000297359536082
801.0,3.2958271129e-09,7.32169881801e-08,0.000293511276391
802.0,3.25785378782e-09,7.22222162862e-08,0.000289708486263
803.0,3.21451241549e-09,7.1241014767e-08,0.000285950826872
804.0,3.16687909938e-09,7.02731791814e-08,0.000282242542051
805.0,3.12046676943e-09,6.93184809572e-08,0.00027858199574
806.0,3.078076768e-09,6.83767180289e-08,0.000274966535499
807.0,3.0386398259e-09,6.74477296782e-08,0.000271394942976
808.0,2.9992367996e-09,6.65313723981e-08,0.000267866797677
809.0,2.9582327173e-09,6.56274889701e-08,0.000264382924015
810.0,2.91657387606e-09,6.47358988934e-08,0.000260943621244
811.0,2.87602959996e-09,6.38564152124e-08,0.000257547735273
812.0,2.83724110985e-09,6.29888659097e-08,0.000254193908067
813.0,2.79955742466e-09,6.21330975539e-08,0.000250881600061
814.0,2.76196604278e-09,6.12889616413e-08,0.000247610602379
815.0,2.72418142998e-09,6.04563038432e-08,0.00024438089874
816.0,2.68668336937e-09,5.96349622425e-08,0.000241192207621
817.0,2.64998352421e-09,5.88247760872e-08,0.000238043581349
818.0,2.61416583335e-09,5.80255921602e-08,0.000234934442131
819.0,2.57892721395e-09,5.7237265114e-08,0.000231864260056
820.0,2.54396314138e-09,5.64596516916e-08,0.000228832740209
821.0,2.50926775614e-09,5.56926065289e-08,0.000225839672343
822.0,2.47502645319e-09,5.49359832279e-08,0.000222884500125
823.0,2.44138007649e-09,5.41896381505e-08,0.000219966713899
824.0,2.40828847086e-09,5.34534315189e-08,0.000217085783842
825.0,2.37565079943e-09,5.27272273803e-08,0.000214241239349
826.0,2.34336821884e-09,5.2010891254e-08,0.000211432840015
827.0,2.31147937416e-09,5.13042882799e-08,0.000208660100823
828.0,2.28003433522e-09,5.06072854486e-08,0.000205922560404
829.0,2.24906803489e-09,4.9919751876e-08,0.000203219861594
830.0,2.21854293054e-09,4.92415589619e-08,0.000200551465042
831.0,2.18841266977e-09,4.85725805481e-08,0.000197917039132
832.0,2.15867455719e-09,4.791269142e-08,0.000195316574805
833.0,2.1293272959e-09,4.72617680668e-08,0.000192749423284
834.0,2.10039242915e-09,4.66196885071e-08,0.000190215095624
835.0,2.07185938409e-09,4.59863320148e-08,0.000187713265654
836.0,2.04371836148e-09,4.53615806335e-08,0.000185243461366
837.0,2.01595467706e-09,4.47453174877e-08,0.000182805306268
838.0,1.98856090092e-09,4.41374271143e-08,0.000180398458531
839.0,1.96154118454e-09,4.35377958736e-08,0.000178022472502
840.0,1.93489913042e-09,4.29463113662e-08,0.000175677016182
841.0,1.90863409388e-09,4.23628628761e-08,0.000173361659214
842.0,1.88271900857e-09,4.17873413424e-08,0.000171076066341
843.0,1.85714192039e-09,4.1219638928e-08,0.000168819828015
844.0,1.83192428052e-09,4.0659649581e-08,0.000166592569851
845.0,1.80704497985e-09,4.01072685646e-08,0.000164394082813
846.0,1.78251094088e-09,3.95623921664e-08,0.000162223887498
847.0,1.75830163354e-09,3.90249185043e-08,0.000160081655811
848.0,1.73442197674e-09,3.84947471636e-08,0.000157967052807
849.0,1.71086870618e-09,3.79717790946e-08,0.000155879731992
850.0,1.68763667317e-09,3.74559159934e-08,0.000153819406889
851.0,1.66471746823e-09,3.69470615706e-08,0.000151785655555
852.0,1.64210525315e-09,3.64451201793e-08,0.000149778187544
853.0,1.61981782741e-09,3.59499985108e-08,0.000147796742602
854.0,1.59782972725e-09,3.54616036045e-08,0.000145840920787
855.0,1.57613867201e-09,3.49798442118e-08,0.000143910385348
856.0,1.55474340449e-09,3.45046303008e-08,0.000142004917647
857.0,1.53363853296e-09,3.40358725048e-08,0.000140124157791
858.0,1.51281884215e-09,3.3573483056e-08,0.000138267792274
859.0,1.49228629392e-09,3.31173757265e-08,0.000136435541572
860.0,1.47203064407e-09,3.26674650316e-08,0.000134627151938
861.0,1.46909918237e-09,3.22236670603e-08,0.000132851833162
862.0,1.46879100833e-09,3.17859314411e-08,0.000131087623539
863.0,1.43863956671e-09,3.13541094175e-08,0.000129343279457
864.0,1.40731972933e-09,3.09281047354e-08,0.000127623325848
865.0,1.38873467976e-09,3.05079071887e-08,0.000125928295406
866.0,1.37428035243e-09,3.00934787334e-08,0.000124260900741
867.0,1.36182690139e-09,2.96846980517e-08,0.000122613589282
868.0,1.34515814671e-09,2.92814298033e-08,0.000120983941837
869.0,1.32304998904e-09,2.88835994169e-08,0.000119374332434
870.0,1.30263787639e-09,2.84911818442e-08,0.00011778600026
871.0,1.28537760528e-09,2.81041327583e-08,0.000116221506377
872.0,1.26961366361e-09,2.77223591458e-08,0.000114678692149
873.0,1.25403999679e-09,2.73457552225e-08,0.000113154173831
874.0,1.23679348542e-09,2.69742445837e-08,0.000111648367033
875.0,1.21878486444e-09,2.66077787555e-08,0.000110161918064
876.0,1.20162261354e-09,2.6246307047e-08,0.000108695901257
877.0,1.18550850302e-09,2.58897578243e-08,0.000107250304367
878.0,1.17013324456e-09,2.55380488557e-08,0.000105823313894
879.0,1.15467449172e-09,2.51911077727e-08,0.000104414202775
880.0,1.13877665151e-09,2.48488762081e-08,0.000103023254146
881.0,1.1228953828e-09,2.45112986256e-08,0.000101650700053
882.0,1.10746556906e-09,2.41783133251e-08,0.000100296736167
883.0,1.09260869407e-09,2.38498521857e-08,9.89607445085e-05
884.0,1.07807066647e-09,2.35258499561e-08,9.76419656766e-05
885.0,1.063528001e-09,2.32062467632e-08,9.6340291717e-05
886.0,1.0489626195e-09,2.28909863213e-08,9.50557123815e-05
887.0,1.03457101359e-09,2.25800114267e-08,9.37881776091e-05
888.0,1.02050665236e-09,2.22732619911e-08,9.25375109707e-05
889.0,1.00676845199e-09,2.19706793526e-08,9.13032513067e-05
890.0,9.93204602387e-10,2.16722065623e-08,9.00851167242e-05
891.0,9.7973605744e-10,2.13777881783e-08,8.88829899367e-05
892.0,9.66367575766e-10,2.10873702001e-08,8.76967195336e-05
893.0,9.53207888085e-10,2.08008984144e-08,8.65261583816e-05
894.0,9.66106201076e-10,2.05181156847e-08,8.53870350575e-05
895.0,9.32850608338e-10,2.02396295954e-08,8.42282460722e-05
896.0,9.27681476833e-10,1.99646189547e-08,8.31076715382e-05
897.0,9.07680937752e-10,1.96935615218e-08,8.19920146722e-05
898.0,8.95648364852e-10,1.94258059096e-08,8.09058702511e-05
899.0,9.16687935815e-10,1.91618195628e-08,7.98317467974e-05
900.0,8.71985400018e-10,1.89017714297e-08,7.87471803427e-05
901.0,8.63152035121e-10,1.864490251e-08,7.77003372901e-05
902.0,8.65735080882e-10,1.83915351107e-08,7.66679083868e-05
903.0,8.69944471792e-10,1.81416773582e-08,7.56417021052e-05
904.0,8.57782248211e-10,1.7895266338e-08,7.46244343778e-05
905.0,8.37189588306e-10,1.76522170217e-08,7.36244687798e-05
906.0,8.19776330209e-10,1.74124399558e-08,7.26421553337e-05
907.0,8.0864503019e-10,1.71758713135e-08,7.16734829706e-05
908.0,8.03003494821e-10,1.69424946672e-08,7.07153733524e-05
909.0,7.96411956777e-10,1.67123102683e-08,6.97674538973e-05
910.0,7.85647826609e-10,1.64852890764e-08,6.88315784185e-05
911.0,7.72316852829e-10,1.62613673656e-08,6.79101411794e-05
912.0,7.59556365634e-10,1.60404740778e-08,6.70026860524e-05
913.0,7.49317990622e-10,1.58225585996e-08,6.61070569538e-05
914.0,7.408113248e-10,1.56075944095e-08,6.52220426454e-05
915.0,7.31958320356e-10,1.53955595123e-08,6.43479680562e-05
916.0,7.21909226748e-10,1.51864192631e-08,6.34856533506e-05
917.0,7.11201606901e-10,1.49801247584e-08,6.26357373525e-05
918.0,7.00932513776e-10,1.47766270322e-08,6.17976586552e-05
919.0,6.91601934808e-10,1.45758861335e-08,6.09704459692e-05
920.0,6.82756619627e-10,1.43778704238e-08,6.01537144188e-05
921.0,6.73784343238e-10,1.41825487042e-08,5.9347620324e-05
922.0,6.64502052466e-10,1.39898848271e-08,5.85523905014e-05
923.0,6.55187385884e-10,1.37998385794e-08,5.77680985541e-05
924.0,6.46191150365e-10,1.36123715874e-08,5.69944180867e-05
925.0,6.37567342786e-10,1.34274495168e-08,5.62309111088e-05
926.0,6.29099328129e-10,1.32450400186e-08,5.54774377798e-05
927.0,6.20610355475e-10,1.30651102226e-08,5.47339676027e-05
928.0,6.12099348014e-10,1.28876255946e-08,5.40005188198e-05
929.0,6.03708811878e-10,1.27125516091e-08,5.32769534299e-05
930.0,5.95532658045e-10,1.25398550562e-08,5.25630407623e-05
931.0,5.87540416805e-10,1.23695044483e-08,5.18585816402e-05
932.0,5.79628292321e-10,1.22014686537e-08,5.11634848976e-05
933.0,5.71758735193e-10,1.20357163391e-08,5.04776634564e-05
934.0,5.63965425232e-10,1.18722156795e-08,4.9801031758e-05
935.0,5.56308973819e-10,1.17109357187e-08,4.91334496224e-05
936.0,5.4879348761e-10,1.15518463181e-08,4.84747873775e-05
937.0,5.41396063403e-10,1.13949186325e-08,4.78248898445e-05
938.0,5.34076502655e-10,1.12401231756e-08,4.7183645503e-05
939.0,5.26828081352e-10,1.10874307013e-08,4.65509729844e-05
940.0,5.19678602795e-10,1.09368123911e-08,4.59267528131e-05
941.0,5.12640809407e-10,1.07882398043e-08,4.53109109308e-05
942.0,5.05710898823e-10,1.06416858807e-08,4.47032977622e-05
943.0,4.98881874366e-10,1.04971231694e-08,4.4103799391e-05
944.0,4.92127619168e-10,1.03545243741e-08,4.35122971929e-05
945.0,4.85457087765e-10,1.02138626699e-08,4.29286918172e-05
946.0,4.78874793033e-10,1.00751116615e-08,4.23529045887e-05
947.0,4.72396186704e-10,9.93824576147e-09,4.17848349567e-05
948.0,4.66013579573e-10,9.80323932852e-09,4.12243598679e-05
949.0,4.59710831783e-10,9.67006694043e-09,4.06713700085e-05
950.0,4.5348859579e-10,9.5387036653e-09,4.0125768516e-05
951.0,4.47343040576e-10,9.40912488387e-09,3.95874532559e-05
952.0,4.41295538144e-10,9.28130650112e-09,3.90563334446e-05
953.0,4.35328264448e-10,9.15522457913e-09,3.85323403975e-05
954.0,4.29448675647e-10,9.03085560491e-09,3.80153609981e-05
955.0,4.23643748744e-10,8.90817609702e-09,3.75052991734e-05
956.0,4.17914826474e-10,8.78716298947e-09,3.70020783096e-05
957.0,4.12266610154e-10,8.66779387567e-09,3.65055731023e-05
958.0,4.06691663932e-10,8.55004674198e-09,3.60157059295e-05
959.0,4.01201335606e-10,8.43389901467e-09,3.55323970217e-05
960.0,3.95776465339e-10,8.319329222e-09,3.50555590895e-05
961.0,3.90427450593e-10,8.20631573901e-09,3.45851410485e-05
962.0,3.85156886269e-10,8.09483746337e-09,3.41210272434e-05
963.0,3.79951968268e-10,7.98487376442e-09,3.3663132275e-05
964.0,3.74814358058e-10,7.87640391717e-09,3.32113544035e-05
965.0,3.69747955929e-10,7.76940767767e-09,3.27656430072e-05
966.0,3.64753924234e-10,7.66386491892e-09,3.2325901783e-05
967.0,3.59827807693e-10,7.5597559976e-09,3.18920521893e-05
968.0,3.54966127574e-10,7.457061286e-09,3.14640027975e-05
969.0,3.50164952396e-10,7.3557617182e-09,3.10416918401e-05
970.0,3.45434691833e-10,7.2558383048e-09,3.06250496334e-05
971.0,3.90241662685e-10,7.15728946346e-09,3.02251685092e-05
972.0,4.06473994585e-10,7.06005396265e-09,2.98171708998e-05
973.0,3.76446385242e-10,6.96413645832e-09,2.94088034388e-05
974.0,3.50910766696e-10,6.86952867887e-09,2.90085539632e-05
975.0,3.52484555862e-10,6.77621745517e-09,2.86198214502e-05
976.0,3.60786481727e-10,6.68417317976e-09,2.82415670045e-05
977.0,3.63098057462e-10,6.59337045441e-09,2.78650248979e-05
978.0,3.52757577783e-10,6.50379721191e-09,2.74895153113e-05
979.0,3.42570752662e-10,6.415445577e-09,2.71173346791e-05
980.0,3.38277823016e-10,6.3283005663e-09,2.67515155956e-05
981.0,3.36930401754e-10,6.24234002871e-09,2.6393729669e-05
982.0,3.34322450905e-10,6.1575421853e-09,2.60411305022e-05
983.0,3.28858742753e-10,6.07389258834e-09,2.56922271787e-05
984.0,3.2308087225e-10,5.99138047437e-09,2.53467381638e-05
985.0,3.18640399987e-10,5.90999318101e-09,2.50053287905e-05
986.0,3.15088481097e-10,5.82971334076e-09,2.46692845633e-05
987.0,3.11260004986e-10,5.75052227443e-09,2.43385501196e-05
988.0,3.06820951669e-10,5.67240445403e-09,2.40124105942e-05
989.0,3.02359593989e-10,5.59534733656e-09,2.36903110028e-05
990.0,2.98308419485e-10,5.51933852518e-09,2.33720472279e-05
991.0,2.94507976218e-10,5.444364068e-09,2.30579474979e-05
992.0,2.90605182362e-10,5.37040762573e-09,2.27483472391e-05
993.0,2.86572994217e-10,5.29745482722e-09,2.24431577974e-05
994.0,2.82604926169e-10,5.22549242703e-09,2.21421308977e-05
995.0,2.78816480179e-10,5.15450772117e-09,2.18450013108e-05
996.0,2.75152519689e-10,5.08448846738e-09,2.15516980648e-05
997.0,2.71478620625e-10,5.0154203653e-09,2.12623012505e-05
998.0,2.67769461165e-10,4.94729019541e-09,2.09768991977e-05
999.0,2.64109173389e-10,4.88008508063e-09,2.06954330892e-05
1000.0,2.60554496999e-10,4.81379306135e-09,2.04177685239e-05
1001.0,2.57086423662e-10,4.74840203042e-09,2.01437806223e-05
1002.0,2.53641261351e-10,4.68389922398e-09,1.98734343995e-05
1003.0,2.50221362712e-10,4.62027248902e-09,1.96067057643e-05
1004.0,2.46816257134e-10,4.55751003279e-09,1.93435995262e-05
1005.0,2.43483274983e-10,4.49560033768e-09,1.9084077937e-05
1006.0,2.402173689e-10,4.43453155729e-09,1.88280448248e-05
1007.0,2.36998668156e-10,4.37429250309e-09,1.85754264977e-05
1008.0,2.33813068447e-10,4.31487178355e-09,1.83261872941e-05
1009.0,3.87494935447e-10,4.25625816204e-09,1.80803072432e-05
1010.0,3.47959528759e-10,4.19903472172e-09,1.76518759235e-05
1011.0,2.3431995512e-10,4.14260753898e-09,1.72687531502e-05
1012.0,3.11714850814e-10,4.08700844034e-09,1.7053013607e-05
1013.0,2.82109201847e-10,4.03217430281e-09,1.69424331168e-05
1014.0,2.4048021661e-10,3.97786935991e-09,1.68082766239e-05
1015.0,2.55389979356e-10,3.92467887562e-09,1.65700745921e-05
1016.0,2.59811678933e-10,3.87207266229e-09,1.62782291292e-05
1017.0,2.26371503206e-10,3.82000715843e-09,1.60116760215e-05
1018.0,2.37620620131e-10,3.76846797801e-09,1.58208361295e-05
1019.0,3.032014301e-10,3.71782513037e-09,1.56547172305e-05
1020.0,2.19750244062e-10,3.66835147254e-09,1.54576001777e-05
1021.0,2.65922921032e-10,3.61923567012e-09,1.52439488438e-05
1022.0,2.34835185301e-10,3.57034867254e-09,1.50370726106e-05
1023.0,2.36617355931e-10,3.52214943587e-09,1.48278843805e-05
1024.0,2.15082314414e-10,3.47507831517e-09,1.46107548959e-05
1025.0,2.35365168531e-10,3.42842236576e-09,1.44347056318e-05
1026.0,2.04449968264e-10,3.38264188996e-09,1.42466646855e-05
1027.0,1.99846044994e-10,3.33709581509e-09,1.40728303213e-05
1028.0,2.2025128274e-10,3.29212453359e-09,1.38869911441e-05
1029.0,1.8624608492e-10,3.24808787272e-09,1.36777954971e-05
1030.0,1.99010631014e-10,3.20438545697e-09,1.34994175842e-05
1031.0,2.24306440065e-10,3.16135934809e-09,1.33292287441e-05
1032.0,2.35594740895e-10,3.11896872817e-09,1.31582018474e-05
1033.0,1.94159343922e-10,3.07732716492e-09,1.29717347021e-05
1034.0,2.01678531228e-10,3.03588819772e-09,1.28083146491e-05
1035.0,1.98032066826e-10,2.99497089161e-09,1.26443681547e-05
1036.0,2.21678002389e-10,2.95471448172e-09,1.24762504448e-05
1037.0,2.37337220878e-10,2.91512175701e-09,1.23049480916e-05
1038.0,2.24822619463e-10,2.87608866276e-09,1.21362380235e-05
1039.0,2.01353673741e-10,2.83752099195e-09,1.19746180858e-05
1040.0,1.87561171262e-10,2.79939846939e-09,1.18205827708e-05
1041.0,1.86322266789e-10,2.7617612688e-09,1.16689081873e-05
1042.0,1.93546144296e-10,2.72466031547e-09,1.15154010554e-05
1043.0,1.98926747633e-10,2.68810993848e-09,1.13612521357e-05
1044.0,1.96222430801e-10,2.65207220625e-09,1.12079773795e-05
1045.0,1.87175734398e-10,2.61649012141e-09,1.10571828032e-05
1046.0,1.78982404278e-10,2.58133787262e-09,1.09116876242e-05
1047.0,1.76396528249e-10,2.54663940518e-09,1.07697134155e-05
1048.0,1.77820380661e-10,2.51243551786e-09,1.06284603419e-05
1049.0,1.79506751531e-10,2.4787359873e-09,1.04875329476e-05
1050.0,1.7837034071e-10,2.44550486331e-09,1.03478454517e-05
1051.0,1.73586305372e-10,2.41269243596e-09,1.02096741122e-05
1052.0,1.67941154456e-10,2.38028086392e-09,1.0074529207e-05
1053.0,1.64513505675e-10,2.34829268954e-09,9.94242064156e-06
1054.0,1.63655127487e-10,2.31675756403e-09,9.81180332077e-06
1055.0,1.63655450618e-10,2.28567664918e-09,9.68198939755e-06
1056.0,1.62551789379e-10,2.25502126512e-09,9.55360985916e-06
1057.0,1.59644678186e-10,2.2247589213e-09,9.42671989584e-06
1058.0,1.56019713768e-10,2.19487942532e-09,9.30192723394e-06
1059.0,1.53210863044e-10,2.16539576671e-09,9.17955498095e-06
1060.0,1.51674406723e-10,2.13632250075e-09,9.05880863055e-06
1061.0,1.50670102057e-10,2.10765680419e-09,8.93921200642e-06
1062.0,1.49157784847e-10,2.07937890947e-09,8.8209130244e-06
1063.0,1.4680531274e-10,2.05146940295e-09,8.70407358281e-06
1064.0,1.4415237287e-10,2.02392238793e-09,8.58899593818e-06
1065.0,1.4193794687e-10,1.99674373087e-09,8.47582892711e-06
1066.0,1.40372953203e-10,1.96993846648e-09,8.36422975858e-06
1067.0,1.39037903402e-10,1.94350244481e-09,8.2539297584e-06
1068.0,1.37394611758e-10,1.91742234855e-09,8.14489329784e-06
1069.0,1.35328320245e-10,1.89168597618e-09,8.03723208728e-06
1070.0,1.33160583543e-10,1.86628951852e-09,7.93112238366e-06
1071.0,1.31272071114e-10,1.84123416307e-09,7.82659984345e-06
1072.0,1.29748545154e-10,1.81652003524e-09,7.72352498218e-06
1073.0,1.28328826948e-10,1.79214214793e-09,7.62174540699e-06
1074.0,1.26713895473e-10,1.76809128791e-09,7.52121619812e-06
1075.0,1.24887050267e-10,1.74436037611e-09,7.42196747281e-06
1076.0,1.23027116441e-10,1.72094510138e-09,7.32410687879e-06
1077.0,1.21352599626e-10,1.69784431041e-09,7.22763562464e-06
1078.0,1.19876146003e-10,1.67505679221e-09,7.1324768881e-06
1079.0,1.18455786752e-10,1.65257852555e-09,7.03854837629e-06
1080.0,1.16940484643e-10,1.63041433236e-09,6.94584106808e-06
1081.0,1.15309321944e-10,1.60854682611e-09,6.85435315553e-06
1082.0,1.13684543214e-10,1.58697164153e-09,6.76411391696e-06
1083.0,1.1215845778e-10,1.56568634299e-09,6.67512460473e-06
1084.0,1.10749719862e-10,1.54468885406e-09,6.5873626648e-06
1085.0,1.09387099492e-10,1.52397493903e-09,6.50075616612e-06
1086.0,1.07977019305e-10,1.5035389071e-09,6.41527320585e-06
1087.0,1.06513095464e-10,1.48337587857e-09,6.3309159457e-06
1088.0,1.05050079036e-10,1.46348232341e-09,6.24769793968e-06
1089.0,1.0365596741e-10,1.44385596025e-09,6.16561670376e-06
1090.0,1.02338361597e-10,1.42449432117e-09,6.08464545857e-06
1091.0,1.01039374121e-10,1.40539350914e-09,6.00474957983e-06
1092.0,9.97308342671e-11,1.38654883329e-09,5.92591532322e-06
1093.0,1.42786815539e-10,1.36656784689e-09,5.88962437899e-06
1094.0,1.50434195168e-10,1.34996575426e-09,5.77232419053e-06
1095.0,1.31853560168e-10,1.33276269002e-09,5.6657697817e-06
1096.0,9.78442242216e-11,1.31440935134e-09,5.59335731351e-06
1097.0,1.25229766039e-10,1.29543453659e-09,5.55947034606e-06
1098.0,1.09201000967e-10,1.2780139806e-09,5.49138607648e-06
1099.0,1.13747053353e-10,1.2614085475e-09,5.41135817702e-06
1100.0,1.19559094856e-10,1.24496359297e-09,5.33037915366e-06
1101.0,1.05754273948e-10,1.22829424796e-09,5.25426106657e-06
1102.0,2.51528009552e-10,1.2115358847e-09,5.18773465059e-06
1103.0,2.09026829669e-10,1.19570845506e-09,4.93238330938e-06
1104.0,9.80163189585e-11,1.18024941017e-09,4.72655306413e-06
1105.0,2.44669635928e-10,1.16396172526e-09,4.69836930147e-06
1106.0,2.12089558538e-10,1.15059786163e-09,4.73953212924e-06
1107.0,1.32216889385e-10,1.13666279793e-09,4.76036758139e-06
1108.0,1.5716244541e-10,1.12164711331e-09,4.70041838455e-06
1109.0,1.38761829907e-10,1.10627486841e-09,4.58245528932e-06
1110.0,9.61614036959e-11,1.09163660109e-09,4.46747634032e-06
1111.0,1.65129257228e-10,1.07662109507e-09,4.44048130446e-06
1112.0,1.42071902137e-10,1.0647985611e-09,4.38422541447e-06
1113.0,1.40826603567e-10,1.0521830121e-09,4.34413048391e-06
1114.0,1.22014159225e-10,1.03816022344e-09,4.30086882317e-06
1115.0,1.1230455754e-10,1.02365291778e-09,4.25031146967e-06
1116.0,1.09451843062e-10,1.00986957885e-09,4.19916858992e-06
1117.0,1.15317110655e-10,9.97174039286e-10,4.12151162244e-06
1118.0,1.16486617112e-10,9.85032507636e-10,4.05361482527e-06
1119.0,1.05552303497e-10,9.72827154644e-10,4.01455146991e-06
1120.0,1.32398748621e-10,9.60279436356e-10,3.98254974505e-06
1121.0,9.79915522569e-11,9.47196974037e-10,3.94229346194e-06
1122.0,1.51726257764e-10,9.34229695298e-10,3.9182561104e-06
1123.0,1.28628422441e-10,9.23303193846e-10,3.82606502333e-06
1124.0,1.16602399705e-10,9.12221022802e-10,3.74968749184e-06
1125.0,1.27272361661e-10,9.00445465733e-10,3.70744842822e-06
1126.0,8.94322227527e-11,8.88003185588e-10,3.67837814605e-06
1127.0,1.12789258675e-10,8.75873927696e-10,3.65610998835e-06
1128.0,9.20331958599e-11,8.654254472e-10,3.61523059914e-06
1129.0,1.63505310032e-10,8.53577403922e-10,3.59331826934e-06
1130.0,1.41339491957e-10,8.44166976837e-10,3.49778446861e-06
1131.0,1.05973591878e-10,8.33856762481e-10,3.42490364492e-06
1132.0,1.12246700439e-10,8.22486382225e-10,3.39026508763e-06
1133.0,7.28739916234e-11,8.11057714552e-10,3.37117961286e-06
1134.0,1.01991807843e-10,8.00000272151e-10,3.35081166157e-06
1135.0,8.91620755239e-11,7.90395102749e-10,3.31692247092e-06
1136.0,1.53164366663e-10,7.79590141692e-10,3.29679199984e-06
1137.0,1.39228817868e-10,7.71395746649e-10,3.20768370976e-06
1138.0,1.00022165182e-10,7.62088643151e-10,3.13447351969e-06
1139.0,9.72578557415e-11,7.51504187214e-10,3.10043028915e-06
1140.0,1.70710479626e-10,7.41199620692e-10,3.08182359768e-06
1141.0,8.53205169133e-11,7.30955844294e-10,3.07365463807e-06
1142.0,1.50964825116e-10,7.21022030185e-10,3.05495335917e-06
1143.0,1.56944954173e-10,7.13057917564e-10,2.99543438097e-06
1144.0,1.31129768699e-10,7.04897470168e-10,2.93456994486e-06
1145.0,8.84994929354e-11,6.95836649159e-10,2.88365524787e-06
1146.0,1.39216404827e-10,6.86258790794e-10,2.86625343128e-06
1147.0,6.86471430995e-11,6.76665957442e-10,2.83843525298e-06
1148.0,1.29145321402e-10,6.67460228545e-10,2.82121081514e-06
1149.0,1.21309042377e-10,6.5980531857e-10,2.772527629e-06
1150.0,8.86816225135e-11,6.52129637194e-10,2.72057736691e-06
1151.0,1.18521625383e-10,6.43152164963e-10,2.70405315406e-06
1152.0,7.75403056658e-11,6.35208384571e-10,2.65559499596e-06
1153.0,1.02837210064e-10,6.26498222248e-10,2.63968259364e-06
1154.0,8.64849412404e-11,6.18773593321e-10,2.60056737841e-06
1155.0,1.23853490751e-10,6.10304322357e-10,2.58492659971e-06
1156.0,9.63744107675e-11,6.0320148997e-10,2.52104790623e-06
1157.0,1.19949563439e-10,5.94925384769e-10,2.5058640782e-06
1158.0,8.29925902488e-11,5.8801400706e-10,2.45549274232e-06
1159.0,9.70461395321e-11,5.79936048198e-10,2.4407283982e-06
1160.0,1.25736901803e-10,5.72015597764e-10,2.42628590512e-06
1161.0,8.81268543821e-11,5.65718888749e-10,2.37333217974e-06
1162.0,1.03210105144e-10,5.57941158097e-10,2.35919299462e-06
1163.0,8.28428354235e-11,5.51308512912e-10,2.31150434908e-06
1164.0,9.65055849314e-11,5.43736701216e-10,2.29761668409e-06
1165.0,1.23248938402e-10,5.36311467554e-10,2.28400226664e-06
1166.0,8.79593310779e-11,5.30226254674e-10,2.23093580838e-06
1167.0,1.0076129309e-10,5.22948939619e-10,2.21735604307e-06
1168.0,7.76712064824e-11,5.16889181727e-10,2.16793496427e-06
1169.0,9.05638211838e-11,5.09786673938e-10,2.15483151118e-06
1170.0,1.1288721862e-10,5.02823537157e-10,2.14218584916e-06
1171.0,7.64827478103e-11,4.97110963144e-10,2.10087420927e-06
1172.0,9.02872011266e-11,4.90288636532e-10,2.08842815435e-06
1173.0,1.25151360706e-10,4.83598478644e-10,2.07605408544e-06
1174.0,9.66027533228e-11,4.78588690917e-10,2.01536901615e-06
1175.0,1.06387012431e-10,4.71991361987e-10,2.00279467892e-06
1176.0,7.15331755957e-11,4.66257214468e-10,1.96209763899e-06
1177.0,8.27138651317e-11,4.59853693967e-10,1.9500465267e-06
1178.0,1.10265071432e-10,4.53573847116e-10,1.93872904934e-06
1179.0,8.22900058376e-11,4.48051358212e-10,1.90959004008e-06
1180.0,1.24355615897e-10,4.41928396317e-10,1.89823563944e-06
1181.0,8.22488894563e-11,4.37019644578e-10,1.85954490399e-06
1182.0,9.83100598065e-11,4.31015439919e-10,1.84845971614e-06
1183.0,1.34628395763e-10,4.25130483401e-10,1.83765866469e-06
1184.0,8.65303094151e-11,4.20585271296e-10,1.78028645144e-06
1185.0,9.50411262194e-11,4.14796263669e-10,1.76929844378e-06
1186.0,1.23681544639e-10,4.09125241539e-10,1.75902249547e-06
1187.0,7.74718169936e-11,4.04574914131e-10,1.71591553286e-06
1188.0,8.21678804967e-11,3.99013891397e-10,1.7055281695e-06
1189.0,1.05297061026e-10,3.93563506611e-10,1.69561337273e-06
1190.0,9.97475534376e-11,3.89112777676e-10,1.66837069921e-06
1191.0,1.5035835282e-10,3.83771903634e-10,1.65851492108e-06
1192.0,9.25837384305e-11,3.79027472733e-10,1.62074553886e-06
1193.0,9.62142169668e-11,3.73840762936e-10,1.61085244622e-06
1194.0,1.21583504807e-10,3.68750101484e-10,1.60165301451e-06
1195.0,7.50472005779e-11,3.65060690123e-10,1.5601935067e-06
1196.0,1.02301671066e-10,3.60027672396e-10,1.55099527245e-06
1197.0,9.54846721096e-11,3.55653018552e-10,1.52590737678e-06
1198.0,1.63238500852e-10,3.50769658863e-10,1.51693448391e-06
1199.0,2.41368593606e-10,3.46044512806e-10,1.4941696954e-06
1200.0,1.98434815553e-10,3.42371838411e-10,1.27698609932e-06
1201.0,1.09667807575e-10,3.38687507712e-10,1.12985780355e-06
1202.0,1.53990942045e-10,3.34983921372e-10,1.12336711439e-06
1203.0,1.58360096788e-10,3.31382099476e-10,1.22496825498e-06
1204.0,9.04790424578e-11,3.27736658876e-10,1.29991522904e-06
1205.0,1.44498116013e-10,3.23933731428e-10,1.29239520074e-06
1206.0,1.02310531296e-10,3.20729536212e-10,1.21474640522e-06
1207.0,5.99306641545e-11,3.17451313539e-10,1.14182582778e-06
1208.0,1.1625737318e-10,3.13749526723e-10,1.13508677651e-06
1209.0,8.4951969515e-11,3.10192984823e-10,1.12975703243e-06
1210.0,1.16500170756e-10,3.06603811153e-10,1.12344559581e-06
1211.0,7.27962737005e-11,3.03694275713e-10,1.17156777317e-06
1212.0,1.02485626488e-10,3.00160910818e-10,1.16485109165e-06
1213.0,8.80553591419e-11,2.97298920217e-10,1.14006935316e-06
1214.0,1.48291534018e-10,2.93831126646e-10,1.1335693041e-06
1215.0,8.78590321596e-11,2.90677147749e-10,1.0687972831e-06
1216.0,9.18034532884e-11,2.87302065119e-10,1.0623520518e-06
1217.0,1.19047778057e-10,2.83980834891e-10,1.05646775995e-06
1218.0,6.24100756212e-11,2.81410293667e-10,1.04519387475e-06
1219.0,8.01490152852e-11,2.78130122833e-10,1.03934963995e-06
1220.0,1.24003928395e-10,2.74907395927e-10,1.03355324845e-06
1221.0,8.6106048611e-11,2.72536274894e-10,1.03534034448e-06
1222.0,1.32724789112e-10,2.6934804384e-10,1.02944485986e-06
1223.0,7.06738122419e-11,2.66341405537e-10,1.01490607574e-06
1224.0,9.40040049936e-11,2.63251817561e-10,1.00897502124e-06
1225.0,1.3805009108e-10,2.60210602051e-10,1.0032649234e-06
1226.0,8.09577573298e-11,2.57824122936e-10,9.54775372355e-07
1227.0,7.63741073375e-11,2.54821937815e-10,9.48898825168e-07
1228.0,9.1277068479e-11,2.5187146269e-10,9.4370757559e-07
1229.0,1.15882649353e-10,2.48966189539e-10,9.38518553073e-07
1230.0,6.17594552027e-11,2.47245356648e-10,9.42488987058e-07
1231.0,7.5850397975e-11,2.44334308543e-10,9.37118163923e-07
1232.0,1.12193253378e-10,2.4148357528e-10,9.31874486138e-07
1233.0,9.18498533157e-11,2.38822456974e-10,9.11572262905e-07
1234.0,1.35921006048e-10,2.36052125625e-10,9.06298893055e-07
1235.0,7.87864350328e-11,2.33375101217e-10,8.88669941035e-07
1236.0,7.54737813291e-11,2.30684036418e-10,8.83353873088e-07
1237.0,9.50008494662e-11,2.28032085179e-10,8.78457479674e-07
1238.0,1.27619709436e-10,2.25416802375e-10,8.73603635786e-07
1239.0,8.41949652084e-11,2.24307416845e-10,8.41906160356e-07
1240.0,1.02901854995e-10,2.21646665294e-10,8.36660192376e-07
1241.0,8.34614367086e-11,2.19334224106e-10,8.27535523065e-07
1242.0,1.52670198456e-10,2.16761250559e-10,8.22743303086e-07
1243.0,6.32963858589e-11,2.13988187627e-10,8.2764913306e-07
1244.0,8.46813503753e-11,2.11525076655e-10,8.22924144879e-07
1245.0,1.44796996187e-10,2.09094483356e-10,8.18366719951e-07
1246.0,8.51661634216e-11,2.06712011402e-10,8.06697826966e-07
1247.0,9.87943699353e-11,2.0434137606e-10,8.02105128584e-07
1248.0,1.38575271412e-10,2.02003229507e-10,7.97699313574e-07
1249.0,7.31813879406e-11,2.01001445348e-10,7.64979889616e-07
1250.0,1.00815824153e-10,1.98620763083e-10,7.59982297814e-07
1251.0,8.54479320267e-11,1.96392330276e-10,7.4864968869e-07
1252.0,1.49361729852e-10,1.94104105154e-10,7.44338466371e-07
1253.0,7.5746234402e-11,1.91894222727e-10,7.4391183809e-07
1254.0,9.17527950898e-11,1.89676384243e-10,7.39678094887e-07
1255.0,1.28422802482e-10,1.87491897431e-10,7.35668159434e-07
1256.0,5.93012586701e-11,1.85413687599e-10,7.35212358737e-07
1257.0,9.91160773087e-11,1.83284884642e-10,7.31087384767e-07
1258.0,1.62107110447e-10,1.81186028375e-10,7.27098959639e-07
1259.0,9.73694813306e-11,1.8027267166e-10,6.98061502778e-07
1260.0,9.88919857651e-11,1.78136894743e-10,6.93285812088e-07
1261.0,1.19380860726e-10,1.7605109319e-10,6.893079745e-07
1262.0,9.14944331891e-11,1.74200403102e-10,6.72830724116e-07
1263.0,1.5853854575e-10,1.72172329981e-10,6.691785968e-07
1264.0,7.72850899872e-11,1.7011762668e-10,6.73673801332e-07
1265.0,8.4695974056e-11,1.68159927581e-10,6.69804024158e-07
1266.0,1.32910225251e-10,1.66229346979e-10,6.66115752856e-07
1267.0,8.83586556096e-11,1.64670662417e-10,6.5530401442e-07
1268.0,9.61313810036e-11,1.62764448736e-10,6.51387997265e-07
1269.0,1.24178458204e-10,1.60890253397e-10,6.47901023898e-07
1270.0,8.26228507216e-11,1.59539998897e-10,6.31508800036e-07
1271.0,1.64875048721e-10,1.57679826269e-10,6.27902874416e-07
1272.0,8.80580750064e-11,1.55911179717e-10,6.13361926476e-07
1273.0,8.69761955559e-11,1.54110494732e-10,6.09832081294e-07
1274.0,1.22877398938e-10,1.52339388947e-10,6.06433039812e-07
1275.0,8.6796659391e-11,1.51771826354e-10,6.09146744211e-07
1276.0,1.21915821301e-10,1.49955229848e-10,6.05603541418e-07
1277.0,9.25890775891e-11,1.48187306965e-10,5.91285940181e-07
1278.0,1.4975702852e-10,1.46450755224e-10,5.8790817178e-07
1279.0,9.70888065402e-11,1.44084912264e-10,6.00884553527e-07
1280.0,1.34858775753e-10,1.42475409747e-10,5.97543721923e-07
1281.0,1.12043415682e-10,1.4086471266e-10,5.85410233768e-07
1282.0,1.00790705797e-10,1.39620677666e-10,5.62022979939e-07
1283.0,6.94781107678e-11,1.38451821474e-10,5.64889502086e-07
1284.0,1.06789788641e-10,1.36844030181e-10,5.61722087011e-07
1285.0,6.53606235529e-11,1.35756389473e-10,5.54887402122e-07
1286.0,1.00108773475e-10,1.34162326668e-10,5.51763969286e-07
1287.0,6.99817072721e-11,1.32603410248e-10,5.39634392891e-07
1288.0,9.70693481839e-11,1.31071297672e-10,5.36693254438e-07
1289.0,1.37600640632e-10,1.29565003294e-10,5.33815029095e-07
1290.0,6.39826818732e-11,1.28286002881e-10,5.41312705749e-07
1291.0,7.43108121387e-11,1.26809763642e-10,5.38104078334e-07
1292.0,1.15263901412e-10,1.25357878607e-10,5.35327958775e-07
1293.0,6.57896701545e-11,1.24037283879e-10,5.1699929082e-07
1294.0,7.200082379e-11,1.22618263312e-10,5.14165759448e-07
1295.0,9.60159379311e-11,1.21221319473e-10,5.11424076529e-07
1296.0,1.2809702919e-10,1.19844864939e-10,5.08762829952e-07
1297.0,5.55919241101e-11,1.19425396998e-10,4.98372153538e-07
1298.0,7.40460202254e-11,1.18005889919e-10,4.95401752501e-07
1299.0,1.24858971007e-10,1.16623954231e-10,4.92750631994e-07
1300.0,8.55145269354e-11,1.15268513457e-10,4.82967555976e-07
1301.0,1.20529910038e-10,1.13938525333e-10,4.80199970175e-07
1302.0,5.74755745717e-11,1.12534680149e-10,4.63659027709e-07
1303.0,6.71323074429e-11,1.11253154376e-10,4.60979843408e-07
1304.0,1.05720428836e-10,1.0998896073e-10,4.58490844382e-07
1305.0,6.55870903016e-11,1.08658756478e-10,4.6076703298e-07
1306.0,9.27977494811e-11,1.07433279881e-10,4.58223981706e-07
1307.0,1.29509227677e-10,1.06222075815e-10,4.5583306433e-07
1308.0,7.44185656688e-11,1.05841525698e-10,4.44766896181e-07
1309.0,7.52733435672e-11,1.04595912044e-10,4.42151456645e-07
1310.0,8.87452764492e-11,1.03381085148e-10,4.3982840746e-07
1311.0,1.10051502285e-10,1.02189701808e-10,4.37516810836e-07
1312.0,7.80769788129e-11,1.01439370171e-10,4.26743962362e-07
1313.0,1.17021083717e-10,1.00253454499e-10,4.24349906301e-07
1314.0,2.58895717183e-10,9.90329502222e-11,4.20131940061e-07
1315.0,1.97674276729e-10,9.85969893959e-11,2.23629273891e-07
1316.0,8.68950607224e-11,9.8186819485e-11,9.97765182601e-08
1317.0,1.90610615157e-10,9.77610970535e-11,9.87508282699e-08
1318.0,1.68388134717e-10,9.72692837411e-11,1.49981165958e-07
1319.0,8.86288723957e-11,9.68093550655e-11,2.48807114243e-07
1320.0,1.24652361319e-10,9.63923705976e-11,2.46997210516e-07
1321.0,1.09257902422e-10,9.60283731244e-11,2.08416551162e-07
1322.0,5.58886119243e-11,9.567989908e-11,1.87111431332e-07
1323.0,6.96330347834e-11,9.52647930283e-11,1.85618377104e-07
1324.0,1.0926457916e-10,9.48520902986e-11,1.8429666444e-07
1325.0,6.95262111116e-11,9.45203713646e-11,1.67240633449e-07
1326.0,7.67994628876e-11,9.41089910619e-11,1.66084874737e-07
1327.0,1.030857923e-10,9.37006173537e-11,1.64977768329e-07
1328.0,7.7740920045e-11,9.32915071849e-11,1.73264186171e-07
1329.0,8.22127983943e-11,9.28882285396e-11,1.72286722909e-07
1330.0,9.42803668067e-11,9.24872702712e-11,1.71360484598e-07
1331.0,1.13681900844e-10,9.20885009318e-11,1.70436276786e-07
1332.0,5.20241193056e-11,9.20498013164e-11,2.05389416958e-07
1333.0,7.12620997113e-11,9.16411923324e-11,2.03902373402e-07
1334.0,1.1955341769e-10,9.12377232475e-11,2.02611995275e-07
1335.0,6.92444805094e-11,9.0935695364e-11,1.65762751266e-07
1336.0,5.86348346937e-11,9.05353318496e-11,1.64672830415e-07
1337.0,6.5672957756e-11,9.01384876688e-11,1.63649847813e-07
1338.0,8.76978973864e-11,8.97446643813e-11,1.62668964479e-07
1339.0,1.14689482844e-10,8.93535715124e-11,1.61709246296e-07
1340.0,5.94866253414e-11,8.89831249594e-11,1.73256568233e-07
1341.0,5.15699229061e-11,8.85954419516e-11,1.71940298429e-07
1342.0,6.90591626821e-11,8.82105039104e-11,1.70804051507e-07
1343.0,9.48541706382e-11,8.78279168172e-11,1.69745734097e-07
1344.0,1.2229705434e-10,8.74475575565e-11,1.68714250729e-07
1345.0,4.71517273552e-11,8.71527791182e-11,1.61319742552e-07
1346.0,4.93518791954e-11,8.67736251982e-11,1.6018905503e-07
1347.0,9.3914305579e-11,8.63969030328e-11,1.59178930422e-07
1348.0,1.43948732634e-10,8.60225151153e-11,1.5822855481e-07
1349.0,6.10480167132e-11,8.56611773674e-11,1.96439391884e-07
1350.0,4.72167814157e-11,8.52899696732e-11,1.94897704298e-07
1351.0,8.45363832441e-11,8.49214626831e-11,1.93495124761e-07
1352.0,1.28738101911e-10,8.45550575715e-11,1.92175753701e-07
1353.0,5.70347179428e-11,8.4355871098e-11,1.351999325e-07
1354.0,3.8340663998e-11,8.3987311002e-11,1.34192438759e-07
1355.0,6.92638005692e-11,8.36216568549e-11,1.33303946429e-07
1356.0,1.10009713574e-10,8.32586308785e-11,1.324744794e-07
1357.0,5.15638196939e-11,8.30794035536e-11,1.74066910382e-07
1358.0,3.28998302491e-11,8.2713516269e-11,1.72869156325e-07
1359.0,4.41274090845e-11,8.23516333356e-11,1.71806234672e-07
1360.0,7.0301542248e-11,8.19926919983e-11,1.70825553833e-07
1361.0,9.78981110973e-11,8.16362604284e-11,1.69873827063e-07
1362.0,1.24829506873e-10,8.12821357917e-11,1.68936013359e-07
1363.0,4.22766236775e-11,8.10204578173e-11,1.42535684712e-07
1364.0,5.53597231134e-11,8.06667519397e-11,1.4139514778e-07
1365.0,1.07829852596e-10,8.03155486969e-11,1.4037511154e-07
1366.0,6.02701399249e-11,8.00152916222e-11,1.50467796221e-07
1367.0,4.61456868086e-11,7.96664775591e-11,1.49428564968e-07
1368.0,4.2219256505e-11,7.93204537875e-11,1.48510926616e-07
1369.0,4.84614507723e-11,7.89766556456e-11,1.47659711122e-07
1370.0,6.04108665701e-11,7.86348988783e-11,1.46829294841e-07
1371.0,7.491592763e-11,7.82950951304e-11,1.46009794569e-07
1372.0,9.05404130695e-11,7.79571926865e-11,1.45203893888e-07
1373.0,1.0670139497e-10,7.76211134558e-11,1.4440618073e-07
1374.0,5.85363770361e-11,7.7363787352e-11,1.56234039398e-07
1375.0,4.29120880644e-11,7.70283606214e-11,1.55083115461e-07
1376.0,5.16608011492e-11,7.66952562028e-11,1.54120188884e-07
1377.0,7.47656421941e-11,7.63642155329e-11,1.53259187796e-07
1378.0,1.02868162386e-10,7.60350761194e-11,1.52434479343e-07
1379.0,6.48532034589e-11,7.59556102805e-11,1.35482452207e-07
1380.0,5.50136218486e-11,7.5619924766e-11,1.34473419585e-07
1381.0,5.05406177426e-11,7.52882565567e-11,1.33661330059e-07
1382.0,5.18894653101e-11,7.49595599667e-11,1.32951837086e-07
1383.0,5.80850151203e-11,7.46333643047e-11,1.32284992976e-07
1384.0,6.81833595896e-11,7.43093776601e-11,1.31629295156e-07
1385.0,8.09341538994e-11,7.39874336443e-11,1.30981047602e-07
1386.0,9.53009859697e-11,7.36674015983e-11,1.30338929016e-07
1387.0,1.1095994867e-10,7.33492205196e-11,1.29698344127e-07
1388.0,5.79611134019e-11,7.31380752913e-11,1.50093433133e-07
1389.0,4.03302981827e-11,7.2819271981e-11,1.48969455158e-07
1390.0,4.20994420347e-11,7.25031704567e-11,1.48106378354e-07
1391.0,5.72086787029e-11,7.2189245211e-11,1.47339834549e-07
1392.0,7.79285703798e-11,7.18772764812e-11,1.46589854639e-07
1393.0,1.00378474824e-10,7.15671440485e-11,1.45855547847e-07
1394.0,5.5297765282e-11,7.14117926507e-11,1.27664858647e-07
1395.0,4.11116721658e-11,7.10986090231e-11,1.26761465094e-07
1396.0,3.71261272731e-11,7.07883981835e-11,1.26040063489e-07
1397.0,4.77339268807e-11,7.04806041964e-11,1.25383695095e-07
1398.0,6.48719878956e-11,7.01749616237e-11,1.24756850635e-07
1399.0,8.5254192321e-11,6.98712193251e-11,1.24148796126e-07
1400.0,1.07320018201e-10,6.95692690963e-11,1.23549311059e-07
1401.0,5.92528185656e-11,6.93538364821e-11,1.31732514956e-07
1402.0,4.34815793258e-11,6.90521490402e-11,1.30636297501e-07
1403.0,3.91666078969e-11,6.87529243798e-11,1.29757211281e-07
1404.0,4.56748832016e-11,6.84556936831e-11,1.28992511467e-07
1405.0,5.88969097219e-11,6.81602950733e-11,1.28262409545e-07
1406.0,7.47858807069e-11,6.78665874644e-11,1.27551416021e-07
1407.0,9.18723171781e-11,6.75745033636e-11,1.26855768036e-07
1408.0,1.09502178926e-10,6.728405192e-11,1.26168895052e-07
1409.0,5.21703171608e-11,6.72463932112e-11,1.2886512066e-07
1410.0,3.69644169485e-11,6.69485766396e-11,1.27794298788e-07
1411.0,4.56501930511e-11,6.66544530136e-11,1.26952872867e-07
1412.0,6.67364515641e-11,6.63630873124e-11,1.26213323776e-07
1413.0,9.2372037798e-11,6.60740172678e-11,1.25518368304e-07
1414.0,1.19878639409e-10,6.57869698378e-11,1.24855505115e-07
1415.0,7.29127793024e-11,6.55134555618e-11,1.21796264328e-07
1416.0,5.92982784639e-11,6.52297487675e-11,1.20752889112e-07
1417.0,5.13836535417e-11,6.49478560324e-11,1.19926832274e-07
1418.0,4.9182471739e-11,6.46676094466e-11,1.1918892214e-07
1419.0,5.25684595215e-11,6.43889365167e-11,1.18479030598e-07
1420.0,6.12768876724e-11,6.41117993726e-11,1.17798081021e-07
1421.0,7.33251231298e-11,6.38361487383e-11,1.17133444134e-07
1422.0,8.74364240473e-11,6.35619737841e-11,1.16480910509e-07
1423.0,1.03075776432e-10,6.32892603107e-11,1.15839042561e-07
1424.0,5.01223044493e-11,6.33681084814e-11,1.2333948579e-07
1425.0,4.09596871137e-11,6.30840402076e-11,1.22056902447e-07
1426.0,5.09946524097e-11,6.28044925697e-11,1.21053561774e-07
1427.0,6.99284380515e-11,6.25281255926e-11,1.202222627e-07
1428.0,9.15676557044e-11,6.22542692137e-11,1.19470862283e-07
1429.0,1.14260750188e-10,6.19825666094e-11,1.18753257563e-07
1430.0,6.51949582303e-11,6.16982560867e-11,1.15745935377e-07
1431.0,5.22864639317e-11,6.14309012194e-11,1.14796944689e-07
1432.0,4.57295312014e-11,6.1165052e-11,1.13994122672e-07
1433.0,4.91616324537e-11,6.0900724563e-11,1.13262999422e-07
1434.0,6.00161309923e-11,6.06378829564e-11,1.12570343292e-07
1435.0,7.43511541186e-11,6.03765085854e-11,1.1190475334e-07
1436.0,9.07160872171e-11,6.0116600778e-11,1.1126145505e-07
1437.0,1.08441960199e-10,5.98581796504e-11,1.10636413793e-07
1438.0,6.2623992731e-11,5.96195639211e-11,1.15437732685e-07
1439.0,4.76452327402e-11,5.93635310009e-11,1.14135622858e-07
1440.0,4.32485855506e-11,5.91094950974e-11,1.13108710234e-07
1441.0,4.62338761073e-11,5.88574121773e-11,1.12256547295e-07
1442.0,5.51081792939e-11,5.8607240024e-11,1.11513318339e-07
1443.0,6.69980100427e-11,5.83587439687e-11,1.10825861702e-07
1444.0,8.00329851395e-11,5.81116145583e-11,1.10163067761e-07
1445.0,9.33316942574e-11,5.78657495233e-11,1.09524181928e-07
1446.0,1.06735094455e-10,5.76211172676e-11,1.08901210791e-07
1447.0,4.58812953369e-11,5.7518072028e-11,1.15424015094e-07
1448.0,3.57737779959e-11,5.72686133372e-11,1.14136906308e-07
1449.0,5.58724356633e-11,5.7021835108e-11,1.13059428277e-07
1450.0,8.60659853985e-11,5.67771979712e-11,1.12094514014e-07
1451.0,1.1841797763e-10,5.6534485361e-11,1.11203511069e-07
1452.0,6.75708078953e-11,5.63923323377e-11,1.06816197197e-07
1453.0,5.22709796248e-11,5.61484157072e-11,1.05749798459e-07
1454.0,4.52031647513e-11,5.59069652159e-11,1.04912294617e-07
1455.0,4.73906031693e-11,5.56674473476e-11,1.04195915977e-07
1456.0,5.53778667784e-11,5.54296466353e-11,1.0354043271e-07
1457.0,6.68243715805e-11,5.51933639646e-11,1.02918570882e-07
1458.0,8.00203977742e-11,5.49584924004e-11,1.02323494086e-07
1459.0,9.47140551002e-11,5.47249774026e-11,1.01745410681e-07
1460.0,1.10436158474e-10,5.44927547518e-11,1.01182087894e-07
1461.0,5.70067755218e-11,5.43565766208e-11,1.07297796712e-07
1462.0,4.29948151506e-11,5.41216539335e-11,1.06089942884e-07
1463.0,4.8594886164e-11,5.38895078767e-11,1.0514665918e-07
1464.0,6.41752285252e-11,5.36593262758e-11,1.04362570259e-07
1465.0,8.35019646664e-11,5.34307145607e-11,1.0366172337e-07
1466.0,1.03883050742e-10,5.32035342114e-11,1.03001890955e-07
1467.0,5.51183538345e-11,5.31179527556e-11,1.01732528463e-07
1468.0,4.24064314465e-11,5.28871025079e-11,1.00818692236e-07
1469.0,4.00709064769e-11,5.26589367664e-11,1.00101847188e-07
1470.0,4.93133834812e-11,5.24327912483e-11,9.94659607308e-08
1471.0,6.35742274563e-11,5.2208329866e-11,9.8876647895e-08
1472.0,7.98076079034e-11,5.19854008952e-11,9.8319454854e-08
1473.0,9.71923471307e-11,5.17638608683e-11,9.77829430005e-08
1474.0,1.15550705005e-10,5.15436389168e-11,9.72643897371e-08
1475.0,6.07746515116e-11,5.13765317336e-11,1.03009708734e-07
1476.0,4.40270661755e-11,5.1156090406e-11,1.01755252885e-07
1477.0,4.51670208517e-11,5.09376373628e-11,1.00787273939e-07
1478.0,5.76315418999e-11,5.07206877412e-11,9.99910447819e-08
1479.0,7.2621517766e-11,5.05051004431e-11,9.92795248078e-08
1480.0,8.88155846862e-11,5.0290790426e-11,9.86145651213e-08
1481.0,1.05542875731e-10,5.00777074628e-11,9.79825972042e-08
1482.0,4.83190811713e-11,5.00364771604e-11,9.93257307939e-08
1483.0,3.10797487155e-11,4.98179646141e-11,9.82772475266e-08
1484.0,3.4655355724e-11,4.96022503136e-11,9.74444419808e-08
1485.0,5.25721287082e-11,4.93886246084e-11,9.67095526773e-08
1486.0,7.52430501732e-11,4.91767179567e-11,9.60352793404e-08
1487.0,9.92722992383e-11,4.89663449221e-11,9.54024231925e-08
1488.0,1.23792775046e-10,4.87573577131e-11,9.47997359554e-08
1489.0,7.11876948601e-11,4.85489338434e-11,9.88892825699e-08
1490.0,5.5691856011e-11,4.83421729484e-11,9.75465293747e-08
1491.0,5.35906448383e-11,4.81367713149e-11,9.64985798821e-08
1492.0,6.07711549365e-11,4.79325632391e-11,9.56390776303e-08
1493.0,7.38875000847e-11,4.77294829578e-11,9.48761375344e-08
1494.0,8.88512403344e-11,4.75274998975e-11,9.41673477855e-08
1495.0,1.04405731396e-10,4.73265815785e-11,9.35017355472e-08
1496.0,4.98507109086e-11,4.72767669425e-11,9.29361262353e-08
1497.0,3.35869173564e-11,4.70712022434e-11,9.17949314128e-08
1498.0,3.73870851468e-11,4.68681197333e-11,9.08954104908e-08
1499.0,5.36923188338e-11,4.66668708706e-11,9.01123455428e-08
1500.0,7.34494104281e-11,4.64671541968e-11,8.94027290989e-08
1501.0,9.47894557701e-11,4.62687792016e-11,8.87436154516e-08
1502.0,1.16637497233e-10,4.60716878126e-11,8.81220341056e-08
1503.0,6.41032851875e-11,4.58764490459e-11,9.60028622585e-08
1504.0,4.83563223129e-11,4.56815609725e-11,9.45421935302e-08
1505.0,5.16841405224e-11,4.54878146519e-11,9.33979221722e-08
1506.0,6.42228336263e-11,4.52951413088e-11,9.24685205956e-08
1507.0,7.89051833939e-11,4.51035311952e-11,9.16714893633e-08
1508.0,9.42932137695e-11,4.49129580195e-11,9.09490791049e-08
1509.0,1.10017316399e-10,4.47234066747e-11,9.02798767378e-08
1510.0,5.65261726206e-11,4.45988982126e-11,9.35153907331e-08
1511.0,3.7537010775e-11,4.4408439471e-11,9.22432526445e-08
1512.0,3.80688881413e-11,4.42195644806e-11,9.12389428015e-08
1513.0,5.02851853826e-11,4.40319903451e-11,9.03839239059e-08
1514.0,6.79149912812e-11,4.38455825949e-11,8.96127282499e-08
1515.0,8.73694992501e-11,4.36602375504e-11,8.8897165046e-08
1516.0,1.06982352454e-10,4.34759207725e-11,8.82262591458e-08
1517.0,5.63329459955e-11,4.33223922704e-11,9.02427700438e-08
1518.0,4.20564225435e-11,4.31386042864e-11,8.86301909578e-08
1519.0,4.89784932046e-11,4.29560796529e-11,8.73801208299e-08
1520.0,6.5547443385e-11,4.2774667983e-11,8.63584714599e-08
1521.0,8.39525855583e-11,4.25942850969e-11,8.54913926484e-08
1522.0,1.02049206291e-10,4.2414895251e-11,8.47316267689e-08
1523.0,5.28281615642e-11,4.25008523215e-11,8.81374864506e-08
1524.0,3.60505271582e-11,4.23121321229e-11,8.68727372304e-08
1525.0,3.67990566171e-11,4.21267858829e-11,8.58816737303e-08
1526.0,4.94438638452e-11,4.19437378169e-11,8.50606044684e-08
1527.0,6.53989528611e-11,4.17624741886e-11,8.43536977637e-08
1528.0,8.21742925224e-11,4.15827245314e-11,8.37134715267e-08
1529.0,9.9457664687e-11,4.1404301723e-11,8.31186454573e-08
1530.0,1.16802274958e-10,4.12271126819e-11,8.25593281844e-08
1531.0,5.94324999905e-11,4.09863912085e-11,8.67598221304e-08
1532.0,4.22381131943e-11,4.0814280311e-11,8.50502981552e-08
1533.0,4.93330791759e-11,4.06426625761e-11,8.37300974746e-08
1534.0,6.42984094571e-11,4.04716993148e-11,8.26542959298e-08
1535.0,8.06779848382e-11,4.03014615329e-11,8.17594646239e-08
1536.0,9.74856353022e-11,4.01320013744e-11,8.09896070454e-08
1537.0,1.14057051832e-10,3.99633483244e-11,8.0308543809e-08
1538.0,5.556503676e-11,3.98419134586e-11,8.77979440981e-08
1539.0,3.69207425179e-11,3.96726527559e-11,8.62456815249e-08
1540.0,4.37288163226e-11,3.95047406788e-11,8.50233190738e-08
1541.0,6.18389063715e-11,3.93378775859e-11,8.40135034664e-08
1542.0,8.29001854824e-11,3.9172031719e-11,8.31654882754e-08
1543.0,1.04805555762e-10,3.90071279893e-11,8.24306845562e-08
1544.0,5.35458760529e-11,3.89360908064e-11,8.29541756317e-08
1545.0,3.61273744997e-11,3.87689052789e-11,8.13313654302e-08
1546.0,3.73892898051e-11,3.86033813264e-11,8.00819672338e-08
1547.0,4.96596060842e-11,3.84391943396e-11,7.90686095877e-08
1548.0,6.44959456384e-11,3.82761325587e-11,7.821712397e-08
1549.0,8.00398234628e-11,3.81141030262e-11,7.74842248061e-08
1550.0,9.55353809705e-11,3.7953028191e-11,7.68352849259e-08
1551.0,1.10650563198e-10,3.77928752539e-11,7.62417245244e-08
1552.0,4.98231072738e-11,3.77443997426e-11,8.11867018263e-08
1553.0,3.14813215222e-11,3.75815177633e-11,7.9650118887e-08
1554.0,4.23327649645e-11,3.74206157895e-11,7.84408987392e-08
1555.0,6.22071783958e-11,3.72611807951e-11,7.74610961215e-08
1556.0,8.39572545445e-11,3.71029799529e-11,7.66341310527e-08
1557.0,1.05909366929e-10,3.6945876151e-11,7.59288202962e-08
1558.0,5.70557852254e-11,3.68121672549e-11,8.15888933215e-08
1559.0,4.05011321525e-11,3.66557886889e-11,8.00110154148e-08
1560.0,4.06170959719e-11,3.65005857107e-11,7.87975202097e-08
1561.0,5.22127355918e-11,3.63463663694e-11,7.78126175064e-08
1562.0,6.67868876825e-11,3.6193064332e-11,7.69839372644e-08
1563.0,8.17648768613e-11,3.60406249856e-11,7.62622817317e-08
1564.0,9.65530819866e-11,3.58890378066e-11,7.56155739764e-08
1565.0,1.10893462614e-10,3.57384450334e-11,7.50206690668e-08
1566.0,5.10671808314e-11,3.57133614822e-11,7.83078483017e-08
1567.0,3.278820172e-11,3.55587211329e-11,7.67456021234e-08
1568.0,4.41339025402e-11,3.54060711228e-11,7.55174851769e-08
1569.0,6.37907376163e-11,3.52548655563e-11,7.45233066778e-08
1570.0,8.5455805234e-11,3.51050007634e-11,7.36892428792e-08
1571.0,1.07138350225e-10,3.49564107798e-11,7.29663743817e-08
1572.0,5.63650747015e-11,3.48205689132e-11,7.70871338092e-08
1573.0,3.9802357363e-11,3.46733042866e-11,7.55432565493e-08
1574.0,4.08780814589e-11,3.45270480766e-11,7.43521705198e-08
1575.0,5.26568096659e-11,3.43817441518e-11,7.33879340332e-08
1576.0,6.66865995848e-11,3.42373345392e-11,7.25775919437e-08
1577.0,8.15861325689e-11,3.40938112142e-11,7.18696925126e-08
1578.0,9.62291997835e-11,3.39512485261e-11,7.1234888143e-08
1579.0,1.1066486008e-10,3.38095705611e-11,7.06526728243e-08
1580.0,4.96689725889e-11,3.37971511636e-11,7.4179154871e-08
1581.0,3.02489270235e-11,3.36512180017e-11,7.25545166342e-08
1582.0,4.09087624827e-11,3.35073004088e-11,7.12885882685e-08
1583.0,6.1079633822e-11,3.33648212882e-11,7.02844471488e-08
1584.0,8.34617332098e-11,3.32235129128e-11,6.9445819762e-08
1585.0,1.05185716432e-10,3.30832570491e-11,6.8726443354e-08
1586.0,5.67509830283e-11,3.29442094393e-11,7.34622088978e-08
1587.0,4.25097209744e-11,3.28057399761e-11,7.18438232932e-08
1588.0,4.76072537772e-11,3.26682094724e-11,7.05861342722e-08
1589.0,6.08476150991e-11,3.25316252859e-11,6.95732170704e-08
1590.0,7.53936550634e-11,3.23959575708e-11,6.87164930091e-08
1591.0,9.04756093749e-11,3.22611242045e-11,6.79689957319e-08
1592.0,1.04896454348e-10,3.21270701458e-11,6.73036610446e-08
1593.0,4.85092932132e-11,3.20255217036e-11,7.15281750675e-08
1594.0,2.98105440358e-11,3.18913181919e-11,6.98945640079e-08
1595.0,3.73696166705e-11,3.17581749429e-11,6.8601873543e-08
1596.0,5.44299654904e-11,3.16259232802e-11,6.75701526454e-08
1597.0,7.35428454604e-11,3.14945292441e-11,6.67004357026e-08
1598.0,9.27994374816e-11,3.13639644908e-11,6.59647784057e-08
1599.0,1.11106281926e-10,3.12341893303e-11,6.53290184069e-08
1600.0,5.13263686141e-11,3.11561499687e-11,7.11820111041e-08
1601.0,3.05085202977e-11,3.10254172946e-11,6.93761063552e-08
1602.0,3.61722984517e-11,3.0895912189e-11,6.79898352879e-08
1603.0,5.10093569253e-11,3.0767400829e-11,6.68632156929e-08
1604.0,6.77930612156e-11,3.06398217661e-11,6.59258359241e-08
1605.0,8.49066628105e-11,3.05130205331e-11,6.51191191707e-08
1606.0,1.01163782723e-10,3.03869469189e-11,6.44068110466e-08
1607.0,4.4047644726e-11,3.03615455391e-11,7.10161276038e-08
1608.0,2.57153171939e-11,3.02320077096e-11,6.9180101948e-08
1609.0,3.85901711104e-11,3.01042015389e-11,6.77324480774e-08
1610.0,5.85763159301e-11,2.99776618361e-11,6.65675888552e-08
1611.0,7.90589646673e-11,2.98521514699e-11,6.55727178194e-08
1612.0,9.83139616921e-11,2.97275380474e-11,6.47331369145e-08
1613.0,1.16165952849e-10,2.96037410035e-11,6.4002465788e-08
1614.0,5.18227099195e-11,2.95025671727e-11,7.33774139173e-08
1615.0,3.44211521903e-11,2.93792605823e-11,7.11614076194e-08
1616.0,5.03368706012e-11,2.92569021665e-11,6.94444509126e-08
1617.0,7.0715573772e-11,2.91353416097e-11,6.80538375857e-08
1618.0,9.15440475636e-11,2.90145281579e-11,6.69042234759e-08
1619.0,1.11086518844e-10,2.88944100076e-11,6.59254018407e-08
1620.0,5.56825532117e-11,2.87865074445e-11,6.87584167206e-08
1621.0,4.10802866654e-11,2.86671937981e-11,6.65402450348e-08
1622.0,5.22140726251e-11,2.85486299623e-11,6.47814315706e-08
1623.0,7.08760871344e-11,2.84307433853e-11,6.33247764e-08
1624.0,8.92973836559e-11,2.83135043895e-11,6.21511338325e-08
1625.0,1.06226910744e-10,2.81968865083e-11,6.11360776559e-08
1626.0,4.81822532193e-11,2.81057091043e-11,6.89535938484e-08
1627.0,2.83579814843e-11,2.79891383152e-11,6.66206090157e-08
1628.0,3.93613109063e-11,2.78734419825e-11,6.48653297615e-08
1629.0,5.81885248348e-11,2.7758462534e-11,6.3504806422e-08
1630.0,7.65818472498e-11,2.7644157395e-11,6.24373101418e-08
1631.0,9.31632793254e-11,2.7530483779e-11,6.15589885159e-08
1632.0,1.08032206719e-10,2.7417451961e-11,6.08137335079e-08
1633.0,4.75432224595e-11,2.74055388285e-11,7.11169922508e-08
1634.0,2.44874166052e-11,2.72890290344e-11,6.91363694883e-08
1635.0,3.70081403263e-11,2.7174128582e-11,6.7584339251e-08
1636.0,5.83251845882e-11,2.70603689227e-11,6.63256978777e-08
1637.0,7.8819680412e-11,2.69475375503e-11,6.52782282394e-08
1638.0,9.76984287758e-11,2.68355196885e-11,6.43965421831e-08
1639.0,1.15196245152e-10,2.67242727249e-11,6.3645241675e-08
1640.0,5.21053142315e-11,2.66240653834e-11,6.74866766759e-08
1641.0,2.83701668125e-11,2.65136114789e-11,6.54262590717e-08
1642.0,3.72525431329e-11,2.64039298731e-11,6.38539432142e-08
1643.0,5.42110547623e-11,2.62949558453e-11,6.26321909729e-08
1644.0,7.21149967381e-11,2.61866070403e-11,6.16697941701e-08
1645.0,8.94329324035e-11,2.60788664644e-11,6.08932930483e-08
1646.0,1.05819952804e-10,2.59717175491e-11,6.02533785754e-08
1647.0,4.46390201414e-11,2.59157279519e-11,6.40406554778e-08
1648.0,2.35951915929e-11,2.58073559644e-11,6.22011035699e-08
1649.0,3.73402043187e-11,2.57000682721e-11,6.07536009908e-08
1650.0,5.82876537335e-11,2.55936082594e-11,5.95870023553e-08
1651.0,7.83864014658e-11,2.54878880802e-11,5.86203576239e-08
1652.0,9.68505059351e-11,2.53828367394e-11,5.78067087429e-08
1653.0,1.13733823513e-10,2.52784130243e-11,5.71130615875e-08
1654.0,4.55333258e-11,2.52012344438e-11,6.53434807273e-08
1655.0,2.31338465106e-11,2.50966837689e-11,6.31312262004e-08
1656.0,4.11925100766e-11,2.49929835077e-11,6.14069418383e-08
1657.0,6.5861420429e-11,2.48899825473e-11,6.00518408009e-08
1658.0,8.91934784875e-11,2.4787617719e-11,5.89615685241e-08
1659.0,1.10281135541e-10,2.46858597227e-11,5.80874206894e-08
1660.0,4.77206900603e-11,2.46221442558e-11,6.12121777189e-08
1661.0,2.50967078436e-11,2.45198212938e-11,5.93516792714e-08
1662.0,3.57643760003e-11,2.44184264087e-11,5.78714750127e-08
1663.0,5.71252360236e-11,2.43177796215e-11,5.66694996449e-08
1664.0,7.80133240957e-11,2.42177817651e-11,5.56811802972e-08
1665.0,9.70008815754e-11,2.41183954561e-11,5.48527763889e-08
1666.0,1.14262181991e-10,2.40195786149e-11,5.41485655871e-08
1667.0,4.65004968653e-11,2.39538331674e-11,6.81015982784e-08
1668.0,2.34032311213e-11,2.38544186483e-11,6.58551754447e-08
1669.0,4.14790984131e-11,2.37559117353e-11,6.40816607905e-08
1670.0,6.69326388109e-11,2.36581169318e-11,6.26540935797e-08
1671.0,9.13488815368e-11,2.35609404459e-11,6.15107409154e-08
1672.0,1.13446566595e-10,2.34643404233e-11,6.05898208749e-08
1673.0,4.94105495289e-11,2.33985023907e-11,6.08850265256e-08
1674.0,2.58217025359e-11,2.3301713789e-11,5.90156834529e-08
1675.0,3.6124370153e-11,2.32057189409e-11,5.7532097525e-08
1676.0,5.6208921652e-11,2.31104264734e-11,5.63334287996e-08
1677.0,7.70598223575e-11,2.30157358571e-11,5.53456942876e-08
1678.0,9.69460956383e-11,2.29216046953e-11,5.45215770875e-08
1679.0,1.15230324689e-10,2.28281228567e-11,5.38238678415e-08
1680.0,4.8140244717e-11,2.27947917348e-11,6.52238860015e-08
1681.0,2.29808959374e-11,2.2699229455e-11,6.29855232174e-08
1682.0,3.92719632123e-11,2.26048437042e-11,6.11992778041e-08
1683.0,6.36785481383e-11,2.25114311612e-11,5.97511316515e-08
1684.0,8.73639613615e-11,2.24188481477e-11,5.8567262284e-08
1685.0,1.08975833659e-10,2.232718248e-11,5.75878922657e-08
1686.0,4.96279951568e-11,2.22405546844e-11,5.61303558355e-08
1687.0,2.80178374876e-11,2.21501447534e-11,5.43802630824e-08
1688.0,3.61288309123e-11,2.20603890383e-11,5.30078633356e-08
1689.0,5.2256311833e-11,2.19711815104e-11,5.19199783014e-08
1690.0,6.95054465112e-11,2.18825151356e-11,5.10461399241e-08
1691.0,8.61905896476e-11,2.17943654247e-11,5.03302593172e-08
1692.0,1.01679992053e-10,2.1706720742e-11,4.97492169682e-08
1693.0,4.28971205759e-11,2.16751910749e-11,5.57405835197e-08
1694.0,2.09025837944e-11,2.15852692153e-11,5.36795253808e-08
1695.0,3.28845527439e-11,2.14965391222e-11,5.20638858333e-08
1696.0,5.22899887984e-11,2.14087533608e-11,5.07941393024e-08
1697.0,7.06043405316e-11,2.13217013979e-11,4.97740869658e-08
1698.0,8.70784924779e-11,2.12352699749e-11,4.89713520737e-08
1699.0,1.0171973509e-10,2.11493966126e-11,4.8334563735e-08
1700.0,4.13958060759e-11,2.10645723818e-11,5.58898192608e-08
1701.0,2.60665722001e-11,2.09797211558e-11,5.40137374956e-08
1702.0,4.27470623241e-11,2.08953362553e-11,5.25910072452e-08
1703.0,6.43698091543e-11,2.08114350538e-11,5.1502571636e-08
1704.0,8.47775941983e-11,2.07280086951e-11,5.0722465753e-08
1705.0,1.03056439848e-10,2.06450236254e-11,5.01457856239e-08
1706.0,4.34260425046e-11,2.05972303633e-11,5.30464406243e-08
1707.0,2.25475226222e-11,2.05133221974e-11,5.09601807744e-08
1708.0,3.41079465841e-11,2.04302720145e-11,4.93442527695e-08
1709.0,5.35199310304e-11,2.03478708209e-11,4.80570520197e-08
1710.0,7.15132452389e-11,2.02660415098e-11,4.70373159105e-08
1711.0,8.75347610725e-11,2.01847260655e-11,4.62294298607e-08
1712.0,1.01504535835e-10,2.01038642619e-11,4.55881827981e-08
1713.0,4.1264069894e-11,2.00589408697e-11,5.25301706859e-08
1714.0,1.94982679879e-11,1.99772547332e-11,5.06987078894e-08
1715.0,3.27608610874e-11,1.9896335283e-11,4.93050248395e-08
1716.0,5.43357997011e-11,1.9816042564e-11,4.8218714844e-08
1717.0,7.45934426525e-11,1.97362904587e-11,4.73811824101e-08
1718.0,9.27864348741e-11,1.96570428226e-11,4.67292891203e-08
1719.0,1.09131705164e-10,1.95782708033e-11,4.61873126104e-08
1720.0,4.50497836321e-11,1.95054851603e-11,5.23219677176e-08
1721.0,2.63901389293e-11,1.94273158866e-11,5.00831146802e-08
1722.0,4.22752893268e-11,1.93496566587e-11,4.83469569744e-08
1723.0,6.37322467257e-11,1.92724460548e-11,4.69755830925e-08
1724.0,8.42174110965e-11,1.91956530863e-11,4.58859021913e-08
1725.0,1.02476317276e-10,1.91192916361e-11,4.50208648035e-08
1726.0,4.65142729076e-11,1.91220702927e-11,5.09162792667e-08
1727.0,2.43611286014e-11,1.90427093747e-11,4.92759635409e-08
1728.0,2.94768989786e-11,1.89645386561e-11,4.80565319344e-08
1729.0,4.81384199484e-11,1.88872125531e-11,4.71267857903e-08
1730.0,6.6691620508e-11,1.88105843445e-11,4.63916716285e-08
1731.0,8.40025651448e-11,1.87345357332e-11,4.5786648672e-08
1732.0,9.98363397074e-11,1.86590111929e-11,4.52737817484e-08
1733.0,1.14454684521e-10,1.85839706787e-11,4.48326587697e-08
1734.0,4.79570066563e-11,1.85071451227e-11,5.18712289799e-08
1735.0,2.64269533301e-11,1.8433193712e-11,4.97431836509e-08
1736.0,4.10692012382e-11,1.83596497694e-11,4.81258288861e-08
1737.0,6.31785253865e-11,1.82865046614e-11,4.68496289484e-08
1738.0,8.55011356161e-11,1.82137371249e-11,4.58008333638e-08
1739.0,1.06118000503e-10,1.81413425371e-11,4.49173272727e-08
1740.0,4.87952988898e-11,1.80699297572e-11,4.97549646552e-08
1741.0,3.45108216837e-11,1.79981717743e-11,4.7995687947e-08
1742.0,4.89650130565e-11,1.79268127464e-11,4.66898038909e-08
1743.0,6.89204810416e-11,1.78558257921e-11,4.56358463925e-08
1744.0,8.85675420964e-11,1.7785204654e-11,4.47754341279e-08
1745.0,1.06861715503e-10,1.77149294786e-11,4.40587148962e-08
1746.0,4.85632726114e-11,1.76688140699e-11,4.92929102841e-08
1747.0,2.74275952329e-11,1.75980552927e-11,4.74534952747e-08
1748.0,3.29638195226e-11,1.75279530531e-11,4.60327144151e-08
1749.0,4.99632698167e-11,1.74584027925e-11,4.49022248662e-08
1750.0,6.75358813835e-11,1.73893247442e-11,4.39888775194e-08
1751.0,8.34892587114e-11,1.73206805677e-11,4.32302422889e-08
1752.0,9.84140473272e-11,1.72524481574e-11,4.25942400301e-08
1753.0,1.12164755056e-10,1.71846664552e-11,4.20570581312e-08
1754.0,4.57183685673e-11,1.71783694671e-11,4.93984441275e-08
1755.0,2.21199333098e-11,1.71082182187e-11,4.76345374825e-08
1756.0,3.77380799406e-11,1.70391271836e-11,4.62952197488e-08
1757.0,6.25257895631e-11,1.69708079343e-11,4.52460175019e-08
1758.0,8.62756880384e-11,1.69031002015e-11,4.43841249918e-08
1759.0,1.08374001703e-10,1.68359273836e-11,4.36726372832e-08
1760.0,5.30552219283e-11,1.67852442277e-11,4.63844522002e-08
1761.0,3.05891950216e-11,1.67176202523e-11,4.45737139542e-08
1762.0,3.22306639358e-11,1.6650724648e-11,4.31610704553e-08
1763.0,4.64638198766e-11,1.65844084427e-11,4.2017523979e-08
1764.0,6.14124686245e-11,1.65187535233e-11,4.10823906795e-08
1765.0,7.62370660051e-11,1.64537169785e-11,4.02951672649e-08
1766.0,9.03883151636e-11,1.63891867312e-11,3.96321558623e-08
1767.0,1.03393046959e-10,1.63250310633e-11,3.90721322003e-08
1768.0,4.15675738826e-11,1.6282728249e-11,4.87307235757e-08
1769.0,2.10900558901e-11,1.62179324271e-11,4.70762877738e-08
1770.0,3.9535831573e-11,1.61537894139e-11,4.58084423113e-08
1771.0,6.44067565263e-11,1.60901812655e-11,4.48026008767e-08
1772.0,8.84055906906e-11,1.60270643988e-11,4.3973563879e-08
1773.0,1.10072190326e-10,1.59644166495e-11,4.32801937788e-08
1774.0,4.91126969803e-11,1.59207174357e-11,4.92949193612e-08
1775.0,2.63385236126e-11,1.58577446764e-11,4.73774262955e-08
1776.0,3.53617689134e-11,1.57953653448e-11,4.58698481379e-08
1777.0,5.45362318933e-11,1.57334607781e-11,4.4646447813e-08
1778.0,7.46449485995e-11,1.5671993404e-11,4.36260761093e-08
1779.0,9.39307414059e-11,1.56109162694e-11,4.27643229485e-08
1780.0,1.11459345974e-10,1.55501975974e-11,4.20394612867e-08
1781.0,4.67141312935e-11,1.54917550507e-11,4.67006739267e-08
1782.0,3.24491119441e-11,1.54316538003e-11,4.4796165745e-08
1783.0,5.09597753692e-11,1.53719100655e-11,4.33361673378e-08
1784.0,7.30227976617e-11,1.53124970469e-11,4.21706475397e-08
1785.0,9.45816443553e-11,1.52534004783e-11,4.12115027653e-08
1786.0,1.14424132515e-10,1.5194597793e-11,4.04296715141e-08
1787.0,4.92051267671e-11,1.51817824595e-11,4.74867584665e-08
1788.0,2.60234162303e-11,1.51208969511e-11,4.52593231552e-08
1789.0,3.78593605594e-11,1.50608858655e-11,4.35071140549e-08
1790.0,6.04295827249e-11,1.50014886675e-11,4.21153969362e-08
1791.0,8.11105048511e-11,1.4942599211e-11,4.09643059792e-08
1792.0,1.00140403274e-10,1.48841383596e-11,3.99992994162e-08
1793.0,4.38508348331e-11,1.48321735478e-11,4.42405860399e-08
1794.0,2.63322648989e-11,1.47741594705e-11,4.24726444305e-08
1795.0,3.86568210633e-11,1.47165716588e-11,4.11626417105e-08
1796.0,5.68398725326e-11,1.46593628493e-11,4.0117824759e-08
1797.0,7.40989171168e-11,1.46024925754e-11,3.92763068096e-08
1798.0,8.96042933071e-11,1.45459469509e-11,3.85936422773e-08
1799.0,1.03890326669e-10,1.44897089479e-11,3.80302380285e-08
1800.0,4.19622040249e-11,1.44259449871e-11,4.51869713594e-08
1801.0,2.17771971648e-11,1.43708350221e-11,4.29740459263e-08
1802.0,3.87061073239e-11,1.43159163771e-11,4.12546087418e-08
1803.0,6.00406742721e-11,1.42612370971e-11,3.99015897309e-08
1804.0,7.91467967642e-11,1.42067894387e-11,3.8786669265e-08
1805.0,9.63676173703e-11,1.41526184383e-11,3.78639233973e-08
1806.0,1.11554067862e-10,1.40986859268e-11,3.7107769776e-08
1807.0,4.37901958958e-11,1.40694749122e-11,4.33622302626e-08
1808.0,2.07766905069e-11,1.4014586871e-11,4.12992232304e-08
1809.0,4.0141099523e-11,1.39602627254e-11,3.97458144119e-08
1810.0,6.53713170668e-11,1.39063854133e-11,3.8513856376e-08
1811.0,8.81224694547e-11,1.38528679871e-11,3.75058952331e-08
1812.0,1.08843163554e-10,1.37996945935e-11,3.66801798021e-08
1813.0,4.85455522643e-11,1.37826551622e-11,4.42112746059e-08
1814.0,2.33763412833e-11,1.3727993987e-11,4.21841364998e-08
1815.0,2.91627418731e-11,1.36740764896e-11,4.06417678683e-08
1816.0,4.75764150575e-11,1.36207189437e-11,3.94298738005e-08
1817.0,6.56567953952e-11,1.35677948531e-11,3.84487989041e-08
1818.0,8.16279804912e-11,1.35152590507e-11,3.76489253004e-08
1819.0,9.62050429902e-11,1.34630742831e-11,3.70010738658e-08
1820.0,1.09166846779e-10,1.34112766115e-11,3.64644027779e-08
1821.0,4.27393264637e-11,1.33671664632e-11,4.44286146148e-08
1822.0,2.34655656561e-11,1.3315539962e-11,4.25333406176e-08
1823.0,4.39917978e-11,1.32643597757e-11,4.10821213182e-08
1824.0,6.73739263873e-11,1.32136236853e-11,3.99387255253e-08
1825.0,9.03704173858e-11,1.31633464916e-11,3.9043405413e-08
1826.0,1.11153824722e-10,1.31134451215e-11,3.83037904863e-08
1827.0,4.57060368529e-11,1.30688432631e-11,4.41234757364e-08
1828.0,2.60444487314e-11,1.30188669741e-11,4.18999025092e-08
1829.0,4.13554008902e-11,1.29693225765e-11,4.01530863899e-08
1830.0,6.2216994402e-11,1.29202865363e-11,3.87809172296e-08
1831.0,8.14499360845e-11,1.28716450527e-11,3.76640508109e-08
1832.0,9.90549983346e-11,1.28233030122e-11,3.67397279069e-08
1833.0,1.14691153291e-10,1.27752248838e-11,3.59869086693e-08
1834.0,4.39699515273e-11,1.2763964008e-11,4.15457144053e-08
1835.0,2.19701513167e-11,1.27138348959e-11,3.93986540796e-08
1836.0,4.24348538062e-11,1.26645785719e-11,3.77977496155e-08
1837.0,6.78426782224e-11,1.26159782517e-11,3.65516776745e-08
1838.0,9.10812657084e-11,1.25678346588e-11,3.5561751913e-08
1839.0,1.11729680195e-10,1.25200976354e-11,3.47786173828e-08
1840.0,4.8936072209e-11,1.24713311891e-11,4.07992450832e-08
1841.0,2.97561134654e-11,1.24242506022e-11,3.84557454221e-08
1842.0,4.26483933171e-11,1.23774869866e-11,3.66640944718e-08
1843.0,6.18396720758e-11,1.23310074628e-11,3.52244045987e-08
1844.0,7.93668137404e-11,1.22847971137e-11,3.40761275687e-08
1845.0,9.42887308226e-11,1.22388632051e-11,3.31203618711e-08
1846.0,1.07610267961e-10,1.2193190629e-11,3.23378239247e-08
1847.0,4.1253528392e-11,1.21506324091e-11,3.96453734188e-08
1848.0,2.21113840765e-11,1.21051632924e-11,3.74150551683e-08
1849.0,4.16932811092e-11,1.20599602823e-11,3.57458914374e-08
1850.0,6.49311689793e-11,1.20150263222e-11,3.44699098269e-08
1851.0,8.54908307059e-11,1.19703364678e-11,3.34380737086e-08
1852.0,1.03323508655e-10,1.19258916527e-11,3.2601912175e-08
1853.0,4.36859020399e-11,1.18985083476e-11,3.87217202509e-08
1854.0,2.12325101188e-11,1.18534630107e-11,3.65381858965e-08
1855.0,3.16726416483e-11,1.18088897573e-11,3.48754758949e-08
1856.0,4.98810221276e-11,1.17646665873e-11,3.35684518191e-08
1857.0,6.61466425622e-11,1.17207614595e-11,3.25269858508e-08
1858.0,8.01418972261e-11,1.16771188659e-11,3.17022558323e-08
1859.0,9.20557171272e-11,1.16337307801e-11,3.10422425276e-08
1860.0,1.02136282851e-10,1.1590584325e-11,3.04959518414e-08
1861.0,3.66456323993e-11,1.15758639243e-11,3.81544494844e-08
1862.0,1.78347122881e-11,1.15317481871e-11,3.59891353294e-08
1863.0,4.10766344678e-11,1.14881718444e-11,3.43669481813e-08
1864.0,6.5290324251e-11,1.14449980025e-11,3.31139705045e-08
1865.0,8.60631529074e-11,1.14021562866e-11,3.21377972633e-08
1866.0,1.04116008436e-10,1.13596241131e-11,3.13693903329e-08
1867.0,4.40565037559e-11,1.13214975233e-11,3.95996968322e-08
1868.0,2.12956233633e-11,1.12790200982e-11,3.74551037957e-08
1869.0,3.27774322416e-11,1.12368937514e-11,3.57962054439e-08
1870.0,5.13344672203e-11,1.11950453443e-11,3.44869411687e-08
1871.0,6.81721433732e-11,1.11534631451e-11,3.34573619772e-08
1872.0,8.25952798212e-11,1.11121305317e-11,3.26223595765e-08
1873.0,9.52779241813e-11,1.10710143359e-11,3.19471766052e-08
1874.0,1.0633400985e-10,1.10301756389e-11,3.13964293932e-08
1875.0,3.92884878275e-11,1.09929989806e-11,3.81640338611e-08
1876.0,2.35782289963e-11,1.09525391476e-11,3.58896929565e-08
1877.0,4.65862790695e-11,1.09123976815e-11,3.42167971833e-08
1878.0,7.0095179846e-11,1.08725343827e-11,3.28987835017e-08
1879.0,9.13277381229e-11,1.08329400838e-11,3.18252416739e-08
1880.0,1.09890883015e-10,1.07935971159e-11,3.09624723743e-08
1881.0,4.46832980108e-11,1.07724973436e-11,3.73125304665e-08
1882.0,2.19178954872e-11,1.07323577223e-11,3.48685781831e-08
1883.0,3.57024462568e-11,1.0692693988e-11,3.30148741251e-08
1884.0,5.62163017191e-11,1.06533769436e-11,3.15718905842e-08
1885.0,7.4103619639e-11,1.06143698901e-11,3.03981195316e-08
1886.0,8.95482671947e-11,1.05756518665e-11,2.9449709155e-08
1887.0,1.03022467382e-10,1.05371808449e-11,2.86823852678e-08
1888.0,3.84560470353e-11,1.05095240931e-11,3.75883128156e-08
1889.0,1.89694942639e-11,1.04708166374e-11,3.54413526151e-08
1890.0,3.82355963307e-11,1.04324983711e-11,3.3883470013e-08
1891.0,6.06002193902e-11,1.03944923782e-11,3.26797105446e-08
1892.0,7.9712171097e-11,1.03567594539e-11,3.17263749531e-08
1893.0,9.66321636109e-11,1.03192936914e-11,3.09962650037e-08
1894.0,1.11134734063e-10,1.02820516473e-11,3.04113126303e-08
1895.0,4.19200903201e-11,1.02511645666e-11,3.75384387654e-08
1896.0,2.31273133754e-11,1.0213930516e-11,3.49044271973e-08
1897.0,4.33607733499e-11,1.01770077858e-11,3.29301373674e-08
1898.0,6.58751339536e-11,1.01403311592e-11,3.13850742832e-08
1899.0,8.52100972853e-11,1.01038952061e-11,3.01260562212e-08
1900.0,1.0194396452e-10,1.00676640902e-11,2.91188485326e-08
1901.0,4.15243058471e-11,1.00489266579e-11,3.46342828125e-08
1902.0,2.05917330684e-11,1.0011810506e-11,3.25414079577e-08
1903.0,3.3855739228e-11,9.97517023691e-12,3.09861437088e-08
1904.0,5.34341904533e-11,9.93886613905e-12,2.98050554088e-08
1905.0,7.02424225426e-11,9.90283652044e-12,2.88922016848e-08
1906.0,8.42108168792e-11,9.86705926534e-12,2.81593586417e-08
1907.0,9.60769255974e-11,9.83149851822e-12,2.75701851844e-08
1908.0,1.06280042155e-10,9.79615907737e-12,2.71029977984e-08
1909.0,4.02697677985e-11,9.76042388677e-12,3.83807531209e-08
1910.0,2.42152949719e-11,9.7254392791e-12,3.57982896856e-08
1911.0,4.52172778713e-11,9.69066555528e-12,3.38338246174e-08
1912.0,6.77865122629e-11,9.65609082205e-12,3.22792785827e-08
1913.0,8.65346352758e-11,9.62169400698e-12,3.10769646817e-08
1914.0,1.02591113921e-10,9.58748669883e-12,3.01202397162e-08
1915.0,4.3065041118e-11,9.55957792485e-12,3.35880449861e-08
1916.0,2.21389843036e-11,9.52531103565e-12,3.14059937829e-08
1917.0,3.29962511269e-11,9.49131913356e-12,2.98694969722e-08
1918.0,5.14693971633e-11,9.45756757119e-12,2.86854387372e-08
1919.0,6.75034216813e-11,9.42406094855e-12,2.77558432681e-08
1920.0,8.0942522408e-11,9.39080557833e-12,2.70415026961e-08
1921.0,9.18958122134e-11,9.35777987608e-12,2.64770965608e-08
1922.0,1.00979564241e-10,9.32495706162e-12,2.60171769001e-08
1923.0,3.58017180652e-11,9.30717785144e-12,3.5077741118e-08
1924.0,1.73462255657e-11,9.27347097987e-12,3.26739667427e-08
1925.0,3.98310173562e-11,9.24020415478e-12,3.08583772289e-08
1926.0,6.24602290522e-11,9.20727224172e-12,2.94284963395e-08
1927.0,8.11684985954e-11,9.17462628454e-12,2.83009940854e-08
1928.0,9.66602979339e-11,9.1422219455e-12,2.73988398725e-08
1929.0,1.10006222142e-10,9.11006421619e-12,2.66639102135e-08
1930.0,3.97156064302e-11,9.08233241077e-12,3.86783351123e-08
1931.0,2.08587936486e-11,9.05002469139e-12,3.63301407924e-08
1932.0,4.38474092033e-11,9.01812274591e-12,3.46250778607e-08
1933.0,6.73758136947e-11,8.98650158401e-12,3.3354561858e-08
1934.0,8.72389817291e-11,8.95511219263e-12,3.2355911686e-08
1935.0,1.05222696082e-10,8.92391746457e-12,3.15542783596e-08
1936.0,4.20511508445e-11,8.90900961187e-12,3.31831635633e-08
1937.0,2.01725411324e-11,8.87670635864e-12,3.07878278247e-08
1938.0,3.52476621471e-11,8.8449326958e-12,2.89676834318e-08
1939.0,5.4819054863e-11,8.81352396812e-12,2.75641653218e-08
1940.0,7.13221237903e-11,8.78241492859e-12,2.64597773757e-08
1941.0,8.47998745345e-11,8.75155843163e-12,2.55654495158e-08
1942.0,9.63892647582e-11,8.72094226685e-12,2.48561958019e-08
1943.0,1.06383289716e-10,8.69051971286e-12,2.42813456866e-08
1944.0,4.06886118201e-11,8.65940188243e-12,3.34208683982e-08
1945.0,2.38192866132e-11,8.62937651977e-12,3.09720308805e-08
1946.0,4.29886743932e-11,8.59951361108e-12,2.92078467849e-08
1947.0,6.51718346142e-11,8.56982024131e-12,2.79003397709e-08
1948.0,8.36978207349e-11,8.5402847464e-12,2.68946092735e-08
1949.0,9.91167321463e-11,8.51089107148e-12,2.60906098083e-08
1950.0,1.12406787144e-10,8.48165667871e-12,2.5456205822e-08
1951.0,4.71610985045e-11,8.45132003079e-12,3.41486049141e-08
1952.0,2.65486840082e-11,8.42235373933e-12,3.15026550659e-08
1953.0,4.16300339857e-11,8.3935422806e-12,2.95118924309e-08
1954.0,6.1989735509e-11,8.36487046233e-12,2.7951306104e-08
1955.0,7.95819331374e-11,8.33634926164e-12,2.67234824635e-08
1956.0,9.38641479561e-11,8.30796427608e-12,2.57726872548e-08
1957.0,1.0528196345e-10,8.27974238286e-12,2.5009262305e-08
1958.0,3.99443237026e-11,8.25713960316e-12,3.37337306595e-08
1959.0,1.89428273411e-11,8.22861397481e-12,3.11151663606e-08
1960.0,3.72089558456e-11,8.20042185455e-12,2.9323048941e-08
1961.0,5.86226644473e-11,8.17255284841e-12,2.80375229516e-08
1962.0,7.70342234609e-11,8.14488640963e-12,2.70523750328e-08
1963.0,9.19377713307e-11,8.11741413633e-12,2.62805804285e-08
1964.0,1.03990002047e-10,8.09013338382e-12,2.56766110798e-08
1965.0,3.80488346635e-11,8.08174063686e-12,3.24098880886e-08
1966.0,1.72333224078e-11,8.0529773177e-12,2.9936333545e-08
1967.0,3.77529377706e-11,8.02469053979e-12,2.81350158944e-08
1968.0,5.91640282141e-11,7.99678205448e-12,2.67490588591e-08
1969.0,7.7451091019e-11,7.96916108376e-12,2.56507434879e-08
1970.0,9.24579283123e-11,7.94187564003e-12,2.47714140704e-08
1971.0,1.04801954554e-10,7.91489835576e-12,2.40730454547e-08
1972.0,4.23291055271e-11,7.88672587134e-12,3.15068121717e-08
1973.0,2.49447790504e-11,7.86012937463e-12,2.90535127856e-08
1974.0,4.21832826645e-11,7.83372272618e-12,2.7338099289e-08
1975.0,6.18844705214e-11,7.80748340866e-12,2.60862721708e-08
1976.0,7.81254958788e-11,7.78139636785e-12,2.51298888888e-08
1977.0,9.13343398907e-11,7.75546849624e-12,2.43977663193e-08
1978.0,1.01939051512e-10,7.72970624122e-12,2.38364550747e-08
1979.0,4.08117964407e-11,7.70322958848e-12,3.41849086651e-08
1980.0,2.01813928946e-11,7.67764956551e-12,3.17401061779e-08
1981.0,3.53848795744e-11,7.65223507295e-12,2.99753776098e-08
1982.0,5.50997059428e-11,7.62694990972e-12,2.86169673567e-08
1983.0,7.20581595216e-11,7.60181191363e-12,2.75440855466e-08
1984.0,8.59986697442e-11,7.57679571431e-12,2.66932477218e-08
1985.0,9.73726186424e-11,7.55189250327e-12,2.60329776093e-08
1986.0,1.06772903621e-10,7.52712907995e-12,2.55098994789e-08
1987.0,3.64527829312e-11,7.50799824137e-12,3.21528083654e-08
1988.0,2.36274236865e-11,7.48313472705e-12,2.94930172607e-08
1989.0,4.88951061707e-11,7.45844174476e-12,2.75679211075e-08
1990.0,7.17723004348e-11,7.43391944344e-12,2.61710615737e-08
1991.0,9.08290984487e-11,7.40953285775e-12,2.51236129321e-08
1992.0,1.06917854798e-10,7.38528800001e-12,2.43380430333e-08
1993.0,4.28753299685e-11,7.37771931413e-12,2.98651290206e-08
1994.0,1.89593650822e-11,7.35204909214e-12,2.74486564278e-08
1995.0,3.35378981945e-11,7.32688516175e-12,2.56212068102e-08
1996.0,5.29894082171e-11,7.3020433716e-12,2.41982596432e-08
1997.0,6.96336343653e-11,7.27745907544e-12,2.31100589539e-08
1998.0,8.30103271994e-11,7.25311071726e-12,2.22455820646e-08
1999.0,9.38110118169e-11,7.22898388959e-12,2.15539812825e-08
2000.0,1.02976261305e-10,7.20505487949e-12,2.10139848335e-08
2001.0,3.52862404548e-11,7.17712678763e-12,3.62548691835e-08
2002.0,2.1895679953e-11,7.15363514582e-12,3.38069467646e-08
2003.0,4.70178259188e-11,7.13032409032e-12,3.21269972183e-08
2004.0,7.09312695753e-11,7.10721284869e-12,3.09153682606e-08
2005.0,9.0685333752e-11,7.08427532597e-12,2.99788055005e-08
2006.0,1.07816096067e-10,7.06148456462e-12,2.92845350377e-08
2007.0,4.55077852441e-11,7.0395658759e-12,2.97766951085e-08
2008.0,2.66734392006e-11,7.01705870014e-12,2.73576417751e-08
2009.0,4.02242584472e-11,6.99466649306e-12,2.55347730758e-08
2010.0,5.85192950969e-11,6.97240734769e-12,2.41199513942e-08
2011.0,7.43092875163e-11,6.95025953568e-12,2.30379168344e-08
2012.0,8.68953433045e-11,6.92822083398e-12,2.21715826169e-08
2013.0,9.69908760937e-11,6.9062854637e-12,2.14736690469e-08
2014.0,1.05227979846e-10,6.8844504371e-12,2.09261934209e-08
2015.0,3.80113479189e-11,6.86597338611e-12,3.13090448473e-08
2016.0,2.28861837444e-11,6.8442496025e-12,2.86680541742e-08
2017.0,4.56340154663e-11,6.82265585185e-12,2.67499048718e-08
2018.0,6.86705743108e-11,6.80117800361e-12,2.53472772719e-08
2019.0,8.80723728781e-11,6.77981158662e-12,2.43409328017e-08
2020.0,1.0403025645e-10,6.75855127378e-12,2.35933518017e-08
2021.0,4.02031852854e-11,6.7442637778e-12,3.15273490731e-08
2022.0,1.91458831527e-11,6.72187804322e-12,2.91583489217e-08
2023.0,3.53279281971e-11,6.69989940783e-12,2.74285800506e-08
2024.0,5.40270056496e-11,6.67820043153e-12,2.60983257827e-08
2025.0,7.02046825305e-11,6.65674853935e-12,2.50554768227e-08
2026.0,8.35013568843e-11,6.6354958921e-12,2.42398347298e-08
2027.0,9.45141010674e-11,6.61441945035e-12,2.36126612881e-08
2028.0,1.0377722271e-10,6.59353703688e-12,2.311265579e-08
2029.0,3.70789618015e-11,6.5717458368e-12,2.9811783122e-08
2030.0,2.08541933452e-11,6.55084956304e-12,2.72376932327e-08
2031.0,4.3355769717e-11,6.53015000661e-12,2.53489108339e-08
2032.0,6.54696309337e-11,6.50962530195e-12,2.39599247957e-08
2033.0,8.31389496558e-11,6.48926934304e-12,2.293998808e-08
2034.0,9.7582402741e-11,6.46910341228e-12,2.21536773685e-08
2035.0,1.10573463818e-10,6.44907159409e-12,2.15296089096e-08
2036.0,4.23800654251e-11,6.43153988471e-12,3.00592992756e-08
2037.0,2.2241444737e-11,6.41128970951e-12,2.743184401e-08
2038.0,4.11339940128e-11,6.3912777221e-12,2.5484630255e-08
2039.0,6.32847004617e-11,6.37146155345e-12,2.39735984558e-08
2040.0,8.20261649799e-11,6.35177238148e-12,2.27986318082e-08
2041.0,9.69578188643e-11,6.33221128883e-12,2.18416925538e-08
2042.0,1.09261067031e-10,6.31274710365e-12,2.1065316893e-08
2043.0,4.25485614697e-11,6.29443960161e-12,3.00701359679e-08
2044.0,2.33072709819e-11,6.27505519555e-12,2.73863327568e-08
2045.0,4.167746879e-11,6.25584043634e-12,2.54507025718e-08
2046.0,6.27694165381e-11,6.23674001078e-12,2.40431291008e-08
2047.0,8.06554929391e-11,6.21775678196e-12,2.30231422808e-08
2048.0,9.51051094406e-11,6.19887839728e-12,2.22329771883e-08
2049.0,1.06797210273e-10,6.18010409786e-12,2.16010715742e-08
2050.0,4.01448523165e-11,6.16344170261e-12,2.99651414873e-08
2051.0,1.94857958846e-11,6.14406946427e-12,2.73003597446e-08
2052.0,3.9010657321e-11,6.12500888519e-12,2.5344389983e-08
2053.0,6.0753839571e-11,6.10617636097e-12,2.38117507477e-08
2054.0,7.90428334789e-11,6.08752372278e-12,2.25959605649e-08
2055.0,9.36591471843e-11,6.06902434772e-12,2.16558995842e-08
2056.0,1.05316398188e-10,6.05067289198e-12,2.08993773763e-08
2057.0,4.11047528006e-11,6.03116300112e-12,2.81528891071e-08
2058.0,2.03669836629e-11,6.01270531322e-12,2.55020614347e-08
2059.0,3.75509441249e-11,5.99446198052e-12,2.36110765542e-08
2060.0,5.77962999096e-11,5.97636449137e-12,2.21987754984e-08
2061.0,7.50263205631e-11,5.95838659184e-12,2.11486022153e-08
2062.0,8.9097560957e-11,5.94053168718e-12,2.03567405366e-08
2063.0,1.00381354659e-10,5.92278382209e-12,1.97526406382e-08
2064.0,3.89222489256e-11,5.90476609532e-12,2.72156044313e-08
2065.0,1.8733833407e-11,5.88695689468e-12,2.46791338809e-08
2066.0,3.45440417544e-11,5.86934055349e-12,2.28486661092e-08
2067.0,5.38011126099e-11,5.85187150077e-12,2.14417302986e-08
2068.0,6.96923885303e-11,5.83451045562e-12,2.03333257209e-08
2069.0,8.28026635786e-11,5.81725053226e-12,1.94525630525e-08
2070.0,9.33282202592e-11,5.80009750371e-12,1.87674762501e-08
2071.0,1.01770648593e-10,5.78306883464e-12,1.82126406977e-08
2072.0,3.61915804846e-11,5.76840061052e-12,2.91842876777e-08
2073.0,1.87582824114e-11,5.75125473969e-12,2.65422634493e-08
2074.0,4.05271863126e-11,5.73429594942e-12,2.46247981937e-08
2075.0,6.2403964167e-11,5.7174697632e-12,2.32210726683e-08
2076.0,8.05636301601e-11,5.70076210487e-12,2.22028937339e-08
2077.0,9.51829068554e-11,5.68416890067e-12,2.1458647511e-08
2078.0,1.06944654971e-10,5.6677124479e-12,2.08704262193e-08
2079.0,4.02209028976e-11,5.65109747268e-12,2.7740683255e-08
2080.0,1.9611770303e-11,5.63412721416e-12,2.51050157257e-08
2081.0,3.92095835847e-11,5.61741566112e-12,2.31293094349e-08
2082.0,6.06779005254e-11,5.60090147887e-12,2.15998801038e-08
2083.0,7.87132257363e-11,5.58454411979e-12,2.04226528055e-08
2084.0,9.33790315305e-11,5.56831148666e-12,1.95144738256e-08
2085.0,1.0515848611e-10,5.55222405952e-12,1.87860363775e-08
2086.0,4.24790754926e-11,5.53445353235e-12,2.6468000642e-08
2087.0,2.13032154048e-11,5.51831154336e-12,2.38172825114e-08
2088.0,3.6110502921e-11,5.50233045381e-12,2.19153414774e-08
2089.0,5.59291236215e-11,5.48647347693e-12,2.05208372443e-08
2090.0,7.25912165164e-11,5.47072220428e-12,1.94877435626e-08
2091.0,8.59765643852e-11,5.45507315614e-12,1.87151863797e-08
2092.0,9.68851823024e-11,5.43951382344e-12,1.81158865276e-08
2093.0,1.05639852332e-10,5.42404125941e-12,1.76399944347e-08
2094.0,3.94937437614e-11,5.40861131962e-12,2.8453382879e-08
2095.0,1.99946464894e-11,5.39313089255e-12,2.57128278731e-08
2096.0,3.93566212829e-11,5.37779410189e-12,2.37577181974e-08
2097.0,6.05294789233e-11,5.36258771232e-12,2.22569599745e-08
2098.0,7.84369462287e-11,5.34751054665e-12,2.10737419309e-08
2099.0,9.29732759762e-11,5.33253977963e-12,2.01395798205e-08
2100.0,1.04683642051e-10,5.31766957802e-12,1.94198536278e-08
2101.0,4.13216008752e-11,5.30291974664e-12,2.60564275402e-08
2102.0,1.97343857099e-11,5.28766437247e-12,2.33727756176e-08
2103.0,3.49688296575e-11,5.27260950827e-12,2.14400454068e-08
2104.0,5.47909295212e-11,5.25772799736e-12,2.00243546369e-08
2105.0,7.08636090521e-11,5.24302338556e-12,1.89840033938e-08
2106.0,8.40828324176e-11,5.2284533214e-12,1.81972395073e-08
2107.0,9.47571630742e-11,5.21399041727e-12,1.7599906288e-08
2108.0,1.03248983641e-10,5.19961097362e-12,1.71377356867e-08
2109.0,3.87625704831e-11,5.18400673342e-12,2.59252165306e-08
2110.0,1.86411392921e-11,5.16947237839e-12,2.32756671458e-08
2111.0,3.69637128662e-11,5.15506907538e-12,2.1369043634e-08
2112.0,5.76871355866e-11,5.14078567575e-12,1.99133872193e-08
2113.0,7.47177217317e-11,5.1265998546e-12,1.8787825349e-08
2114.0,8.87318715872e-11,5.11248578973e-12,1.79198120561e-08
2115.0,9.99727909369e-11,5.09845139522e-12,1.72607685539e-08
2116.0,1.08942672545e-10,5.08454750973e-12,1.67264718567e-08
2117.0,4.20782974367e-11,5.0691629125e-12,2.68019931677e-08
2118.0,2.16171467328e-11,5.05532140673e-12,2.39536621992e-08
2119.0,4.00321739551e-11,5.04165158759e-12,2.19141228284e-08
2120.0,6.10520347212e-11,5.02809778215e-12,2.04047613175e-08
2121.0,7.84641414606e-11,5.01464291979e-12,1.92967617371e-08
2122.0,9.23517748192e-11,5.00123945081e-12,1.8489279083e-08
2123.0,1.03499624171e-10,4.98791457791e-12,1.78930723355e-08
2124.0,3.82507192002e-11,4.96990037939e-12,2.64380044641e-08
2125.0,1.67986319247e-11,4.95575686118e-12,2.38183761219e-08
2126.0,3.46987261897e-11,4.94187260903e-12,2.19046451971e-08
2127.0,5.50865206996e-11,4.92817915309e-12,2.04812413563e-08
2128.0,7.20329175147e-11,4.91464893843e-12,1.93818836456e-08
2129.0,8.56190503277e-11,4.90124329076e-12,1.85113662581e-08
2130.0,9.63561974061e-11,4.88795170985e-12,1.78308054718e-08
2131.0,1.0496631202e-10,4.8747495005e-12,1.7299844703e-08
2132.0,4.12371987274e-11,4.86183156029e-12,2.49196267204e-08
2133.0,2.0679262748e-11,4.84876879394e-12,2.21890627147e-08
2134.0,3.73714002729e-11,4.83579073137e-12,2.02260490605e-08
2135.0,5.74729092457e-11,4.82289365523e-12,1.87815242669e-08
2136.0,7.37702094305e-11,4.81009651197e-12,1.77386033497e-08
2137.0,8.70818512875e-11,4.79741499335e-12,1.69615605029e-08
2138.0,9.76060943438e-11,4.78483920572e-12,1.63897328049e-08
2139.0,1.06008396818e-10,4.77235523191e-12,1.59449271944e-08
2140.0,4.07676229154e-11,4.75943182991e-12,2.51088323003e-08
2141.0,1.98852945434e-11,4.74695647549e-12,2.24183854933e-08
2142.0,3.71503149364e-11,4.73458765861e-12,2.04818702761e-08
2143.0,5.78552981059e-11,4.72231097181e-12,1.9008998402e-08
2144.0,7.45425754967e-11,4.71013777205e-12,1.78645289195e-08
2145.0,8.8379453778e-11,4.69803718282e-12,1.69860580741e-08
2146.0,9.95176097902e-11,4.68602411778e-12,1.63218092656e-08
2147.0,1.08442776826e-10,4.67409487383e-12,1.57876626997e-08
2148.0,4.02019658853e-11,4.6590441202e-12,2.66824725632e-08
2149.0,2.05932724411e-11,4.64699744022e-12,2.38333204073e-08
2150.0,4.05972420186e-11,4.63508210259e-12,2.18001670979e-08
2151.0,6.18804763951e-11,4.62327289505e-12,2.02927686066e-08
2152.0,7.94349340101e-11,4.61158118796e-12,1.91880413141e-08
2153.0,9.33919587758e-11,4.59995793147e-12,1.84049908256e-08
2154.0,1.04598581534e-10,4.58840580209e-12,1.78284382855e-08
2155.0,3.75087571619e-11,4.56651352292e-12,2.49944855216e-08
2156.0,1.62036397633e-11,4.55385708436e-12,2.2275054929e-08
2157.0,3.61183795468e-11,4.54149550218e-12,2.03190747946e-08
2158.0,5.7158771599e-11,4.52932383856e-12,1.88202169359e-08
2159.0,7.4503140613e-11,4.51729070345e-12,1.76610367714e-08
2160.0,8.81639223264e-11,4.50538654123e-12,1.67524355954e-08
2161.0,9.90762658061e-11,4.49359396421e-12,1.60503224114e-08
2162.0,1.07741046999e-10,4.48190174926e-12,1.54854178424e-08
2163.0,4.14194085265e-11,4.47013686272e-12,2.4577705729e-08
2164.0,2.04300849102e-11,4.45867977502e-12,2.17423002007e-08
2165.0,3.85778978538e-11,4.44729524013e-12,1.9675007919e-08
2166.0,5.95388426049e-11,4.43598048111e-12,1.81349323581e-08
2167.0,7.70220682e-11,4.42475327307e-12,1.69958178054e-08
2168.0,9.08533253055e-11,4.41363334637e-12,1.61770797586e-08
2169.0,1.01868377007e-10,4.40259734535e-12,1.55602952899e-08
2170.0,4.11454223087e-11,4.39295701177e-12,2.33587371603e-08
2171.0,2.01978544864e-11,4.38214808838e-12,2.0823882972e-08
2172.0,3.2157936596e-11,4.37142809564e-12,1.89833280042e-08
2173.0,5.01111113272e-11,4.3607796818e-12,1.76029567263e-08
2174.0,6.50917756091e-11,4.3502146272e-12,1.6538078532e-08
2175.0,7.70637068816e-11,4.33971668872e-12,1.5708844022e-08
2176.0,8.6871304143e-11,4.32927144546e-12,1.50709457974e-08
2177.0,9.47116685551e-11,4.31889454404e-12,1.4565419918e-08
2178.0,1.00973939385e-10,4.30857584148e-12,1.41573123169e-08
2179.0,3.662954095e-11,4.29575416367e-12,2.48655364873e-08
2180.0,1.88620659205e-11,4.28539310713e-12,2.21114414115e-08
2181.0,3.84708609743e-11,4.27511452548e-12,2.01319781698e-08
2182.0,5.88761637645e-11,4.26491823045e-12,1.86637297033e-08
2183.0,7.56427926924e-11,4.2548005064e-12,1.75809105026e-08
2184.0,8.9040187208e-11,4.24474778502e-12,1.67926532734e-08
2185.0,9.98002651519e-11,4.23475903219e-12,1.62225548011e-08
2186.0,1.08339604298e-10,4.22483330247e-12,1.57805833823e-08
2187.0,3.70073079818e-11,4.20550439786e-12,2.47003628463e-08
2188.0,1.83660023283e-11,4.19472270395e-12,2.18273767411e-08
2189.0,4.24620952714e-11,4.18415341914e-12,1.97426031158e-08
2190.0,6.58726204093e-11,4.17372963317e-12,1.81522704544e-08
2191.0,8.49016795983e-11,4.16341665261e-12,1.69139841694e-08
2192.0,1.00012798353e-10,4.15320050253e-12,1.59642380884e-08
2193.0,4.19937893858e-11,4.13705273132e-12,2.20295998445e-08
2194.0,2.08735653105e-11,4.12683563079e-12,1.95836975347e-08
2195.0,2.89167300546e-11,4.11678158914e-12,1.78303148791e-08
2196.0,4.44980396362e-11,4.10683627294e-12,1.65375991059e-08
2197.0,5.81694345212e-11,4.09698828004e-12,1.55927900014e-08
2198.0,6.94650876971e-11,4.0872371469e-12,1.49031055874e-08
2199.0,7.85135990018e-11,4.07755182634e-12,1.43979155813e-08
2200.0,8.56331407824e-11,4.06795911358e-12,1.39992249174e-08
2201.0,9.13615353055e-11,4.05843039281e-12,1.36801952332e-08
2202.0,9.59495343407e-11,4.04895414973e-12,1.34332312604e-08
2203.0,9.96209208599e-11,4.03952862316e-12,1.32319977823e-08
2204.0,1.02642671301e-10,4.0301528434e-12,1.30671961126e-08
2205.0,3.30003427842e-11,4.01667608954e-12,2.55045185589e-08
2206.0,2.05748393806e-11,4.00700470876e-12,2.26715055116e-08
2207.0,4.75437306457e-11,3.99745870403e-12,2.05274393839e-08
2208.0,7.18838901493e-11,3.98799703744e-12,1.8876396711e-08
2209.0,9.12067253187e-11,3.9786063164e-12,1.76237307061e-08
2210.0,1.06604015611e-10,3.96926312751e-12,1.66218255137e-08
2211.0,4.66476422083e-11,3.95705869899e-12,2.2826087611e-08
2212.0,2.51596826871e-11,3.94765956857e-12,2.01980002477e-08
2213.0,3.27219560474e-11,3.9383939274e-12,1.8306578124e-08
2214.0,4.87771763008e-11,3.92920596782e-12,1.68966971796e-08
2215.0,6.35301784887e-11,3.920079732e-12,1.58364685096e-08
2216.0,7.5835934455e-11,3.91101873981e-12,1.5062079091e-08
2217.0,8.59630349441e-11,3.90197918816e-12,1.44914591608e-08
2218.0,9.39710728064e-11,3.89299052287e-12,1.40415108334e-08
2219.0,1.00312301625e-10,3.88403163136e-12,1.36787106472e-08
2220.0,3.50297387526e-11,3.87189489459e-12,2.30621721246e-08
2221.0,1.89896128304e-11,3.86251113466e-12,2.03254433948e-08
2222.0,4.05878227242e-11,3.85328095915e-12,1.83676287424e-08
2223.0,6.19385299955e-11,3.84417555895e-12,1.68722580548e-08
2224.0,7.97708823315e-11,3.83517238327e-12,1.56982279394e-08
2225.0,9.40163998488e-11,3.82624612529e-12,1.47701847908e-08
2226.0,1.05398139789e-10,3.81738506828e-12,1.40421993501e-08
2227.0,4.20930178113e-11,3.80124101273e-12,2.31070749503e-08
2228.0,2.05439000794e-11,3.79233494364e-12,2.03532896672e-08
2229.0,3.50486857152e-11,3.78352404089e-12,1.83532885785e-08
2230.0,5.49342327733e-11,3.77477420178e-12,1.68518479811e-08
2231.0,7.1061061422e-11,3.76607424082e-12,1.5700312034e-08
2232.0,8.44296933264e-11,3.75741555203e-12,1.48234192726e-08
2233.0,9.52222927891e-11,3.74878125723e-12,1.41834969782e-08
2234.0,1.03811618151e-10,3.74018805973e-12,1.37096483425e-08
2235.0,3.97398803572e-11,3.7277483517e-12,2.3273032578e-08
2236.0,1.92103759132e-11,3.7190622979e-12,2.05576204742e-08
2237.0,3.68315360309e-11,3.71046378e-12,1.86040780396e-08
2238.0,5.72739296532e-11,3.70193525218e-12,1.71185444835e-08
2239.0,7.39565480425e-11,3.69343791463e-12,1.59675454365e-08
2240.0,8.77639326205e-11,3.68496833366e-12,1.50613651422e-08
2241.0,9.88991044739e-11,3.67652628336e-12,1.43629606385e-08
2242.0,1.07766827388e-10,3.66810775021e-12,1.38011316687e-08
2243.0,4.08361176632e-11,3.65668846752e-12,2.30410618e-08
2244.0,2.0133070677e-11,3.64822229263e-12,2.01388296279e-08
2245.0,3.89528412382e-11,3.63985375981e-12,1.80432900331e-08
2246.0,6.0375150191e-11,3.63152649747e-12,1.64334742789e-08
2247.0,7.80078761458e-11,3.62321766952e-12,1.52125309902e-08
2248.0,9.22420349175e-11,3.61493130117e-12,1.43167809722e-08
2249.0,1.0381347124e-10,3.60667548304e-12,1.36790702517e-08
2250.0,4.21333885024e-11,3.59276905157e-12,2.14639556557e-08
2251.0,2.06960152713e-11,3.58442959141e-12,1.88690453044e-08
2252.0,3.28038276049e-11,3.57618893209e-12,1.69613752058e-08
2253.0,5.12425925947e-11,3.56800811319e-12,1.55470308246e-08
2254.0,6.6752357171e-11,3.55985024836e-12,1.44465312216e-08
2255.0,7.93578465794e-11,3.55172411346e-12,1.35892209756e-08
2256.0,8.96098883653e-11,3.54361274916e-12,1.2914983599e-08
2257.0,9.77426603803e-11,3.53553499311e-12,1.23877913537e-08
2258.0,1.0429578929e-10,3.52746306699e-12,1.19599813392e-08
2259.0,3.77927247391e-11,3.51384178484e-12,2.34421957787e-08
2260.0,1.90552224691e-11,3.50580190909e-12,2.0558850944e-08
2261.0,3.96185282893e-11,3.49781451439e-12,1.84613792773e-08
2262.0,6.0910643668e-11,3.48984165852e-12,1.68815195237e-08
2263.0,7.85944856818e-11,3.48189746618e-12,1.56856926108e-08
2264.0,9.27695081419e-11,3.47395950956e-12,1.47851129467e-08
2265.0,1.04132047714e-10,3.46605959052e-12,1.4124222802e-08
2266.0,4.26219768541e-11,3.45499772046e-12,2.13145043713e-08
2267.0,2.10653440406e-11,3.44709123272e-12,1.87443471217e-08
2268.0,3.23018476059e-11,3.4392143096e-12,1.68492669106e-08
2269.0,5.03178538892e-11,3.43137046093e-12,1.54567179479e-08
2270.0,6.54818394012e-11,3.42355521137e-12,1.43735353203e-08
2271.0,7.75210554616e-11,3.41576490883e-12,1.35276725729e-08
2272.0,8.75315360846e-11,3.40799369998e-12,1.28640274264e-08
2273.0,9.5441703144e-11,3.40024276534e-12,1.23523683313e-08
2274.0,1.01691763325e-10,3.39252490349e-12,1.1938585367e-08
2275.0,3.77585175552e-11,3.38302820129e-12,2.13623248501e-08
2276.0,1.84152777025e-11,3.37533659419e-12,1.85684481516e-08
2277.0,3.67365125438e-11,3.36767012404e-12,1.65631826061e-08
2278.0,,3.36002774334e-12,
